ticket_id,title,description,repeat_steps,title_processed,steps_processed,desc_processed,enhanced_text,hardware_module,platform_count,procedure_count,sequence_complexity
MTK-1000,MTK: modem failure : ro.mediatek.platform,The modem module on ro.product.board encountered a bootloop during routine testing. Logs suggest a hardware exception.,connect to adb → enter bootloader → flash vbmeta,"{'text': 'error_failure failure modem mtk platform_ro.mediatek.platform tech_mtk', 'platforms': ['ro.mediatek.platform'], 'codes': [], 'hw_module': 'unknown', 'tech_keywords': ['error_failure', 'tech_mtk']}","{'text': 'adb bootloader connect enter flash to vbmeta', 'procedures': [], 'sequence_length': 2}","{'text': 'bootloop encounter error_encountered error_exception exception hardware log modem module module_ro.product.board platform_ro.product.board routine suggest testing', 'platforms': ['ro.product.board'], 'codes': [], 'hw_module': 'ro.product.board', 'tech_keywords': ['error_encountered', 'error_exception'], 'token_count': 14}",[TITLE] error_failure failure modem mtk platform_ro.mediatek.platform tech_mtk [STEPS] adb bootloader connect enter flash to vbmeta [DESC] bootloop encounter error_encountered error_exception exception hardware log modem module module_ro.product.board platform_ro.product.board routine suggest testing [PLATFORM] ro.mediatek.platform [SEQ_LEN] 2,unknown,1,0,2
MTK-1001,Error: audio not responding - ro.board.platform,The camera module on ro.product.board encountered a no boot during routine testing. Logs suggest a hardware exception.,reboot device → enable developer mode → connect to adb,"{'text': 'audio error error_error module_ro.board.platform not platform_ro.board.platform responding', 'platforms': ['ro.board.platform'], 'codes': [], 'hw_module': 'ro.board.platform', 'tech_keywords': ['error_error']}","{'text': 'adb connect developer device enable mode proc_reboot reboot to', 'procedures': ['proc_reboot'], 'sequence_length': 2}","{'text': 'boot camera encounter error_encountered error_exception exception hardware log module module_ro.product.board platform_ro.product.board routine suggest testing', 'platforms': ['ro.product.board'], 'codes': [], 'hw_module': 'ro.product.board', 'tech_keywords': ['error_encountered', 'error_exception'], 'token_count': 14}",[TITLE] audio error error_error module_ro.board.platform not platform_ro.board.platform responding [STEPS] adb connect developer device enable mode proc_reboot reboot to [DESC] boot camera encounter error_encountered error_exception exception hardware log module module_ro.product.board platform_ro.product.board routine suggest testing [MODULE] ro.board.platform [PLATFORM] ro.board.platform [SEQ_LEN] 2,ro.board.platform,1,1,2
MTK-1002,MTK: modem failure : ro.mediatek.platform,The modem module on ro.board.platform encountered a no boot during routine testing. Logs suggest a hardware exception.,enable developer mode → run logcat → flash firmware,"{'text': 'error_failure failure modem mtk platform_ro.mediatek.platform tech_mtk', 'platforms': ['ro.mediatek.platform'], 'codes': [], 'hw_module': 'unknown', 'tech_keywords': ['error_failure', 'tech_mtk']}","{'text': 'developer enable firmware flash logcat mode proc_run logcat run', 'procedures': ['proc_run logcat'], 'sequence_length': 2}","{'text': 'boot encounter error_encountered error_exception exception hardware log modem module module_ro.board.platform platform_ro.board.platform routine suggest testing', 'platforms': ['ro.board.platform'], 'codes': [], 'hw_module': 'ro.board.platform', 'tech_keywords': ['error_encountered', 'error_exception'], 'token_count': 14}",[TITLE] error_failure failure modem mtk platform_ro.mediatek.platform tech_mtk [STEPS] developer enable firmware flash logcat mode proc_run logcat run [DESC] boot encounter error_encountered error_exception exception hardware log modem module module_ro.board.platform platform_ro.board.platform routine suggest testing [PLATFORM] ro.mediatek.platform [SEQ_LEN] 2,unknown,1,1,2
MTK-1003,MTK Crash Log - modem,The camera module on ro.board.platform encountered a device crash during routine testing. Logs suggest a hardware exception.,flash firmware → flash firmware → run logcat,"{'text': 'crash log modem mtk tech_mtk', 'platforms': [], 'codes': [], 'hw_module': 'unknown', 'tech_keywords': ['tech_mtk']}","{'text': 'firmware flash logcat proc_run logcat run', 'procedures': ['proc_run logcat'], 'sequence_length': 2}","{'text': 'camera crash device encounter error_encountered error_exception exception hardware log module module_ro.board.platform platform_ro.board.platform routine suggest testing', 'platforms': ['ro.board.platform'], 'codes': [], 'hw_module': 'ro.board.platform', 'tech_keywords': ['error_encountered', 'error_exception'], 'token_count': 15}",[TITLE] crash log modem mtk tech_mtk [STEPS] firmware flash logcat proc_run logcat run [DESC] camera crash device encounter error_encountered error_exception exception hardware log module module_ro.board.platform platform_ro.board.platform routine suggest testing [SEQ_LEN] 2,unknown,0,1,2
MTK-1004,Critical Failure: touchscreen - MTK Flag: ro.product.board,The touchscreen module on ro.mediatek.platform encountered a device crash during routine testing. Logs suggest a hardware exception.,enable developer mode → enable developer mode → run logcat,"{'text': 'critical error_failure failure flag module_ro.product.board mtk platform_ro.product.board tech_mtk touchscreen', 'platforms': ['ro.product.board'], 'codes': [], 'hw_module': 'ro.product.board', 'tech_keywords': ['error_failure', 'tech_mtk']}","{'text': 'developer enable logcat mode proc_run logcat run', 'procedures': ['proc_run logcat'], 'sequence_length': 2}","{'text': 'crash device encounter error_encountered error_exception exception hardware log module module_hardware platform_ro.mediatek.platform routine suggest testing touchscreen', 'platforms': ['ro.mediatek.platform'], 'codes': [], 'hw_module': 'hardware', 'tech_keywords': ['error_encountered', 'error_exception'], 'token_count': 15}",[TITLE] critical error_failure failure flag module_ro.product.board mtk platform_ro.product.board tech_mtk touchscreen [STEPS] developer enable logcat mode proc_run logcat run [DESC] crash device encounter error_encountered error_exception exception hardware log module module_hardware platform_ro.mediatek.platform routine suggest testing touchscreen [MODULE] ro.product.board [PLATFORM] ro.product.board [SEQ_LEN] 2,ro.product.board,1,1,2
MTK-1005,MTK Crash Log - modem,The display module on ro.mediatek.platform encountered a device crash during routine testing. Logs suggest a hardware exception.,reboot device → enable developer mode → enable developer mode,"{'text': 'crash log modem mtk tech_mtk', 'platforms': [], 'codes': [], 'hw_module': 'unknown', 'tech_keywords': ['tech_mtk']}","{'text': 'developer device enable mode proc_reboot reboot', 'procedures': ['proc_reboot'], 'sequence_length': 2}","{'text': 'crash device display encounter error_encountered error_exception exception hardware log module module_hardware platform_ro.mediatek.platform routine suggest testing', 'platforms': ['ro.mediatek.platform'], 'codes': [], 'hw_module': 'hardware', 'tech_keywords': ['error_encountered', 'error_exception'], 'token_count': 15}",[TITLE] crash log modem mtk tech_mtk [STEPS] developer device enable mode proc_reboot reboot [DESC] crash device display encounter error_encountered error_exception exception hardware log module module_hardware platform_ro.mediatek.platform routine suggest testing [SEQ_LEN] 2,unknown,0,1,2
MTK-1006,Critical Failure: touchscreen - MTK Flag: ro.product.board,The modem module on ro.board.platform encountered a screen freeze during routine testing. Logs suggest a hardware exception.,run logcat → enter bootloader → connect to adb,"{'text': 'critical error_failure failure flag module_ro.product.board mtk platform_ro.product.board tech_mtk touchscreen', 'platforms': ['ro.product.board'], 'codes': [], 'hw_module': 'ro.product.board', 'tech_keywords': ['error_failure', 'tech_mtk']}","{'text': 'adb bootloader connect enter logcat proc_run logcat run to', 'procedures': ['proc_run logcat'], 'sequence_length': 2}","{'text': 'encounter error_encountered error_exception exception freeze hardware log modem module module_ro.board.platform platform_ro.board.platform routine screen suggest testing', 'platforms': ['ro.board.platform'], 'codes': [], 'hw_module': 'ro.board.platform', 'tech_keywords': ['error_encountered', 'error_exception'], 'token_count': 15}",[TITLE] critical error_failure failure flag module_ro.product.board mtk platform_ro.product.board tech_mtk touchscreen [STEPS] adb bootloader connect enter logcat proc_run logcat run to [DESC] encounter error_encountered error_exception exception freeze hardware log modem module module_ro.board.platform platform_ro.board.platform routine screen suggest testing [MODULE] ro.product.board [PLATFORM] ro.product.board [SEQ_LEN] 2,ro.product.board,1,1,2
MTK-1007,Error: audio not responding - ro.board.platform,The camera module on ro.product.board encountered a screen freeze during routine testing. Logs suggest a hardware exception.,enter bootloader → connect to adb → enter bootloader,"{'text': 'audio error error_error module_ro.board.platform not platform_ro.board.platform responding', 'platforms': ['ro.board.platform'], 'codes': [], 'hw_module': 'ro.board.platform', 'tech_keywords': ['error_error']}","{'text': 'adb bootloader connect enter to', 'procedures': [], 'sequence_length': 2}","{'text': 'camera encounter error_encountered error_exception exception freeze hardware log module module_ro.product.board platform_ro.product.board routine screen suggest testing', 'platforms': ['ro.product.board'], 'codes': [], 'hw_module': 'ro.product.board', 'tech_keywords': ['error_encountered', 'error_exception'], 'token_count': 15}",[TITLE] audio error error_error module_ro.board.platform not platform_ro.board.platform responding [STEPS] adb bootloader connect enter to [DESC] camera encounter error_encountered error_exception exception freeze hardware log module module_ro.product.board platform_ro.product.board routine screen suggest testing [MODULE] ro.board.platform [PLATFORM] ro.board.platform [SEQ_LEN] 2,ro.board.platform,1,0,2
MTK-1008,MTK: Device Failure,The bluetooth module on ro.board.platform encountered a no audio during routine testing. Logs suggest a hardware exception.,run logcat → enable developer mode → run logcat,"{'text': 'device error_failure failure module_device mtk tech_mtk', 'platforms': [], 'codes': [], 'hw_module': 'device', 'tech_keywords': ['error_failure', 'tech_mtk']}","{'text': 'developer enable logcat mode proc_run logcat run', 'procedures': ['proc_run logcat'], 'sequence_length': 2}","{'text': 'audio bluetooth encounter error_encountered error_exception exception hardware log module module_ro.board.platform platform_ro.board.platform routine suggest testing', 'platforms': ['ro.board.platform'], 'codes': [], 'hw_module': 'ro.board.platform', 'tech_keywords': ['error_encountered', 'error_exception'], 'token_count': 14}",[TITLE] device error_failure failure module_device mtk tech_mtk [STEPS] developer enable logcat mode proc_run logcat run [DESC] audio bluetooth encounter error_encountered error_exception exception hardware log module module_ro.board.platform platform_ro.board.platform routine suggest testing [MODULE] device [SEQ_LEN] 2,device,0,1,2
MTK-1009,MTK: modem failure : ro.mediatek.platform,The wifi module on ro.product.board encountered a screen freeze during routine testing. Logs suggest a hardware exception.,run logcat → reboot device → reboot device,"{'text': 'error_failure failure modem mtk platform_ro.mediatek.platform tech_mtk', 'platforms': ['ro.mediatek.platform'], 'codes': [], 'hw_module': 'unknown', 'tech_keywords': ['error_failure', 'tech_mtk']}","{'text': 'device logcat proc_reboot proc_run logcat reboot run', 'procedures': ['proc_reboot', 'proc_run logcat'], 'sequence_length': 2}","{'text': 'encounter error_encountered error_exception exception freeze hardware log module module_ro.product.board platform_ro.product.board routine screen suggest tech_wifi testing wifi', 'platforms': ['ro.product.board'], 'codes': [], 'hw_module': 'ro.product.board', 'tech_keywords': ['error_encountered', 'tech_wifi', 'error_exception'], 'token_count': 16}",[TITLE] error_failure failure modem mtk platform_ro.mediatek.platform tech_mtk [STEPS] device logcat proc_reboot proc_run logcat reboot run [DESC] encounter error_encountered error_exception exception freeze hardware log module module_ro.product.board platform_ro.product.board routine screen suggest tech_wifi testing wifi [PLATFORM] ro.mediatek.platform [SEQ_LEN] 2,unknown,1,2,2
MTK-1010,MTK: Device Failure,The modem module on ro.product.board encountered a no audio during routine testing. Logs suggest a hardware exception.,enable developer mode → enter bootloader → run logcat,"{'text': 'device error_failure failure module_device mtk tech_mtk', 'platforms': [], 'codes': [], 'hw_module': 'device', 'tech_keywords': ['error_failure', 'tech_mtk']}","{'text': 'bootloader developer enable enter logcat mode proc_run logcat run', 'procedures': ['proc_run logcat'], 'sequence_length': 2}","{'text': 'audio encounter error_encountered error_exception exception hardware log modem module module_ro.product.board platform_ro.product.board routine suggest testing', 'platforms': ['ro.product.board'], 'codes': [], 'hw_module': 'ro.product.board', 'tech_keywords': ['error_encountered', 'error_exception'], 'token_count': 14}",[TITLE] device error_failure failure module_device mtk tech_mtk [STEPS] bootloader developer enable enter logcat mode proc_run logcat run [DESC] audio encounter error_encountered error_exception exception hardware log modem module module_ro.product.board platform_ro.product.board routine suggest testing [MODULE] device [SEQ_LEN] 2,device,0,1,2
MTK-1011,MTK: modem failure : ro.mediatek.platform,The display module on ro.board.platform encountered a no boot during routine testing. Logs suggest a hardware exception.,enter bootloader → reboot device → enable developer mode,"{'text': 'error_failure failure modem mtk platform_ro.mediatek.platform tech_mtk', 'platforms': ['ro.mediatek.platform'], 'codes': [], 'hw_module': 'unknown', 'tech_keywords': ['error_failure', 'tech_mtk']}","{'text': 'bootloader developer device enable enter mode proc_reboot reboot', 'procedures': ['proc_reboot'], 'sequence_length': 2}","{'text': 'boot display encounter error_encountered error_exception exception hardware log module module_ro.board.platform platform_ro.board.platform routine suggest testing', 'platforms': ['ro.board.platform'], 'codes': [], 'hw_module': 'ro.board.platform', 'tech_keywords': ['error_encountered', 'error_exception'], 'token_count': 14}",[TITLE] error_failure failure modem mtk platform_ro.mediatek.platform tech_mtk [STEPS] bootloader developer device enable enter mode proc_reboot reboot [DESC] boot display encounter error_encountered error_exception exception hardware log module module_ro.board.platform platform_ro.board.platform routine suggest testing [PLATFORM] ro.mediatek.platform [SEQ_LEN] 2,unknown,1,1,2
MTK-1012,Critical Failure: touchscreen - MTK Flag: ro.product.board,The bluetooth module on ro.mediatek.platform encountered a device crash during routine testing. Logs suggest a hardware exception.,enable developer mode → enable developer mode → reboot device,"{'text': 'critical error_failure failure flag module_ro.product.board mtk platform_ro.product.board tech_mtk touchscreen', 'platforms': ['ro.product.board'], 'codes': [], 'hw_module': 'ro.product.board', 'tech_keywords': ['error_failure', 'tech_mtk']}","{'text': 'developer device enable mode proc_reboot reboot', 'procedures': ['proc_reboot'], 'sequence_length': 2}","{'text': 'bluetooth crash device encounter error_encountered error_exception exception hardware log module module_hardware platform_ro.mediatek.platform routine suggest testing', 'platforms': ['ro.mediatek.platform'], 'codes': [], 'hw_module': 'hardware', 'tech_keywords': ['error_encountered', 'error_exception'], 'token_count': 15}",[TITLE] critical error_failure failure flag module_ro.product.board mtk platform_ro.product.board tech_mtk touchscreen [STEPS] developer device enable mode proc_reboot reboot [DESC] bluetooth crash device encounter error_encountered error_exception exception hardware log module module_hardware platform_ro.mediatek.platform routine suggest testing [MODULE] ro.product.board [PLATFORM] ro.product.board [SEQ_LEN] 2,ro.product.board,1,1,2
MTK-1013,MTK: modem failure : ro.mediatek.platform,The camera module on ro.mediatek.platform encountered a screen freeze during routine testing. Logs suggest a hardware exception.,run logcat → flash firmware → connect to adb,"{'text': 'error_failure failure modem mtk platform_ro.mediatek.platform tech_mtk', 'platforms': ['ro.mediatek.platform'], 'codes': [], 'hw_module': 'unknown', 'tech_keywords': ['error_failure', 'tech_mtk']}","{'text': 'adb connect firmware flash logcat proc_run logcat run to', 'procedures': ['proc_run logcat'], 'sequence_length': 2}","{'text': 'camera encounter error_encountered error_exception exception freeze hardware log module module_hardware platform_ro.mediatek.platform routine screen suggest testing', 'platforms': ['ro.mediatek.platform'], 'codes': [], 'hw_module': 'hardware', 'tech_keywords': ['error_encountered', 'error_exception'], 'token_count': 15}",[TITLE] error_failure failure modem mtk platform_ro.mediatek.platform tech_mtk [STEPS] adb connect firmware flash logcat proc_run logcat run to [DESC] camera encounter error_encountered error_exception exception freeze hardware log module module_hardware platform_ro.mediatek.platform routine screen suggest testing [PLATFORM] ro.mediatek.platform [SEQ_LEN] 2,unknown,1,1,2
MTK-1014,MTK Crash Log - modem,The camera module on ro.board.platform encountered a device crash during routine testing. Logs suggest a hardware exception.,reboot device → connect to adb → reboot device,"{'text': 'crash log modem mtk tech_mtk', 'platforms': [], 'codes': [], 'hw_module': 'unknown', 'tech_keywords': ['tech_mtk']}","{'text': 'adb connect device proc_reboot reboot to', 'procedures': ['proc_reboot'], 'sequence_length': 2}","{'text': 'camera crash device encounter error_encountered error_exception exception hardware log module module_ro.board.platform platform_ro.board.platform routine suggest testing', 'platforms': ['ro.board.platform'], 'codes': [], 'hw_module': 'ro.board.platform', 'tech_keywords': ['error_encountered', 'error_exception'], 'token_count': 15}",[TITLE] crash log modem mtk tech_mtk [STEPS] adb connect device proc_reboot reboot to [DESC] camera crash device encounter error_encountered error_exception exception hardware log module module_ro.board.platform platform_ro.board.platform routine suggest testing [SEQ_LEN] 2,unknown,0,1,2
MTK-1015,MTK Crash Log - modem,The wifi module on ro.mediatek.platform encountered a no boot during routine testing. Logs suggest a hardware exception.,enter bootloader → enter bootloader → enable developer mode,"{'text': 'crash log modem mtk tech_mtk', 'platforms': [], 'codes': [], 'hw_module': 'unknown', 'tech_keywords': ['tech_mtk']}","{'text': 'bootloader developer enable enter mode', 'procedures': [], 'sequence_length': 2}","{'text': 'boot encounter error_encountered error_exception exception hardware log module module_hardware platform_ro.mediatek.platform routine suggest tech_wifi testing wifi', 'platforms': ['ro.mediatek.platform'], 'codes': [], 'hw_module': 'hardware', 'tech_keywords': ['error_encountered', 'tech_wifi', 'error_exception'], 'token_count': 15}",[TITLE] crash log modem mtk tech_mtk [STEPS] bootloader developer enable enter mode [DESC] boot encounter error_encountered error_exception exception hardware log module module_hardware platform_ro.mediatek.platform routine suggest tech_wifi testing wifi [SEQ_LEN] 2,unknown,0,0,2
MTK-1016,Error: audio not responding - ro.board.platform,The touchscreen module on ro.board.platform encountered a unexpected shutdown during routine testing. Logs suggest a hardware exception.,run logcat → enter bootloader → enable developer mode,"{'text': 'audio error error_error module_ro.board.platform not platform_ro.board.platform responding', 'platforms': ['ro.board.platform'], 'codes': [], 'hw_module': 'ro.board.platform', 'tech_keywords': ['error_error']}","{'text': 'bootloader developer enable enter logcat mode proc_run logcat run', 'procedures': ['proc_run logcat'], 'sequence_length': 2}","{'text': 'encounter error_encountered error_exception exception hardware log module module_ro.board.platform platform_ro.board.platform routine shutdown suggest testing touchscreen unexpected', 'platforms': ['ro.board.platform'], 'codes': [], 'hw_module': 'ro.board.platform', 'tech_keywords': ['error_encountered', 'error_exception'], 'token_count': 15}",[TITLE] audio error error_error module_ro.board.platform not platform_ro.board.platform responding [STEPS] bootloader developer enable enter logcat mode proc_run logcat run [DESC] encounter error_encountered error_exception exception hardware log module module_ro.board.platform platform_ro.board.platform routine shutdown suggest testing touchscreen unexpected [MODULE] ro.board.platform [PLATFORM] ro.board.platform [SEQ_LEN] 2,ro.board.platform,1,1,2
MTK-1017,Critical Failure: touchscreen - MTK Flag: ro.product.board,The wifi module on ro.mediatek.platform encountered a no audio during routine testing. Logs suggest a hardware exception.,connect to adb → run logcat → flash firmware,"{'text': 'critical error_failure failure flag module_ro.product.board mtk platform_ro.product.board tech_mtk touchscreen', 'platforms': ['ro.product.board'], 'codes': [], 'hw_module': 'ro.product.board', 'tech_keywords': ['error_failure', 'tech_mtk']}","{'text': 'adb connect firmware flash logcat proc_run logcat run to', 'procedures': ['proc_run logcat'], 'sequence_length': 2}","{'text': 'audio encounter error_encountered error_exception exception hardware log module module_hardware platform_ro.mediatek.platform routine suggest tech_wifi testing wifi', 'platforms': ['ro.mediatek.platform'], 'codes': [], 'hw_module': 'hardware', 'tech_keywords': ['error_encountered', 'tech_wifi', 'error_exception'], 'token_count': 15}",[TITLE] critical error_failure failure flag module_ro.product.board mtk platform_ro.product.board tech_mtk touchscreen [STEPS] adb connect firmware flash logcat proc_run logcat run to [DESC] audio encounter error_encountered error_exception exception hardware log module module_hardware platform_ro.mediatek.platform routine suggest tech_wifi testing wifi [MODULE] ro.product.board [PLATFORM] ro.product.board [SEQ_LEN] 2,ro.product.board,1,1,2
MTK-1018,MTK: Device Failure,The camera module on ro.mediatek.platform encountered a unexpected shutdown during routine testing. Logs suggest a hardware exception.,enter bootloader → flash firmware → connect to adb,"{'text': 'device error_failure failure module_device mtk tech_mtk', 'platforms': [], 'codes': [], 'hw_module': 'device', 'tech_keywords': ['error_failure', 'tech_mtk']}","{'text': 'adb bootloader connect enter firmware flash to', 'procedures': [], 'sequence_length': 2}","{'text': 'camera encounter error_encountered error_exception exception hardware log module module_hardware platform_ro.mediatek.platform routine shutdown suggest testing unexpected', 'platforms': ['ro.mediatek.platform'], 'codes': [], 'hw_module': 'hardware', 'tech_keywords': ['error_encountered', 'error_exception'], 'token_count': 15}",[TITLE] device error_failure failure module_device mtk tech_mtk [STEPS] adb bootloader connect enter firmware flash to [DESC] camera encounter error_encountered error_exception exception hardware log module module_hardware platform_ro.mediatek.platform routine shutdown suggest testing unexpected [MODULE] device [SEQ_LEN] 2,device,0,0,2
MTK-1019,MTK Crash Log - modem,The touchscreen module on ro.board.platform encountered a unexpected shutdown during routine testing. Logs suggest a hardware exception.,flash firmware → flash firmware → run logcat,"{'text': 'crash log modem mtk tech_mtk', 'platforms': [], 'codes': [], 'hw_module': 'unknown', 'tech_keywords': ['tech_mtk']}","{'text': 'firmware flash logcat proc_run logcat run', 'procedures': ['proc_run logcat'], 'sequence_length': 2}","{'text': 'encounter error_encountered error_exception exception hardware log module module_ro.board.platform platform_ro.board.platform routine shutdown suggest testing touchscreen unexpected', 'platforms': ['ro.board.platform'], 'codes': [], 'hw_module': 'ro.board.platform', 'tech_keywords': ['error_encountered', 'error_exception'], 'token_count': 15}",[TITLE] crash log modem mtk tech_mtk [STEPS] firmware flash logcat proc_run logcat run [DESC] encounter error_encountered error_exception exception hardware log module module_ro.board.platform platform_ro.board.platform routine shutdown suggest testing touchscreen unexpected [SEQ_LEN] 2,unknown,0,1,2
MTK-1020,Critical Failure: touchscreen - MTK Flag: ro.product.board,The modem module on ro.product.board encountered a device crash during routine testing. Logs suggest a hardware exception.,reboot device → flash firmware → enter bootloader,"{'text': 'critical error_failure failure flag module_ro.product.board mtk platform_ro.product.board tech_mtk touchscreen', 'platforms': ['ro.product.board'], 'codes': [], 'hw_module': 'ro.product.board', 'tech_keywords': ['error_failure', 'tech_mtk']}","{'text': 'bootloader device enter firmware flash proc_reboot reboot', 'procedures': ['proc_reboot'], 'sequence_length': 2}","{'text': 'crash device encounter error_encountered error_exception exception hardware log modem module module_ro.product.board platform_ro.product.board routine suggest testing', 'platforms': ['ro.product.board'], 'codes': [], 'hw_module': 'ro.product.board', 'tech_keywords': ['error_encountered', 'error_exception'], 'token_count': 15}",[TITLE] critical error_failure failure flag module_ro.product.board mtk platform_ro.product.board tech_mtk touchscreen [STEPS] bootloader device enter firmware flash proc_reboot reboot [DESC] crash device encounter error_encountered error_exception exception hardware log modem module module_ro.product.board platform_ro.product.board routine suggest testing [MODULE] ro.product.board [PLATFORM] ro.product.board [SEQ_LEN] 2,ro.product.board,1,1,2
MTK-1021,Critical Failure: touchscreen - MTK Flag: ro.product.board,The display module on ro.product.board encountered a bootloop during routine testing. Logs suggest a hardware exception.,run logcat → reboot device → connect to adb,"{'text': 'critical error_failure failure flag module_ro.product.board mtk platform_ro.product.board tech_mtk touchscreen', 'platforms': ['ro.product.board'], 'codes': [], 'hw_module': 'ro.product.board', 'tech_keywords': ['error_failure', 'tech_mtk']}","{'text': 'adb connect device logcat proc_reboot proc_run logcat reboot run to', 'procedures': ['proc_reboot', 'proc_run logcat'], 'sequence_length': 2}","{'text': 'bootloop display encounter error_encountered error_exception exception hardware log module module_ro.product.board platform_ro.product.board routine suggest testing', 'platforms': ['ro.product.board'], 'codes': [], 'hw_module': 'ro.product.board', 'tech_keywords': ['error_encountered', 'error_exception'], 'token_count': 14}",[TITLE] critical error_failure failure flag module_ro.product.board mtk platform_ro.product.board tech_mtk touchscreen [STEPS] adb connect device logcat proc_reboot proc_run logcat reboot run to [DESC] bootloop display encounter error_encountered error_exception exception hardware log module module_ro.product.board platform_ro.product.board routine suggest testing [MODULE] ro.product.board [PLATFORM] ro.product.board [SEQ_LEN] 2,ro.product.board,1,2,2
MTK-1022,MTK: Device Failure,The camera module on ro.board.platform encountered a no boot during routine testing. Logs suggest a hardware exception.,run logcat → connect to adb → flash firmware,"{'text': 'device error_failure failure module_device mtk tech_mtk', 'platforms': [], 'codes': [], 'hw_module': 'device', 'tech_keywords': ['error_failure', 'tech_mtk']}","{'text': 'adb connect firmware flash logcat proc_run logcat run to', 'procedures': ['proc_run logcat'], 'sequence_length': 2}","{'text': 'boot camera encounter error_encountered error_exception exception hardware log module module_ro.board.platform platform_ro.board.platform routine suggest testing', 'platforms': ['ro.board.platform'], 'codes': [], 'hw_module': 'ro.board.platform', 'tech_keywords': ['error_encountered', 'error_exception'], 'token_count': 14}",[TITLE] device error_failure failure module_device mtk tech_mtk [STEPS] adb connect firmware flash logcat proc_run logcat run to [DESC] boot camera encounter error_encountered error_exception exception hardware log module module_ro.board.platform platform_ro.board.platform routine suggest testing [MODULE] device [SEQ_LEN] 2,device,0,1,2
MTK-1023,Error: audio not responding - ro.board.platform,The modem module on ro.product.board encountered a bluetooth disconnect during routine testing. Logs suggest a hardware exception.,enter bootloader → enable developer mode → enter bootloader,"{'text': 'audio error error_error module_ro.board.platform not platform_ro.board.platform responding', 'platforms': ['ro.board.platform'], 'codes': [], 'hw_module': 'ro.board.platform', 'tech_keywords': ['error_error']}","{'text': 'bootloader developer enable enter mode', 'procedures': [], 'sequence_length': 2}","{'text': 'bluetooth disconnect encounter error_encountered error_exception exception hardware log modem module module_ro.product.board platform_ro.product.board routine suggest tech_connect testing', 'platforms': ['ro.product.board'], 'codes': [], 'hw_module': 'ro.product.board', 'tech_keywords': ['tech_connect', 'error_encountered', 'error_exception'], 'token_count': 16}",[TITLE] audio error error_error module_ro.board.platform not platform_ro.board.platform responding [STEPS] bootloader developer enable enter mode [DESC] bluetooth disconnect encounter error_encountered error_exception exception hardware log modem module module_ro.product.board platform_ro.product.board routine suggest tech_connect testing [MODULE] ro.board.platform [PLATFORM] ro.board.platform [SEQ_LEN] 2,ro.board.platform,1,0,2
MTK-1024,MTK: modem failure : ro.mediatek.platform,The audio module on ro.board.platform encountered a no boot during routine testing. Logs suggest a hardware exception.,enter bootloader → enter bootloader → enable developer mode,"{'text': 'error_failure failure modem mtk platform_ro.mediatek.platform tech_mtk', 'platforms': ['ro.mediatek.platform'], 'codes': [], 'hw_module': 'unknown', 'tech_keywords': ['error_failure', 'tech_mtk']}","{'text': 'bootloader developer enable enter mode', 'procedures': [], 'sequence_length': 2}","{'text': 'audio boot encounter error_encountered error_exception exception hardware log module module_ro.board.platform platform_ro.board.platform routine suggest testing', 'platforms': ['ro.board.platform'], 'codes': [], 'hw_module': 'ro.board.platform', 'tech_keywords': ['error_encountered', 'error_exception'], 'token_count': 14}",[TITLE] error_failure failure modem mtk platform_ro.mediatek.platform tech_mtk [STEPS] bootloader developer enable enter mode [DESC] audio boot encounter error_encountered error_exception exception hardware log module module_ro.board.platform platform_ro.board.platform routine suggest testing [PLATFORM] ro.mediatek.platform [SEQ_LEN] 2,unknown,1,0,2
MTK-1025,MTK: Device Failure,The camera module on ro.board.platform encountered a unexpected shutdown during routine testing. Logs suggest a hardware exception.,reboot device → flash firmware → flash firmware,"{'text': 'device error_failure failure module_device mtk tech_mtk', 'platforms': [], 'codes': [], 'hw_module': 'device', 'tech_keywords': ['error_failure', 'tech_mtk']}","{'text': 'device firmware flash proc_reboot reboot', 'procedures': ['proc_reboot'], 'sequence_length': 2}","{'text': 'camera encounter error_encountered error_exception exception hardware log module module_ro.board.platform platform_ro.board.platform routine shutdown suggest testing unexpected', 'platforms': ['ro.board.platform'], 'codes': [], 'hw_module': 'ro.board.platform', 'tech_keywords': ['error_encountered', 'error_exception'], 'token_count': 15}",[TITLE] device error_failure failure module_device mtk tech_mtk [STEPS] device firmware flash proc_reboot reboot [DESC] camera encounter error_encountered error_exception exception hardware log module module_ro.board.platform platform_ro.board.platform routine shutdown suggest testing unexpected [MODULE] device [SEQ_LEN] 2,device,0,1,2
MTK-1026,MTK: Device Failure,The audio module on ro.mediatek.platform encountered a bluetooth disconnect during routine testing. Logs suggest a hardware exception.,enter bootloader → connect to adb → connect to adb,"{'text': 'device error_failure failure module_device mtk tech_mtk', 'platforms': [], 'codes': [], 'hw_module': 'device', 'tech_keywords': ['error_failure', 'tech_mtk']}","{'text': 'adb bootloader connect enter to', 'procedures': [], 'sequence_length': 2}","{'text': 'audio bluetooth disconnect encounter error_encountered error_exception exception hardware log module module_hardware platform_ro.mediatek.platform routine suggest tech_connect testing', 'platforms': ['ro.mediatek.platform'], 'codes': [], 'hw_module': 'hardware', 'tech_keywords': ['tech_connect', 'error_encountered', 'error_exception'], 'token_count': 16}",[TITLE] device error_failure failure module_device mtk tech_mtk [STEPS] adb bootloader connect enter to [DESC] audio bluetooth disconnect encounter error_encountered error_exception exception hardware log module module_hardware platform_ro.mediatek.platform routine suggest tech_connect testing [MODULE] device [SEQ_LEN] 2,device,0,0,2
MTK-1027,Critical Failure: touchscreen - MTK Flag: ro.product.board,The wifi module on ro.mediatek.platform encountered a bootloop during routine testing. Logs suggest a hardware exception.,enable developer mode → run logcat → enable developer mode,"{'text': 'critical error_failure failure flag module_ro.product.board mtk platform_ro.product.board tech_mtk touchscreen', 'platforms': ['ro.product.board'], 'codes': [], 'hw_module': 'ro.product.board', 'tech_keywords': ['error_failure', 'tech_mtk']}","{'text': 'developer enable logcat mode proc_run logcat run', 'procedures': ['proc_run logcat'], 'sequence_length': 2}","{'text': 'bootloop encounter error_encountered error_exception exception hardware log module module_hardware platform_ro.mediatek.platform routine suggest tech_wifi testing wifi', 'platforms': ['ro.mediatek.platform'], 'codes': [], 'hw_module': 'hardware', 'tech_keywords': ['error_encountered', 'tech_wifi', 'error_exception'], 'token_count': 15}",[TITLE] critical error_failure failure flag module_ro.product.board mtk platform_ro.product.board tech_mtk touchscreen [STEPS] developer enable logcat mode proc_run logcat run [DESC] bootloop encounter error_encountered error_exception exception hardware log module module_hardware platform_ro.mediatek.platform routine suggest tech_wifi testing wifi [MODULE] ro.product.board [PLATFORM] ro.product.board [SEQ_LEN] 2,ro.product.board,1,1,2
MTK-1028,MTK Crash Log - modem,The audio module on ro.board.platform encountered a bluetooth disconnect during routine testing. Logs suggest a hardware exception.,connect to adb → reboot device → enter bootloader,"{'text': 'crash log modem mtk tech_mtk', 'platforms': [], 'codes': [], 'hw_module': 'unknown', 'tech_keywords': ['tech_mtk']}","{'text': 'adb bootloader connect device enter proc_reboot reboot to', 'procedures': ['proc_reboot'], 'sequence_length': 2}","{'text': 'audio bluetooth disconnect encounter error_encountered error_exception exception hardware log module module_ro.board.platform platform_ro.board.platform routine suggest tech_connect testing', 'platforms': ['ro.board.platform'], 'codes': [], 'hw_module': 'ro.board.platform', 'tech_keywords': ['tech_connect', 'error_encountered', 'error_exception'], 'token_count': 16}",[TITLE] crash log modem mtk tech_mtk [STEPS] adb bootloader connect device enter proc_reboot reboot to [DESC] audio bluetooth disconnect encounter error_encountered error_exception exception hardware log module module_ro.board.platform platform_ro.board.platform routine suggest tech_connect testing [SEQ_LEN] 2,unknown,0,1,2
MTK-1029,Error: audio not responding - ro.board.platform,The modem module on ro.product.board encountered a screen freeze during routine testing. Logs suggest a hardware exception.,reboot device → flash firmware → flash firmware,"{'text': 'audio error error_error module_ro.board.platform not platform_ro.board.platform responding', 'platforms': ['ro.board.platform'], 'codes': [], 'hw_module': 'ro.board.platform', 'tech_keywords': ['error_error']}","{'text': 'device firmware flash proc_reboot reboot', 'procedures': ['proc_reboot'], 'sequence_length': 2}","{'text': 'encounter error_encountered error_exception exception freeze hardware log modem module module_ro.product.board platform_ro.product.board routine screen suggest testing', 'platforms': ['ro.product.board'], 'codes': [], 'hw_module': 'ro.product.board', 'tech_keywords': ['error_encountered', 'error_exception'], 'token_count': 15}",[TITLE] audio error error_error module_ro.board.platform not platform_ro.board.platform responding [STEPS] device firmware flash proc_reboot reboot [DESC] encounter error_encountered error_exception exception freeze hardware log modem module module_ro.product.board platform_ro.product.board routine screen suggest testing [MODULE] ro.board.platform [PLATFORM] ro.board.platform [SEQ_LEN] 2,ro.board.platform,1,1,2
MTK-1030,MTK: Device Failure,The camera module on ro.product.board encountered a device crash during routine testing. Logs suggest a hardware exception.,connect to adb → run logcat → run logcat,"{'text': 'device error_failure failure module_device mtk tech_mtk', 'platforms': [], 'codes': [], 'hw_module': 'device', 'tech_keywords': ['error_failure', 'tech_mtk']}","{'text': 'adb connect logcat proc_run logcat run to', 'procedures': ['proc_run logcat'], 'sequence_length': 2}","{'text': 'camera crash device encounter error_encountered error_exception exception hardware log module module_ro.product.board platform_ro.product.board routine suggest testing', 'platforms': ['ro.product.board'], 'codes': [], 'hw_module': 'ro.product.board', 'tech_keywords': ['error_encountered', 'error_exception'], 'token_count': 15}",[TITLE] device error_failure failure module_device mtk tech_mtk [STEPS] adb connect logcat proc_run logcat run to [DESC] camera crash device encounter error_encountered error_exception exception hardware log module module_ro.product.board platform_ro.product.board routine suggest testing [MODULE] device [SEQ_LEN] 2,device,0,1,2
MTK-1031,MTK Crash Log - modem,The display module on ro.product.board encountered a bluetooth disconnect during routine testing. Logs suggest a hardware exception.,connect to adb → enter bootloader → connect to adb,"{'text': 'crash log modem mtk tech_mtk', 'platforms': [], 'codes': [], 'hw_module': 'unknown', 'tech_keywords': ['tech_mtk']}","{'text': 'adb bootloader connect enter to', 'procedures': [], 'sequence_length': 2}","{'text': 'bluetooth disconnect display encounter error_encountered error_exception exception hardware log module module_ro.product.board platform_ro.product.board routine suggest tech_connect testing', 'platforms': ['ro.product.board'], 'codes': [], 'hw_module': 'ro.product.board', 'tech_keywords': ['tech_connect', 'error_encountered', 'error_exception'], 'token_count': 16}",[TITLE] crash log modem mtk tech_mtk [STEPS] adb bootloader connect enter to [DESC] bluetooth disconnect display encounter error_encountered error_exception exception hardware log module module_ro.product.board platform_ro.product.board routine suggest tech_connect testing [SEQ_LEN] 2,unknown,0,0,2
MTK-1032,MTK: modem failure : ro.mediatek.platform,The display module on ro.mediatek.platform encountered a device crash during routine testing. Logs suggest a hardware exception.,flash firmware → enter bootloader → connect to adb,"{'text': 'error_failure failure modem mtk platform_ro.mediatek.platform tech_mtk', 'platforms': ['ro.mediatek.platform'], 'codes': [], 'hw_module': 'unknown', 'tech_keywords': ['error_failure', 'tech_mtk']}","{'text': 'adb bootloader connect enter firmware flash to', 'procedures': [], 'sequence_length': 2}","{'text': 'crash device display encounter error_encountered error_exception exception hardware log module module_hardware platform_ro.mediatek.platform routine suggest testing', 'platforms': ['ro.mediatek.platform'], 'codes': [], 'hw_module': 'hardware', 'tech_keywords': ['error_encountered', 'error_exception'], 'token_count': 15}",[TITLE] error_failure failure modem mtk platform_ro.mediatek.platform tech_mtk [STEPS] adb bootloader connect enter firmware flash to [DESC] crash device display encounter error_encountered error_exception exception hardware log module module_hardware platform_ro.mediatek.platform routine suggest testing [PLATFORM] ro.mediatek.platform [SEQ_LEN] 2,unknown,1,0,2
MTK-1033,MTK: Device Failure,The modem module on ro.product.board encountered a bootloop during routine testing. Logs suggest a hardware exception.,connect to adb → reboot device → enable developer mode,"{'text': 'device error_failure failure module_device mtk tech_mtk', 'platforms': [], 'codes': [], 'hw_module': 'device', 'tech_keywords': ['error_failure', 'tech_mtk']}","{'text': 'adb connect developer device enable mode proc_reboot reboot to', 'procedures': ['proc_reboot'], 'sequence_length': 2}","{'text': 'bootloop encounter error_encountered error_exception exception hardware log modem module module_ro.product.board platform_ro.product.board routine suggest testing', 'platforms': ['ro.product.board'], 'codes': [], 'hw_module': 'ro.product.board', 'tech_keywords': ['error_encountered', 'error_exception'], 'token_count': 14}",[TITLE] device error_failure failure module_device mtk tech_mtk [STEPS] adb connect developer device enable mode proc_reboot reboot to [DESC] bootloop encounter error_encountered error_exception exception hardware log modem module module_ro.product.board platform_ro.product.board routine suggest testing [MODULE] device [SEQ_LEN] 2,device,0,1,2
MTK-1034,MTK: modem failure : ro.mediatek.platform,The camera module on ro.board.platform encountered a screen freeze during routine testing. Logs suggest a hardware exception.,flash firmware → enter bootloader → enter bootloader,"{'text': 'error_failure failure modem mtk platform_ro.mediatek.platform tech_mtk', 'platforms': ['ro.mediatek.platform'], 'codes': [], 'hw_module': 'unknown', 'tech_keywords': ['error_failure', 'tech_mtk']}","{'text': 'bootloader enter firmware flash', 'procedures': [], 'sequence_length': 2}","{'text': 'camera encounter error_encountered error_exception exception freeze hardware log module module_ro.board.platform platform_ro.board.platform routine screen suggest testing', 'platforms': ['ro.board.platform'], 'codes': [], 'hw_module': 'ro.board.platform', 'tech_keywords': ['error_encountered', 'error_exception'], 'token_count': 15}",[TITLE] error_failure failure modem mtk platform_ro.mediatek.platform tech_mtk [STEPS] bootloader enter firmware flash [DESC] camera encounter error_encountered error_exception exception freeze hardware log module module_ro.board.platform platform_ro.board.platform routine screen suggest testing [PLATFORM] ro.mediatek.platform [SEQ_LEN] 2,unknown,1,0,2
MTK-1035,Error: audio not responding - ro.board.platform,The bluetooth module on ro.mediatek.platform encountered a screen freeze during routine testing. Logs suggest a hardware exception.,reboot device → connect to adb → flash firmware,"{'text': 'audio error error_error module_ro.board.platform not platform_ro.board.platform responding', 'platforms': ['ro.board.platform'], 'codes': [], 'hw_module': 'ro.board.platform', 'tech_keywords': ['error_error']}","{'text': 'adb connect device firmware flash proc_reboot reboot to', 'procedures': ['proc_reboot'], 'sequence_length': 2}","{'text': 'bluetooth encounter error_encountered error_exception exception freeze hardware log module module_hardware platform_ro.mediatek.platform routine screen suggest testing', 'platforms': ['ro.mediatek.platform'], 'codes': [], 'hw_module': 'hardware', 'tech_keywords': ['error_encountered', 'error_exception'], 'token_count': 15}",[TITLE] audio error error_error module_ro.board.platform not platform_ro.board.platform responding [STEPS] adb connect device firmware flash proc_reboot reboot to [DESC] bluetooth encounter error_encountered error_exception exception freeze hardware log module module_hardware platform_ro.mediatek.platform routine screen suggest testing [MODULE] ro.board.platform [PLATFORM] ro.board.platform [SEQ_LEN] 2,ro.board.platform,1,1,2
MTK-1036,Error: audio not responding - ro.board.platform,The modem module on ro.product.board encountered a no audio during routine testing. Logs suggest a hardware exception.,enter bootloader → enter bootloader → enter bootloader,"{'text': 'audio error error_error module_ro.board.platform not platform_ro.board.platform responding', 'platforms': ['ro.board.platform'], 'codes': [], 'hw_module': 'ro.board.platform', 'tech_keywords': ['error_error']}","{'text': 'bootloader enter', 'procedures': [], 'sequence_length': 2}","{'text': 'audio encounter error_encountered error_exception exception hardware log modem module module_ro.product.board platform_ro.product.board routine suggest testing', 'platforms': ['ro.product.board'], 'codes': [], 'hw_module': 'ro.product.board', 'tech_keywords': ['error_encountered', 'error_exception'], 'token_count': 14}",[TITLE] audio error error_error module_ro.board.platform not platform_ro.board.platform responding [STEPS] bootloader enter [DESC] audio encounter error_encountered error_exception exception hardware log modem module module_ro.product.board platform_ro.product.board routine suggest testing [MODULE] ro.board.platform [PLATFORM] ro.board.platform [SEQ_LEN] 2,ro.board.platform,1,0,2
MTK-1037,Critical Failure: touchscreen - MTK Flag: ro.product.board,The touchscreen module on ro.board.platform encountered a bootloop during routine testing. Logs suggest a hardware exception.,reboot device → flash firmware → reboot device,"{'text': 'critical error_failure failure flag module_ro.product.board mtk platform_ro.product.board tech_mtk touchscreen', 'platforms': ['ro.product.board'], 'codes': [], 'hw_module': 'ro.product.board', 'tech_keywords': ['error_failure', 'tech_mtk']}","{'text': 'device firmware flash proc_reboot reboot', 'procedures': ['proc_reboot'], 'sequence_length': 2}","{'text': 'bootloop encounter error_encountered error_exception exception hardware log module module_ro.board.platform platform_ro.board.platform routine suggest testing touchscreen', 'platforms': ['ro.board.platform'], 'codes': [], 'hw_module': 'ro.board.platform', 'tech_keywords': ['error_encountered', 'error_exception'], 'token_count': 14}",[TITLE] critical error_failure failure flag module_ro.product.board mtk platform_ro.product.board tech_mtk touchscreen [STEPS] device firmware flash proc_reboot reboot [DESC] bootloop encounter error_encountered error_exception exception hardware log module module_ro.board.platform platform_ro.board.platform routine suggest testing touchscreen [MODULE] ro.product.board [PLATFORM] ro.product.board [SEQ_LEN] 2,ro.product.board,1,1,2
MTK-1038,Critical Failure: touchscreen - MTK Flag: ro.product.board,The camera module on ro.product.board encountered a screen freeze during routine testing. Logs suggest a hardware exception.,connect to adb → run logcat → connect to adb,"{'text': 'critical error_failure failure flag module_ro.product.board mtk platform_ro.product.board tech_mtk touchscreen', 'platforms': ['ro.product.board'], 'codes': [], 'hw_module': 'ro.product.board', 'tech_keywords': ['error_failure', 'tech_mtk']}","{'text': 'adb connect logcat proc_run logcat run to', 'procedures': ['proc_run logcat'], 'sequence_length': 2}","{'text': 'camera encounter error_encountered error_exception exception freeze hardware log module module_ro.product.board platform_ro.product.board routine screen suggest testing', 'platforms': ['ro.product.board'], 'codes': [], 'hw_module': 'ro.product.board', 'tech_keywords': ['error_encountered', 'error_exception'], 'token_count': 15}",[TITLE] critical error_failure failure flag module_ro.product.board mtk platform_ro.product.board tech_mtk touchscreen [STEPS] adb connect logcat proc_run logcat run to [DESC] camera encounter error_encountered error_exception exception freeze hardware log module module_ro.product.board platform_ro.product.board routine screen suggest testing [MODULE] ro.product.board [PLATFORM] ro.product.board [SEQ_LEN] 2,ro.product.board,1,1,2
MTK-1039,MTK: modem failure : ro.mediatek.platform,The wifi module on ro.board.platform encountered a bluetooth disconnect during routine testing. Logs suggest a hardware exception.,enter bootloader → reboot device → run logcat,"{'text': 'error_failure failure modem mtk platform_ro.mediatek.platform tech_mtk', 'platforms': ['ro.mediatek.platform'], 'codes': [], 'hw_module': 'unknown', 'tech_keywords': ['error_failure', 'tech_mtk']}","{'text': 'bootloader device enter logcat proc_reboot proc_run logcat reboot run', 'procedures': ['proc_reboot', 'proc_run logcat'], 'sequence_length': 2}","{'text': 'bluetooth disconnect encounter error_encountered error_exception exception hardware log module module_ro.board.platform platform_ro.board.platform routine suggest tech_connect tech_wifi testing wifi', 'platforms': ['ro.board.platform'], 'codes': [], 'hw_module': 'ro.board.platform', 'tech_keywords': ['tech_connect', 'error_encountered', 'tech_wifi', 'error_exception'], 'token_count': 17}",[TITLE] error_failure failure modem mtk platform_ro.mediatek.platform tech_mtk [STEPS] bootloader device enter logcat proc_reboot proc_run logcat reboot run [DESC] bluetooth disconnect encounter error_encountered error_exception exception hardware log module module_ro.board.platform platform_ro.board.platform routine suggest tech_connect tech_wifi testing wifi [PLATFORM] ro.mediatek.platform [SEQ_LEN] 2,unknown,1,2,2
MTK-1040,MTK Crash Log - modem,The touchscreen module on ro.board.platform encountered a bluetooth disconnect during routine testing. Logs suggest a hardware exception.,flash firmware → reboot device → flash firmware,"{'text': 'crash log modem mtk tech_mtk', 'platforms': [], 'codes': [], 'hw_module': 'unknown', 'tech_keywords': ['tech_mtk']}","{'text': 'device firmware flash proc_reboot reboot', 'procedures': ['proc_reboot'], 'sequence_length': 2}","{'text': 'bluetooth disconnect encounter error_encountered error_exception exception hardware log module module_ro.board.platform platform_ro.board.platform routine suggest tech_connect testing touchscreen', 'platforms': ['ro.board.platform'], 'codes': [], 'hw_module': 'ro.board.platform', 'tech_keywords': ['tech_connect', 'error_encountered', 'error_exception'], 'token_count': 16}",[TITLE] crash log modem mtk tech_mtk [STEPS] device firmware flash proc_reboot reboot [DESC] bluetooth disconnect encounter error_encountered error_exception exception hardware log module module_ro.board.platform platform_ro.board.platform routine suggest tech_connect testing touchscreen [SEQ_LEN] 2,unknown,0,1,2
MTK-1041,MTK Crash Log - modem,The camera module on ro.mediatek.platform encountered a device crash during routine testing. Logs suggest a hardware exception.,connect to adb → enable developer mode → enter bootloader,"{'text': 'crash log modem mtk tech_mtk', 'platforms': [], 'codes': [], 'hw_module': 'unknown', 'tech_keywords': ['tech_mtk']}","{'text': 'adb bootloader connect developer enable enter mode to', 'procedures': [], 'sequence_length': 2}","{'text': 'camera crash device encounter error_encountered error_exception exception hardware log module module_hardware platform_ro.mediatek.platform routine suggest testing', 'platforms': ['ro.mediatek.platform'], 'codes': [], 'hw_module': 'hardware', 'tech_keywords': ['error_encountered', 'error_exception'], 'token_count': 15}",[TITLE] crash log modem mtk tech_mtk [STEPS] adb bootloader connect developer enable enter mode to [DESC] camera crash device encounter error_encountered error_exception exception hardware log module module_hardware platform_ro.mediatek.platform routine suggest testing [SEQ_LEN] 2,unknown,0,0,2
MTK-1042,MTK: Device Failure,The bluetooth module on ro.mediatek.platform encountered a screen freeze during routine testing. Logs suggest a hardware exception.,enable developer mode → connect to adb → enable developer mode,"{'text': 'device error_failure failure module_device mtk tech_mtk', 'platforms': [], 'codes': [], 'hw_module': 'device', 'tech_keywords': ['error_failure', 'tech_mtk']}","{'text': 'adb connect developer enable mode to', 'procedures': [], 'sequence_length': 2}","{'text': 'bluetooth encounter error_encountered error_exception exception freeze hardware log module module_hardware platform_ro.mediatek.platform routine screen suggest testing', 'platforms': ['ro.mediatek.platform'], 'codes': [], 'hw_module': 'hardware', 'tech_keywords': ['error_encountered', 'error_exception'], 'token_count': 15}",[TITLE] device error_failure failure module_device mtk tech_mtk [STEPS] adb connect developer enable mode to [DESC] bluetooth encounter error_encountered error_exception exception freeze hardware log module module_hardware platform_ro.mediatek.platform routine screen suggest testing [MODULE] device [SEQ_LEN] 2,device,0,0,2
MTK-1043,MTK: Device Failure,The bluetooth module on ro.board.platform encountered a device crash during routine testing. Logs suggest a hardware exception.,flash firmware → run logcat → run logcat,"{'text': 'device error_failure failure module_device mtk tech_mtk', 'platforms': [], 'codes': [], 'hw_module': 'device', 'tech_keywords': ['error_failure', 'tech_mtk']}","{'text': 'firmware flash logcat proc_run logcat run', 'procedures': ['proc_run logcat'], 'sequence_length': 2}","{'text': 'bluetooth crash device encounter error_encountered error_exception exception hardware log module module_ro.board.platform platform_ro.board.platform routine suggest testing', 'platforms': ['ro.board.platform'], 'codes': [], 'hw_module': 'ro.board.platform', 'tech_keywords': ['error_encountered', 'error_exception'], 'token_count': 15}",[TITLE] device error_failure failure module_device mtk tech_mtk [STEPS] firmware flash logcat proc_run logcat run [DESC] bluetooth crash device encounter error_encountered error_exception exception hardware log module module_ro.board.platform platform_ro.board.platform routine suggest testing [MODULE] device [SEQ_LEN] 2,device,0,1,2
MTK-1044,Error: audio not responding - ro.board.platform,The modem module on ro.board.platform encountered a bluetooth disconnect during routine testing. Logs suggest a hardware exception.,reboot device → flash firmware → enable developer mode,"{'text': 'audio error error_error module_ro.board.platform not platform_ro.board.platform responding', 'platforms': ['ro.board.platform'], 'codes': [], 'hw_module': 'ro.board.platform', 'tech_keywords': ['error_error']}","{'text': 'developer device enable firmware flash mode proc_reboot reboot', 'procedures': ['proc_reboot'], 'sequence_length': 2}","{'text': 'bluetooth disconnect encounter error_encountered error_exception exception hardware log modem module module_ro.board.platform platform_ro.board.platform routine suggest tech_connect testing', 'platforms': ['ro.board.platform'], 'codes': [], 'hw_module': 'ro.board.platform', 'tech_keywords': ['tech_connect', 'error_encountered', 'error_exception'], 'token_count': 16}",[TITLE] audio error error_error module_ro.board.platform not platform_ro.board.platform responding [STEPS] developer device enable firmware flash mode proc_reboot reboot [DESC] bluetooth disconnect encounter error_encountered error_exception exception hardware log modem module module_ro.board.platform platform_ro.board.platform routine suggest tech_connect testing [MODULE] ro.board.platform [PLATFORM] ro.board.platform [SEQ_LEN] 2,ro.board.platform,1,1,2
MTK-1045,MTK: Device Failure,The camera module on ro.product.board encountered a no boot during routine testing. Logs suggest a hardware exception.,enable developer mode → flash firmware → enter bootloader,"{'text': 'device error_failure failure module_device mtk tech_mtk', 'platforms': [], 'codes': [], 'hw_module': 'device', 'tech_keywords': ['error_failure', 'tech_mtk']}","{'text': 'bootloader developer enable enter firmware flash mode', 'procedures': [], 'sequence_length': 2}","{'text': 'boot camera encounter error_encountered error_exception exception hardware log module module_ro.product.board platform_ro.product.board routine suggest testing', 'platforms': ['ro.product.board'], 'codes': [], 'hw_module': 'ro.product.board', 'tech_keywords': ['error_encountered', 'error_exception'], 'token_count': 14}",[TITLE] device error_failure failure module_device mtk tech_mtk [STEPS] bootloader developer enable enter firmware flash mode [DESC] boot camera encounter error_encountered error_exception exception hardware log module module_ro.product.board platform_ro.product.board routine suggest testing [MODULE] device [SEQ_LEN] 2,device,0,0,2
MTK-1046,Error: audio not responding - ro.board.platform,The bluetooth module on ro.product.board encountered a unexpected shutdown during routine testing. Logs suggest a hardware exception.,flash firmware → reboot device → connect to adb,"{'text': 'audio error error_error module_ro.board.platform not platform_ro.board.platform responding', 'platforms': ['ro.board.platform'], 'codes': [], 'hw_module': 'ro.board.platform', 'tech_keywords': ['error_error']}","{'text': 'adb connect device firmware flash proc_reboot reboot to', 'procedures': ['proc_reboot'], 'sequence_length': 2}","{'text': 'bluetooth encounter error_encountered error_exception exception hardware log module module_ro.product.board platform_ro.product.board routine shutdown suggest testing unexpected', 'platforms': ['ro.product.board'], 'codes': [], 'hw_module': 'ro.product.board', 'tech_keywords': ['error_encountered', 'error_exception'], 'token_count': 15}",[TITLE] audio error error_error module_ro.board.platform not platform_ro.board.platform responding [STEPS] adb connect device firmware flash proc_reboot reboot to [DESC] bluetooth encounter error_encountered error_exception exception hardware log module module_ro.product.board platform_ro.product.board routine shutdown suggest testing unexpected [MODULE] ro.board.platform [PLATFORM] ro.board.platform [SEQ_LEN] 2,ro.board.platform,1,1,2
MTK-1047,MTK: Device Failure,The camera module on ro.mediatek.platform encountered a no audio during routine testing. Logs suggest a hardware exception.,run logcat → reboot device → flash firmware,"{'text': 'device error_failure failure module_device mtk tech_mtk', 'platforms': [], 'codes': [], 'hw_module': 'device', 'tech_keywords': ['error_failure', 'tech_mtk']}","{'text': 'device firmware flash logcat proc_reboot proc_run logcat reboot run', 'procedures': ['proc_reboot', 'proc_run logcat'], 'sequence_length': 2}","{'text': 'audio camera encounter error_encountered error_exception exception hardware log module module_hardware platform_ro.mediatek.platform routine suggest testing', 'platforms': ['ro.mediatek.platform'], 'codes': [], 'hw_module': 'hardware', 'tech_keywords': ['error_encountered', 'error_exception'], 'token_count': 14}",[TITLE] device error_failure failure module_device mtk tech_mtk [STEPS] device firmware flash logcat proc_reboot proc_run logcat reboot run [DESC] audio camera encounter error_encountered error_exception exception hardware log module module_hardware platform_ro.mediatek.platform routine suggest testing [MODULE] device [SEQ_LEN] 2,device,0,2,2
MTK-1048,Error: audio not responding - ro.board.platform,The camera module on ro.board.platform encountered a bootloop during routine testing. Logs suggest a hardware exception.,connect to adb → reboot device → enable developer mode,"{'text': 'audio error error_error module_ro.board.platform not platform_ro.board.platform responding', 'platforms': ['ro.board.platform'], 'codes': [], 'hw_module': 'ro.board.platform', 'tech_keywords': ['error_error']}","{'text': 'adb connect developer device enable mode proc_reboot reboot to', 'procedures': ['proc_reboot'], 'sequence_length': 2}","{'text': 'bootloop camera encounter error_encountered error_exception exception hardware log module module_ro.board.platform platform_ro.board.platform routine suggest testing', 'platforms': ['ro.board.platform'], 'codes': [], 'hw_module': 'ro.board.platform', 'tech_keywords': ['error_encountered', 'error_exception'], 'token_count': 14}",[TITLE] audio error error_error module_ro.board.platform not platform_ro.board.platform responding [STEPS] adb connect developer device enable mode proc_reboot reboot to [DESC] bootloop camera encounter error_encountered error_exception exception hardware log module module_ro.board.platform platform_ro.board.platform routine suggest testing [MODULE] ro.board.platform [PLATFORM] ro.board.platform [SEQ_LEN] 2,ro.board.platform,1,1,2
MTK-1049,MTK Crash Log - modem,The touchscreen module on ro.mediatek.platform encountered a no boot during routine testing. Logs suggest a hardware exception.,connect to adb → run logcat → reboot device,"{'text': 'crash log modem mtk tech_mtk', 'platforms': [], 'codes': [], 'hw_module': 'unknown', 'tech_keywords': ['tech_mtk']}","{'text': 'adb connect device logcat proc_reboot proc_run logcat reboot run to', 'procedures': ['proc_reboot', 'proc_run logcat'], 'sequence_length': 2}","{'text': 'boot encounter error_encountered error_exception exception hardware log module module_hardware platform_ro.mediatek.platform routine suggest testing touchscreen', 'platforms': ['ro.mediatek.platform'], 'codes': [], 'hw_module': 'hardware', 'tech_keywords': ['error_encountered', 'error_exception'], 'token_count': 14}",[TITLE] crash log modem mtk tech_mtk [STEPS] adb connect device logcat proc_reboot proc_run logcat reboot run to [DESC] boot encounter error_encountered error_exception exception hardware log module module_hardware platform_ro.mediatek.platform routine suggest testing touchscreen [SEQ_LEN] 2,unknown,0,2,2
MTK-1050,Error: audio not responding - ro.board.platform,The wifi module on ro.board.platform encountered a no boot during routine testing. Logs suggest a hardware exception.,run logcat → enter bootloader → enable developer mode,"{'text': 'audio error error_error module_ro.board.platform not platform_ro.board.platform responding', 'platforms': ['ro.board.platform'], 'codes': [], 'hw_module': 'ro.board.platform', 'tech_keywords': ['error_error']}","{'text': 'bootloader developer enable enter logcat mode proc_run logcat run', 'procedures': ['proc_run logcat'], 'sequence_length': 2}","{'text': 'boot encounter error_encountered error_exception exception hardware log module module_ro.board.platform platform_ro.board.platform routine suggest tech_wifi testing wifi', 'platforms': ['ro.board.platform'], 'codes': [], 'hw_module': 'ro.board.platform', 'tech_keywords': ['error_encountered', 'tech_wifi', 'error_exception'], 'token_count': 15}",[TITLE] audio error error_error module_ro.board.platform not platform_ro.board.platform responding [STEPS] bootloader developer enable enter logcat mode proc_run logcat run [DESC] boot encounter error_encountered error_exception exception hardware log module module_ro.board.platform platform_ro.board.platform routine suggest tech_wifi testing wifi [MODULE] ro.board.platform [PLATFORM] ro.board.platform [SEQ_LEN] 2,ro.board.platform,1,1,2
MTK-1051,MTK Crash Log - modem,The camera module on ro.board.platform encountered a bluetooth disconnect during routine testing. Logs suggest a hardware exception.,connect to adb → reboot device → flash firmware,"{'text': 'crash log modem mtk tech_mtk', 'platforms': [], 'codes': [], 'hw_module': 'unknown', 'tech_keywords': ['tech_mtk']}","{'text': 'adb connect device firmware flash proc_reboot reboot to', 'procedures': ['proc_reboot'], 'sequence_length': 2}","{'text': 'bluetooth camera disconnect encounter error_encountered error_exception exception hardware log module module_ro.board.platform platform_ro.board.platform routine suggest tech_connect testing', 'platforms': ['ro.board.platform'], 'codes': [], 'hw_module': 'ro.board.platform', 'tech_keywords': ['tech_connect', 'error_encountered', 'error_exception'], 'token_count': 16}",[TITLE] crash log modem mtk tech_mtk [STEPS] adb connect device firmware flash proc_reboot reboot to [DESC] bluetooth camera disconnect encounter error_encountered error_exception exception hardware log module module_ro.board.platform platform_ro.board.platform routine suggest tech_connect testing [SEQ_LEN] 2,unknown,0,1,2
MTK-1052,MTK: Device Failure,The touchscreen module on ro.mediatek.platform encountered a no audio during routine testing. Logs suggest a hardware exception.,run logcat → reboot device → connect to adb,"{'text': 'device error_failure failure module_device mtk tech_mtk', 'platforms': [], 'codes': [], 'hw_module': 'device', 'tech_keywords': ['error_failure', 'tech_mtk']}","{'text': 'adb connect device logcat proc_reboot proc_run logcat reboot run to', 'procedures': ['proc_reboot', 'proc_run logcat'], 'sequence_length': 2}","{'text': 'audio encounter error_encountered error_exception exception hardware log module module_hardware platform_ro.mediatek.platform routine suggest testing touchscreen', 'platforms': ['ro.mediatek.platform'], 'codes': [], 'hw_module': 'hardware', 'tech_keywords': ['error_encountered', 'error_exception'], 'token_count': 14}",[TITLE] device error_failure failure module_device mtk tech_mtk [STEPS] adb connect device logcat proc_reboot proc_run logcat reboot run to [DESC] audio encounter error_encountered error_exception exception hardware log module module_hardware platform_ro.mediatek.platform routine suggest testing touchscreen [MODULE] device [SEQ_LEN] 2,device,0,2,2
MTK-1053,Error: audio not responding - ro.board.platform,The display module on ro.board.platform encountered a screen freeze during routine testing. Logs suggest a hardware exception.,enable developer mode → run logcat → run logcat,"{'text': 'audio error error_error module_ro.board.platform not platform_ro.board.platform responding', 'platforms': ['ro.board.platform'], 'codes': [], 'hw_module': 'ro.board.platform', 'tech_keywords': ['error_error']}","{'text': 'developer enable logcat mode proc_run logcat run', 'procedures': ['proc_run logcat'], 'sequence_length': 2}","{'text': 'display encounter error_encountered error_exception exception freeze hardware log module module_ro.board.platform platform_ro.board.platform routine screen suggest testing', 'platforms': ['ro.board.platform'], 'codes': [], 'hw_module': 'ro.board.platform', 'tech_keywords': ['error_encountered', 'error_exception'], 'token_count': 15}",[TITLE] audio error error_error module_ro.board.platform not platform_ro.board.platform responding [STEPS] developer enable logcat mode proc_run logcat run [DESC] display encounter error_encountered error_exception exception freeze hardware log module module_ro.board.platform platform_ro.board.platform routine screen suggest testing [MODULE] ro.board.platform [PLATFORM] ro.board.platform [SEQ_LEN] 2,ro.board.platform,1,1,2
MTK-1054,MTK: modem failure : ro.mediatek.platform,The camera module on ro.mediatek.platform encountered a screen freeze during routine testing. Logs suggest a hardware exception.,flash firmware → flash firmware → enter bootloader,"{'text': 'error_failure failure modem mtk platform_ro.mediatek.platform tech_mtk', 'platforms': ['ro.mediatek.platform'], 'codes': [], 'hw_module': 'unknown', 'tech_keywords': ['error_failure', 'tech_mtk']}","{'text': 'bootloader enter firmware flash', 'procedures': [], 'sequence_length': 2}","{'text': 'camera encounter error_encountered error_exception exception freeze hardware log module module_hardware platform_ro.mediatek.platform routine screen suggest testing', 'platforms': ['ro.mediatek.platform'], 'codes': [], 'hw_module': 'hardware', 'tech_keywords': ['error_encountered', 'error_exception'], 'token_count': 15}",[TITLE] error_failure failure modem mtk platform_ro.mediatek.platform tech_mtk [STEPS] bootloader enter firmware flash [DESC] camera encounter error_encountered error_exception exception freeze hardware log module module_hardware platform_ro.mediatek.platform routine screen suggest testing [PLATFORM] ro.mediatek.platform [SEQ_LEN] 2,unknown,1,0,2
MTK-1055,MTK: Device Failure,The touchscreen module on ro.board.platform encountered a no audio during routine testing. Logs suggest a hardware exception.,run logcat → enter bootloader → enable developer mode,"{'text': 'device error_failure failure module_device mtk tech_mtk', 'platforms': [], 'codes': [], 'hw_module': 'device', 'tech_keywords': ['error_failure', 'tech_mtk']}","{'text': 'bootloader developer enable enter logcat mode proc_run logcat run', 'procedures': ['proc_run logcat'], 'sequence_length': 2}","{'text': 'audio encounter error_encountered error_exception exception hardware log module module_ro.board.platform platform_ro.board.platform routine suggest testing touchscreen', 'platforms': ['ro.board.platform'], 'codes': [], 'hw_module': 'ro.board.platform', 'tech_keywords': ['error_encountered', 'error_exception'], 'token_count': 14}",[TITLE] device error_failure failure module_device mtk tech_mtk [STEPS] bootloader developer enable enter logcat mode proc_run logcat run [DESC] audio encounter error_encountered error_exception exception hardware log module module_ro.board.platform platform_ro.board.platform routine suggest testing touchscreen [MODULE] device [SEQ_LEN] 2,device,0,1,2
MTK-1056,Error: audio not responding - ro.board.platform,The wifi module on ro.mediatek.platform encountered a no boot during routine testing. Logs suggest a hardware exception.,reboot device → flash firmware → enter bootloader,"{'text': 'audio error error_error module_ro.board.platform not platform_ro.board.platform responding', 'platforms': ['ro.board.platform'], 'codes': [], 'hw_module': 'ro.board.platform', 'tech_keywords': ['error_error']}","{'text': 'bootloader device enter firmware flash proc_reboot reboot', 'procedures': ['proc_reboot'], 'sequence_length': 2}","{'text': 'boot encounter error_encountered error_exception exception hardware log module module_hardware platform_ro.mediatek.platform routine suggest tech_wifi testing wifi', 'platforms': ['ro.mediatek.platform'], 'codes': [], 'hw_module': 'hardware', 'tech_keywords': ['error_encountered', 'tech_wifi', 'error_exception'], 'token_count': 15}",[TITLE] audio error error_error module_ro.board.platform not platform_ro.board.platform responding [STEPS] bootloader device enter firmware flash proc_reboot reboot [DESC] boot encounter error_encountered error_exception exception hardware log module module_hardware platform_ro.mediatek.platform routine suggest tech_wifi testing wifi [MODULE] ro.board.platform [PLATFORM] ro.board.platform [SEQ_LEN] 2,ro.board.platform,1,1,2
MTK-1057,MTK Crash Log - modem,The wifi module on ro.mediatek.platform encountered a screen freeze during routine testing. Logs suggest a hardware exception.,enter bootloader → flash firmware → reboot device,"{'text': 'crash log modem mtk tech_mtk', 'platforms': [], 'codes': [], 'hw_module': 'unknown', 'tech_keywords': ['tech_mtk']}","{'text': 'bootloader device enter firmware flash proc_reboot reboot', 'procedures': ['proc_reboot'], 'sequence_length': 2}","{'text': 'encounter error_encountered error_exception exception freeze hardware log module module_hardware platform_ro.mediatek.platform routine screen suggest tech_wifi testing wifi', 'platforms': ['ro.mediatek.platform'], 'codes': [], 'hw_module': 'hardware', 'tech_keywords': ['error_encountered', 'tech_wifi', 'error_exception'], 'token_count': 16}",[TITLE] crash log modem mtk tech_mtk [STEPS] bootloader device enter firmware flash proc_reboot reboot [DESC] encounter error_encountered error_exception exception freeze hardware log module module_hardware platform_ro.mediatek.platform routine screen suggest tech_wifi testing wifi [SEQ_LEN] 2,unknown,0,1,2
MTK-1058,Critical Failure: touchscreen - MTK Flag: ro.product.board,The touchscreen module on ro.product.board encountered a no audio during routine testing. Logs suggest a hardware exception.,reboot device → enable developer mode → flash firmware,"{'text': 'critical error_failure failure flag module_ro.product.board mtk platform_ro.product.board tech_mtk touchscreen', 'platforms': ['ro.product.board'], 'codes': [], 'hw_module': 'ro.product.board', 'tech_keywords': ['error_failure', 'tech_mtk']}","{'text': 'developer device enable firmware flash mode proc_reboot reboot', 'procedures': ['proc_reboot'], 'sequence_length': 2}","{'text': 'audio encounter error_encountered error_exception exception hardware log module module_ro.product.board platform_ro.product.board routine suggest testing touchscreen', 'platforms': ['ro.product.board'], 'codes': [], 'hw_module': 'ro.product.board', 'tech_keywords': ['error_encountered', 'error_exception'], 'token_count': 14}",[TITLE] critical error_failure failure flag module_ro.product.board mtk platform_ro.product.board tech_mtk touchscreen [STEPS] developer device enable firmware flash mode proc_reboot reboot [DESC] audio encounter error_encountered error_exception exception hardware log module module_ro.product.board platform_ro.product.board routine suggest testing touchscreen [MODULE] ro.product.board [PLATFORM] ro.product.board [SEQ_LEN] 2,ro.product.board,1,1,2
MTK-1059,Critical Failure: touchscreen - MTK Flag: ro.product.board,The wifi module on ro.product.board encountered a bootloop during routine testing. Logs suggest a hardware exception.,connect to adb → reboot device → enter bootloader,"{'text': 'critical error_failure failure flag module_ro.product.board mtk platform_ro.product.board tech_mtk touchscreen', 'platforms': ['ro.product.board'], 'codes': [], 'hw_module': 'ro.product.board', 'tech_keywords': ['error_failure', 'tech_mtk']}","{'text': 'adb bootloader connect device enter proc_reboot reboot to', 'procedures': ['proc_reboot'], 'sequence_length': 2}","{'text': 'bootloop encounter error_encountered error_exception exception hardware log module module_ro.product.board platform_ro.product.board routine suggest tech_wifi testing wifi', 'platforms': ['ro.product.board'], 'codes': [], 'hw_module': 'ro.product.board', 'tech_keywords': ['error_encountered', 'tech_wifi', 'error_exception'], 'token_count': 15}",[TITLE] critical error_failure failure flag module_ro.product.board mtk platform_ro.product.board tech_mtk touchscreen [STEPS] adb bootloader connect device enter proc_reboot reboot to [DESC] bootloop encounter error_encountered error_exception exception hardware log module module_ro.product.board platform_ro.product.board routine suggest tech_wifi testing wifi [MODULE] ro.product.board [PLATFORM] ro.product.board [SEQ_LEN] 2,ro.product.board,1,1,2
MTK-1060,MTK: modem failure : ro.mediatek.platform,The bluetooth module on ro.mediatek.platform encountered a screen freeze during routine testing. Logs suggest a hardware exception.,reboot device → enter bootloader → enter bootloader,"{'text': 'error_failure failure modem mtk platform_ro.mediatek.platform tech_mtk', 'platforms': ['ro.mediatek.platform'], 'codes': [], 'hw_module': 'unknown', 'tech_keywords': ['error_failure', 'tech_mtk']}","{'text': 'bootloader device enter proc_reboot reboot', 'procedures': ['proc_reboot'], 'sequence_length': 2}","{'text': 'bluetooth encounter error_encountered error_exception exception freeze hardware log module module_hardware platform_ro.mediatek.platform routine screen suggest testing', 'platforms': ['ro.mediatek.platform'], 'codes': [], 'hw_module': 'hardware', 'tech_keywords': ['error_encountered', 'error_exception'], 'token_count': 15}",[TITLE] error_failure failure modem mtk platform_ro.mediatek.platform tech_mtk [STEPS] bootloader device enter proc_reboot reboot [DESC] bluetooth encounter error_encountered error_exception exception freeze hardware log module module_hardware platform_ro.mediatek.platform routine screen suggest testing [PLATFORM] ro.mediatek.platform [SEQ_LEN] 2,unknown,1,1,2
MTK-1061,Critical Failure: touchscreen - MTK Flag: ro.product.board,The modem module on ro.board.platform encountered a bootloop during routine testing. Logs suggest a hardware exception.,enable developer mode → flash firmware → run logcat,"{'text': 'critical error_failure failure flag module_ro.product.board mtk platform_ro.product.board tech_mtk touchscreen', 'platforms': ['ro.product.board'], 'codes': [], 'hw_module': 'ro.product.board', 'tech_keywords': ['error_failure', 'tech_mtk']}","{'text': 'developer enable firmware flash logcat mode proc_run logcat run', 'procedures': ['proc_run logcat'], 'sequence_length': 2}","{'text': 'bootloop encounter error_encountered error_exception exception hardware log modem module module_ro.board.platform platform_ro.board.platform routine suggest testing', 'platforms': ['ro.board.platform'], 'codes': [], 'hw_module': 'ro.board.platform', 'tech_keywords': ['error_encountered', 'error_exception'], 'token_count': 14}",[TITLE] critical error_failure failure flag module_ro.product.board mtk platform_ro.product.board tech_mtk touchscreen [STEPS] developer enable firmware flash logcat mode proc_run logcat run [DESC] bootloop encounter error_encountered error_exception exception hardware log modem module module_ro.board.platform platform_ro.board.platform routine suggest testing [MODULE] ro.product.board [PLATFORM] ro.product.board [SEQ_LEN] 2,ro.product.board,1,1,2
MTK-1062,MTK: modem failure : ro.mediatek.platform,The bluetooth module on ro.board.platform encountered a no boot during routine testing. Logs suggest a hardware exception.,run logcat → enable developer mode → run logcat,"{'text': 'error_failure failure modem mtk platform_ro.mediatek.platform tech_mtk', 'platforms': ['ro.mediatek.platform'], 'codes': [], 'hw_module': 'unknown', 'tech_keywords': ['error_failure', 'tech_mtk']}","{'text': 'developer enable logcat mode proc_run logcat run', 'procedures': ['proc_run logcat'], 'sequence_length': 2}","{'text': 'bluetooth boot encounter error_encountered error_exception exception hardware log module module_ro.board.platform platform_ro.board.platform routine suggest testing', 'platforms': ['ro.board.platform'], 'codes': [], 'hw_module': 'ro.board.platform', 'tech_keywords': ['error_encountered', 'error_exception'], 'token_count': 14}",[TITLE] error_failure failure modem mtk platform_ro.mediatek.platform tech_mtk [STEPS] developer enable logcat mode proc_run logcat run [DESC] bluetooth boot encounter error_encountered error_exception exception hardware log module module_ro.board.platform platform_ro.board.platform routine suggest testing [PLATFORM] ro.mediatek.platform [SEQ_LEN] 2,unknown,1,1,2
MTK-1063,MTK Crash Log - modem,The touchscreen module on ro.product.board encountered a no boot during routine testing. Logs suggest a hardware exception.,enable developer mode → enter bootloader → run logcat,"{'text': 'crash log modem mtk tech_mtk', 'platforms': [], 'codes': [], 'hw_module': 'unknown', 'tech_keywords': ['tech_mtk']}","{'text': 'bootloader developer enable enter logcat mode proc_run logcat run', 'procedures': ['proc_run logcat'], 'sequence_length': 2}","{'text': 'boot encounter error_encountered error_exception exception hardware log module module_ro.product.board platform_ro.product.board routine suggest testing touchscreen', 'platforms': ['ro.product.board'], 'codes': [], 'hw_module': 'ro.product.board', 'tech_keywords': ['error_encountered', 'error_exception'], 'token_count': 14}",[TITLE] crash log modem mtk tech_mtk [STEPS] bootloader developer enable enter logcat mode proc_run logcat run [DESC] boot encounter error_encountered error_exception exception hardware log module module_ro.product.board platform_ro.product.board routine suggest testing touchscreen [SEQ_LEN] 2,unknown,0,1,2
MTK-1064,MTK Crash Log - modem,The bluetooth module on ro.mediatek.platform encountered a no boot during routine testing. Logs suggest a hardware exception.,run logcat → run logcat → run logcat,"{'text': 'crash log modem mtk tech_mtk', 'platforms': [], 'codes': [], 'hw_module': 'unknown', 'tech_keywords': ['tech_mtk']}","{'text': 'logcat proc_run logcat run', 'procedures': ['proc_run logcat'], 'sequence_length': 2}","{'text': 'bluetooth boot encounter error_encountered error_exception exception hardware log module module_hardware platform_ro.mediatek.platform routine suggest testing', 'platforms': ['ro.mediatek.platform'], 'codes': [], 'hw_module': 'hardware', 'tech_keywords': ['error_encountered', 'error_exception'], 'token_count': 14}",[TITLE] crash log modem mtk tech_mtk [STEPS] logcat proc_run logcat run [DESC] bluetooth boot encounter error_encountered error_exception exception hardware log module module_hardware platform_ro.mediatek.platform routine suggest testing [SEQ_LEN] 2,unknown,0,1,2
MTK-1065,Error: audio not responding - ro.board.platform,The touchscreen module on ro.mediatek.platform encountered a no boot during routine testing. Logs suggest a hardware exception.,flash firmware → run logcat → flash firmware,"{'text': 'audio error error_error module_ro.board.platform not platform_ro.board.platform responding', 'platforms': ['ro.board.platform'], 'codes': [], 'hw_module': 'ro.board.platform', 'tech_keywords': ['error_error']}","{'text': 'firmware flash logcat proc_run logcat run', 'procedures': ['proc_run logcat'], 'sequence_length': 2}","{'text': 'boot encounter error_encountered error_exception exception hardware log module module_hardware platform_ro.mediatek.platform routine suggest testing touchscreen', 'platforms': ['ro.mediatek.platform'], 'codes': [], 'hw_module': 'hardware', 'tech_keywords': ['error_encountered', 'error_exception'], 'token_count': 14}",[TITLE] audio error error_error module_ro.board.platform not platform_ro.board.platform responding [STEPS] firmware flash logcat proc_run logcat run [DESC] boot encounter error_encountered error_exception exception hardware log module module_hardware platform_ro.mediatek.platform routine suggest testing touchscreen [MODULE] ro.board.platform [PLATFORM] ro.board.platform [SEQ_LEN] 2,ro.board.platform,1,1,2
MTK-1066,MTK: Device Failure,The audio module on ro.mediatek.platform encountered a no audio during routine testing. Logs suggest a hardware exception.,connect to adb → flash firmware → reboot device,"{'text': 'device error_failure failure module_device mtk tech_mtk', 'platforms': [], 'codes': [], 'hw_module': 'device', 'tech_keywords': ['error_failure', 'tech_mtk']}","{'text': 'adb connect device firmware flash proc_reboot reboot to', 'procedures': ['proc_reboot'], 'sequence_length': 2}","{'text': 'audio encounter error_encountered error_exception exception hardware log module module_hardware platform_ro.mediatek.platform routine suggest testing', 'platforms': ['ro.mediatek.platform'], 'codes': [], 'hw_module': 'hardware', 'tech_keywords': ['error_encountered', 'error_exception'], 'token_count': 13}",[TITLE] device error_failure failure module_device mtk tech_mtk [STEPS] adb connect device firmware flash proc_reboot reboot to [DESC] audio encounter error_encountered error_exception exception hardware log module module_hardware platform_ro.mediatek.platform routine suggest testing [MODULE] device [SEQ_LEN] 2,device,0,1,2
MTK-1067,MTK: Device Failure,The touchscreen module on ro.mediatek.platform encountered a screen freeze during routine testing. Logs suggest a hardware exception.,flash firmware → enable developer mode → reboot device,"{'text': 'device error_failure failure module_device mtk tech_mtk', 'platforms': [], 'codes': [], 'hw_module': 'device', 'tech_keywords': ['error_failure', 'tech_mtk']}","{'text': 'developer device enable firmware flash mode proc_reboot reboot', 'procedures': ['proc_reboot'], 'sequence_length': 2}","{'text': 'encounter error_encountered error_exception exception freeze hardware log module module_hardware platform_ro.mediatek.platform routine screen suggest testing touchscreen', 'platforms': ['ro.mediatek.platform'], 'codes': [], 'hw_module': 'hardware', 'tech_keywords': ['error_encountered', 'error_exception'], 'token_count': 15}",[TITLE] device error_failure failure module_device mtk tech_mtk [STEPS] developer device enable firmware flash mode proc_reboot reboot [DESC] encounter error_encountered error_exception exception freeze hardware log module module_hardware platform_ro.mediatek.platform routine screen suggest testing touchscreen [MODULE] device [SEQ_LEN] 2,device,0,1,2
MTK-1068,MTK: modem failure : ro.mediatek.platform,The camera module on ro.mediatek.platform encountered a bootloop during routine testing. Logs suggest a hardware exception.,reboot device → enable developer mode → enable developer mode,"{'text': 'error_failure failure modem mtk platform_ro.mediatek.platform tech_mtk', 'platforms': ['ro.mediatek.platform'], 'codes': [], 'hw_module': 'unknown', 'tech_keywords': ['error_failure', 'tech_mtk']}","{'text': 'developer device enable mode proc_reboot reboot', 'procedures': ['proc_reboot'], 'sequence_length': 2}","{'text': 'bootloop camera encounter error_encountered error_exception exception hardware log module module_hardware platform_ro.mediatek.platform routine suggest testing', 'platforms': ['ro.mediatek.platform'], 'codes': [], 'hw_module': 'hardware', 'tech_keywords': ['error_encountered', 'error_exception'], 'token_count': 14}",[TITLE] error_failure failure modem mtk platform_ro.mediatek.platform tech_mtk [STEPS] developer device enable mode proc_reboot reboot [DESC] bootloop camera encounter error_encountered error_exception exception hardware log module module_hardware platform_ro.mediatek.platform routine suggest testing [PLATFORM] ro.mediatek.platform [SEQ_LEN] 2,unknown,1,1,2
MTK-1069,MTK: modem failure : ro.mediatek.platform,The camera module on ro.mediatek.platform encountered a no boot during routine testing. Logs suggest a hardware exception.,run logcat → reboot device → run logcat,"{'text': 'error_failure failure modem mtk platform_ro.mediatek.platform tech_mtk', 'platforms': ['ro.mediatek.platform'], 'codes': [], 'hw_module': 'unknown', 'tech_keywords': ['error_failure', 'tech_mtk']}","{'text': 'device logcat proc_reboot proc_run logcat reboot run', 'procedures': ['proc_reboot', 'proc_run logcat'], 'sequence_length': 2}","{'text': 'boot camera encounter error_encountered error_exception exception hardware log module module_hardware platform_ro.mediatek.platform routine suggest testing', 'platforms': ['ro.mediatek.platform'], 'codes': [], 'hw_module': 'hardware', 'tech_keywords': ['error_encountered', 'error_exception'], 'token_count': 14}",[TITLE] error_failure failure modem mtk platform_ro.mediatek.platform tech_mtk [STEPS] device logcat proc_reboot proc_run logcat reboot run [DESC] boot camera encounter error_encountered error_exception exception hardware log module module_hardware platform_ro.mediatek.platform routine suggest testing [PLATFORM] ro.mediatek.platform [SEQ_LEN] 2,unknown,1,2,2
MTK-1070,MTK Crash Log - modem,The display module on ro.board.platform encountered a device crash during routine testing. Logs suggest a hardware exception.,enable developer mode → reboot device → enter bootloader,"{'text': 'crash log modem mtk tech_mtk', 'platforms': [], 'codes': [], 'hw_module': 'unknown', 'tech_keywords': ['tech_mtk']}","{'text': 'bootloader developer device enable enter mode proc_reboot reboot', 'procedures': ['proc_reboot'], 'sequence_length': 2}","{'text': 'crash device display encounter error_encountered error_exception exception hardware log module module_ro.board.platform platform_ro.board.platform routine suggest testing', 'platforms': ['ro.board.platform'], 'codes': [], 'hw_module': 'ro.board.platform', 'tech_keywords': ['error_encountered', 'error_exception'], 'token_count': 15}",[TITLE] crash log modem mtk tech_mtk [STEPS] bootloader developer device enable enter mode proc_reboot reboot [DESC] crash device display encounter error_encountered error_exception exception hardware log module module_ro.board.platform platform_ro.board.platform routine suggest testing [SEQ_LEN] 2,unknown,0,1,2
MTK-1071,Critical Failure: touchscreen - MTK Flag: ro.product.board,The wifi module on ro.product.board encountered a no audio during routine testing. Logs suggest a hardware exception.,run logcat → flash firmware → reboot device,"{'text': 'critical error_failure failure flag module_ro.product.board mtk platform_ro.product.board tech_mtk touchscreen', 'platforms': ['ro.product.board'], 'codes': [], 'hw_module': 'ro.product.board', 'tech_keywords': ['error_failure', 'tech_mtk']}","{'text': 'device firmware flash logcat proc_reboot proc_run logcat reboot run', 'procedures': ['proc_reboot', 'proc_run logcat'], 'sequence_length': 2}","{'text': 'audio encounter error_encountered error_exception exception hardware log module module_ro.product.board platform_ro.product.board routine suggest tech_wifi testing wifi', 'platforms': ['ro.product.board'], 'codes': [], 'hw_module': 'ro.product.board', 'tech_keywords': ['error_encountered', 'tech_wifi', 'error_exception'], 'token_count': 15}",[TITLE] critical error_failure failure flag module_ro.product.board mtk platform_ro.product.board tech_mtk touchscreen [STEPS] device firmware flash logcat proc_reboot proc_run logcat reboot run [DESC] audio encounter error_encountered error_exception exception hardware log module module_ro.product.board platform_ro.product.board routine suggest tech_wifi testing wifi [MODULE] ro.product.board [PLATFORM] ro.product.board [SEQ_LEN] 2,ro.product.board,1,2,2
MTK-1072,MTK: modem failure : ro.mediatek.platform,The wifi module on ro.mediatek.platform encountered a no boot during routine testing. Logs suggest a hardware exception.,reboot device → connect to adb → enter bootloader,"{'text': 'error_failure failure modem mtk platform_ro.mediatek.platform tech_mtk', 'platforms': ['ro.mediatek.platform'], 'codes': [], 'hw_module': 'unknown', 'tech_keywords': ['error_failure', 'tech_mtk']}","{'text': 'adb bootloader connect device enter proc_reboot reboot to', 'procedures': ['proc_reboot'], 'sequence_length': 2}","{'text': 'boot encounter error_encountered error_exception exception hardware log module module_hardware platform_ro.mediatek.platform routine suggest tech_wifi testing wifi', 'platforms': ['ro.mediatek.platform'], 'codes': [], 'hw_module': 'hardware', 'tech_keywords': ['error_encountered', 'tech_wifi', 'error_exception'], 'token_count': 15}",[TITLE] error_failure failure modem mtk platform_ro.mediatek.platform tech_mtk [STEPS] adb bootloader connect device enter proc_reboot reboot to [DESC] boot encounter error_encountered error_exception exception hardware log module module_hardware platform_ro.mediatek.platform routine suggest tech_wifi testing wifi [PLATFORM] ro.mediatek.platform [SEQ_LEN] 2,unknown,1,1,2
MTK-1073,MTK Crash Log - modem,The camera module on ro.product.board encountered a no audio during routine testing. Logs suggest a hardware exception.,enable developer mode → enable developer mode → flash firmware,"{'text': 'crash log modem mtk tech_mtk', 'platforms': [], 'codes': [], 'hw_module': 'unknown', 'tech_keywords': ['tech_mtk']}","{'text': 'developer enable firmware flash mode', 'procedures': [], 'sequence_length': 2}","{'text': 'audio camera encounter error_encountered error_exception exception hardware log module module_ro.product.board platform_ro.product.board routine suggest testing', 'platforms': ['ro.product.board'], 'codes': [], 'hw_module': 'ro.product.board', 'tech_keywords': ['error_encountered', 'error_exception'], 'token_count': 14}",[TITLE] crash log modem mtk tech_mtk [STEPS] developer enable firmware flash mode [DESC] audio camera encounter error_encountered error_exception exception hardware log module module_ro.product.board platform_ro.product.board routine suggest testing [SEQ_LEN] 2,unknown,0,0,2
MTK-1074,Error: audio not responding - ro.board.platform,The camera module on ro.product.board encountered a no audio during routine testing. Logs suggest a hardware exception.,flash firmware → flash firmware → reboot device,"{'text': 'audio error error_error module_ro.board.platform not platform_ro.board.platform responding', 'platforms': ['ro.board.platform'], 'codes': [], 'hw_module': 'ro.board.platform', 'tech_keywords': ['error_error']}","{'text': 'device firmware flash proc_reboot reboot', 'procedures': ['proc_reboot'], 'sequence_length': 2}","{'text': 'audio camera encounter error_encountered error_exception exception hardware log module module_ro.product.board platform_ro.product.board routine suggest testing', 'platforms': ['ro.product.board'], 'codes': [], 'hw_module': 'ro.product.board', 'tech_keywords': ['error_encountered', 'error_exception'], 'token_count': 14}",[TITLE] audio error error_error module_ro.board.platform not platform_ro.board.platform responding [STEPS] device firmware flash proc_reboot reboot [DESC] audio camera encounter error_encountered error_exception exception hardware log module module_ro.product.board platform_ro.product.board routine suggest testing [MODULE] ro.board.platform [PLATFORM] ro.board.platform [SEQ_LEN] 2,ro.board.platform,1,1,2
MTK-1075,Error: audio not responding - ro.board.platform,The modem module on ro.product.board encountered a bootloop during routine testing. Logs suggest a hardware exception.,enable developer mode → enter bootloader → run logcat,"{'text': 'audio error error_error module_ro.board.platform not platform_ro.board.platform responding', 'platforms': ['ro.board.platform'], 'codes': [], 'hw_module': 'ro.board.platform', 'tech_keywords': ['error_error']}","{'text': 'bootloader developer enable enter logcat mode proc_run logcat run', 'procedures': ['proc_run logcat'], 'sequence_length': 2}","{'text': 'bootloop encounter error_encountered error_exception exception hardware log modem module module_ro.product.board platform_ro.product.board routine suggest testing', 'platforms': ['ro.product.board'], 'codes': [], 'hw_module': 'ro.product.board', 'tech_keywords': ['error_encountered', 'error_exception'], 'token_count': 14}",[TITLE] audio error error_error module_ro.board.platform not platform_ro.board.platform responding [STEPS] bootloader developer enable enter logcat mode proc_run logcat run [DESC] bootloop encounter error_encountered error_exception exception hardware log modem module module_ro.product.board platform_ro.product.board routine suggest testing [MODULE] ro.board.platform [PLATFORM] ro.board.platform [SEQ_LEN] 2,ro.board.platform,1,1,2
MTK-1076,MTK: modem failure : ro.mediatek.platform,The modem module on ro.mediatek.platform encountered a device crash during routine testing. Logs suggest a hardware exception.,enter bootloader → connect to adb → connect to adb,"{'text': 'error_failure failure modem mtk platform_ro.mediatek.platform tech_mtk', 'platforms': ['ro.mediatek.platform'], 'codes': [], 'hw_module': 'unknown', 'tech_keywords': ['error_failure', 'tech_mtk']}","{'text': 'adb bootloader connect enter to', 'procedures': [], 'sequence_length': 2}","{'text': 'crash device encounter error_encountered error_exception exception hardware log modem module module_hardware platform_ro.mediatek.platform routine suggest testing', 'platforms': ['ro.mediatek.platform'], 'codes': [], 'hw_module': 'hardware', 'tech_keywords': ['error_encountered', 'error_exception'], 'token_count': 15}",[TITLE] error_failure failure modem mtk platform_ro.mediatek.platform tech_mtk [STEPS] adb bootloader connect enter to [DESC] crash device encounter error_encountered error_exception exception hardware log modem module module_hardware platform_ro.mediatek.platform routine suggest testing [PLATFORM] ro.mediatek.platform [SEQ_LEN] 2,unknown,1,0,2
MTK-1077,MTK: Device Failure,The audio module on ro.board.platform encountered a bootloop during routine testing. Logs suggest a hardware exception.,run logcat → run logcat → reboot device,"{'text': 'device error_failure failure module_device mtk tech_mtk', 'platforms': [], 'codes': [], 'hw_module': 'device', 'tech_keywords': ['error_failure', 'tech_mtk']}","{'text': 'device logcat proc_reboot proc_run logcat reboot run', 'procedures': ['proc_reboot', 'proc_run logcat'], 'sequence_length': 2}","{'text': 'audio bootloop encounter error_encountered error_exception exception hardware log module module_ro.board.platform platform_ro.board.platform routine suggest testing', 'platforms': ['ro.board.platform'], 'codes': [], 'hw_module': 'ro.board.platform', 'tech_keywords': ['error_encountered', 'error_exception'], 'token_count': 14}",[TITLE] device error_failure failure module_device mtk tech_mtk [STEPS] device logcat proc_reboot proc_run logcat reboot run [DESC] audio bootloop encounter error_encountered error_exception exception hardware log module module_ro.board.platform platform_ro.board.platform routine suggest testing [MODULE] device [SEQ_LEN] 2,device,0,2,2
MTK-1078,Error: audio not responding - ro.board.platform,The bluetooth module on ro.product.board encountered a bluetooth disconnect during routine testing. Logs suggest a hardware exception.,enable developer mode → run logcat → enable developer mode,"{'text': 'audio error error_error module_ro.board.platform not platform_ro.board.platform responding', 'platforms': ['ro.board.platform'], 'codes': [], 'hw_module': 'ro.board.platform', 'tech_keywords': ['error_error']}","{'text': 'developer enable logcat mode proc_run logcat run', 'procedures': ['proc_run logcat'], 'sequence_length': 2}","{'text': 'bluetooth disconnect encounter error_encountered error_exception exception hardware log module module_ro.product.board platform_ro.product.board routine suggest tech_connect testing', 'platforms': ['ro.product.board'], 'codes': [], 'hw_module': 'ro.product.board', 'tech_keywords': ['tech_connect', 'error_encountered', 'error_exception'], 'token_count': 15}",[TITLE] audio error error_error module_ro.board.platform not platform_ro.board.platform responding [STEPS] developer enable logcat mode proc_run logcat run [DESC] bluetooth disconnect encounter error_encountered error_exception exception hardware log module module_ro.product.board platform_ro.product.board routine suggest tech_connect testing [MODULE] ro.board.platform [PLATFORM] ro.board.platform [SEQ_LEN] 2,ro.board.platform,1,1,2
MTK-1079,Critical Failure: touchscreen - MTK Flag: ro.product.board,The wifi module on ro.board.platform encountered a no boot during routine testing. Logs suggest a hardware exception.,flash firmware → connect to adb → flash firmware,"{'text': 'critical error_failure failure flag module_ro.product.board mtk platform_ro.product.board tech_mtk touchscreen', 'platforms': ['ro.product.board'], 'codes': [], 'hw_module': 'ro.product.board', 'tech_keywords': ['error_failure', 'tech_mtk']}","{'text': 'adb connect firmware flash to', 'procedures': [], 'sequence_length': 2}","{'text': 'boot encounter error_encountered error_exception exception hardware log module module_ro.board.platform platform_ro.board.platform routine suggest tech_wifi testing wifi', 'platforms': ['ro.board.platform'], 'codes': [], 'hw_module': 'ro.board.platform', 'tech_keywords': ['error_encountered', 'tech_wifi', 'error_exception'], 'token_count': 15}",[TITLE] critical error_failure failure flag module_ro.product.board mtk platform_ro.product.board tech_mtk touchscreen [STEPS] adb connect firmware flash to [DESC] boot encounter error_encountered error_exception exception hardware log module module_ro.board.platform platform_ro.board.platform routine suggest tech_wifi testing wifi [MODULE] ro.product.board [PLATFORM] ro.product.board [SEQ_LEN] 2,ro.product.board,1,0,2
MTK-1080,Error: audio not responding - ro.board.platform,The audio module on ro.board.platform encountered a screen freeze during routine testing. Logs suggest a hardware exception.,reboot device → reboot device → enable developer mode,"{'text': 'audio error error_error module_ro.board.platform not platform_ro.board.platform responding', 'platforms': ['ro.board.platform'], 'codes': [], 'hw_module': 'ro.board.platform', 'tech_keywords': ['error_error']}","{'text': 'developer device enable mode proc_reboot reboot', 'procedures': ['proc_reboot'], 'sequence_length': 2}","{'text': 'audio encounter error_encountered error_exception exception freeze hardware log module module_ro.board.platform platform_ro.board.platform routine screen suggest testing', 'platforms': ['ro.board.platform'], 'codes': [], 'hw_module': 'ro.board.platform', 'tech_keywords': ['error_encountered', 'error_exception'], 'token_count': 15}",[TITLE] audio error error_error module_ro.board.platform not platform_ro.board.platform responding [STEPS] developer device enable mode proc_reboot reboot [DESC] audio encounter error_encountered error_exception exception freeze hardware log module module_ro.board.platform platform_ro.board.platform routine screen suggest testing [MODULE] ro.board.platform [PLATFORM] ro.board.platform [SEQ_LEN] 2,ro.board.platform,1,1,2
MTK-1081,Critical Failure: touchscreen - MTK Flag: ro.product.board,The wifi module on ro.board.platform encountered a no audio during routine testing. Logs suggest a hardware exception.,enable developer mode → flash firmware → run logcat,"{'text': 'critical error_failure failure flag module_ro.product.board mtk platform_ro.product.board tech_mtk touchscreen', 'platforms': ['ro.product.board'], 'codes': [], 'hw_module': 'ro.product.board', 'tech_keywords': ['error_failure', 'tech_mtk']}","{'text': 'developer enable firmware flash logcat mode proc_run logcat run', 'procedures': ['proc_run logcat'], 'sequence_length': 2}","{'text': 'audio encounter error_encountered error_exception exception hardware log module module_ro.board.platform platform_ro.board.platform routine suggest tech_wifi testing wifi', 'platforms': ['ro.board.platform'], 'codes': [], 'hw_module': 'ro.board.platform', 'tech_keywords': ['error_encountered', 'tech_wifi', 'error_exception'], 'token_count': 15}",[TITLE] critical error_failure failure flag module_ro.product.board mtk platform_ro.product.board tech_mtk touchscreen [STEPS] developer enable firmware flash logcat mode proc_run logcat run [DESC] audio encounter error_encountered error_exception exception hardware log module module_ro.board.platform platform_ro.board.platform routine suggest tech_wifi testing wifi [MODULE] ro.product.board [PLATFORM] ro.product.board [SEQ_LEN] 2,ro.product.board,1,1,2
MTK-1082,Error: audio not responding - ro.board.platform,The touchscreen module on ro.product.board encountered a screen freeze during routine testing. Logs suggest a hardware exception.,reboot device → enable developer mode → enable developer mode,"{'text': 'audio error error_error module_ro.board.platform not platform_ro.board.platform responding', 'platforms': ['ro.board.platform'], 'codes': [], 'hw_module': 'ro.board.platform', 'tech_keywords': ['error_error']}","{'text': 'developer device enable mode proc_reboot reboot', 'procedures': ['proc_reboot'], 'sequence_length': 2}","{'text': 'encounter error_encountered error_exception exception freeze hardware log module module_ro.product.board platform_ro.product.board routine screen suggest testing touchscreen', 'platforms': ['ro.product.board'], 'codes': [], 'hw_module': 'ro.product.board', 'tech_keywords': ['error_encountered', 'error_exception'], 'token_count': 15}",[TITLE] audio error error_error module_ro.board.platform not platform_ro.board.platform responding [STEPS] developer device enable mode proc_reboot reboot [DESC] encounter error_encountered error_exception exception freeze hardware log module module_ro.product.board platform_ro.product.board routine screen suggest testing touchscreen [MODULE] ro.board.platform [PLATFORM] ro.board.platform [SEQ_LEN] 2,ro.board.platform,1,1,2
MTK-1083,MTK Crash Log - modem,The audio module on ro.board.platform encountered a bluetooth disconnect during routine testing. Logs suggest a hardware exception.,flash firmware → run logcat → connect to adb,"{'text': 'crash log modem mtk tech_mtk', 'platforms': [], 'codes': [], 'hw_module': 'unknown', 'tech_keywords': ['tech_mtk']}","{'text': 'adb connect firmware flash logcat proc_run logcat run to', 'procedures': ['proc_run logcat'], 'sequence_length': 2}","{'text': 'audio bluetooth disconnect encounter error_encountered error_exception exception hardware log module module_ro.board.platform platform_ro.board.platform routine suggest tech_connect testing', 'platforms': ['ro.board.platform'], 'codes': [], 'hw_module': 'ro.board.platform', 'tech_keywords': ['tech_connect', 'error_encountered', 'error_exception'], 'token_count': 16}",[TITLE] crash log modem mtk tech_mtk [STEPS] adb connect firmware flash logcat proc_run logcat run to [DESC] audio bluetooth disconnect encounter error_encountered error_exception exception hardware log module module_ro.board.platform platform_ro.board.platform routine suggest tech_connect testing [SEQ_LEN] 2,unknown,0,1,2
MTK-1084,MTK: Device Failure,The display module on ro.mediatek.platform encountered a device crash during routine testing. Logs suggest a hardware exception.,flash firmware → enter bootloader → run logcat,"{'text': 'device error_failure failure module_device mtk tech_mtk', 'platforms': [], 'codes': [], 'hw_module': 'device', 'tech_keywords': ['error_failure', 'tech_mtk']}","{'text': 'bootloader enter firmware flash logcat proc_run logcat run', 'procedures': ['proc_run logcat'], 'sequence_length': 2}","{'text': 'crash device display encounter error_encountered error_exception exception hardware log module module_hardware platform_ro.mediatek.platform routine suggest testing', 'platforms': ['ro.mediatek.platform'], 'codes': [], 'hw_module': 'hardware', 'tech_keywords': ['error_encountered', 'error_exception'], 'token_count': 15}",[TITLE] device error_failure failure module_device mtk tech_mtk [STEPS] bootloader enter firmware flash logcat proc_run logcat run [DESC] crash device display encounter error_encountered error_exception exception hardware log module module_hardware platform_ro.mediatek.platform routine suggest testing [MODULE] device [SEQ_LEN] 2,device,0,1,2
MTK-1085,MTK: modem failure : ro.mediatek.platform,The camera module on ro.product.board encountered a device crash during routine testing. Logs suggest a hardware exception.,enter bootloader → enter bootloader → flash firmware,"{'text': 'error_failure failure modem mtk platform_ro.mediatek.platform tech_mtk', 'platforms': ['ro.mediatek.platform'], 'codes': [], 'hw_module': 'unknown', 'tech_keywords': ['error_failure', 'tech_mtk']}","{'text': 'bootloader enter firmware flash', 'procedures': [], 'sequence_length': 2}","{'text': 'camera crash device encounter error_encountered error_exception exception hardware log module module_ro.product.board platform_ro.product.board routine suggest testing', 'platforms': ['ro.product.board'], 'codes': [], 'hw_module': 'ro.product.board', 'tech_keywords': ['error_encountered', 'error_exception'], 'token_count': 15}",[TITLE] error_failure failure modem mtk platform_ro.mediatek.platform tech_mtk [STEPS] bootloader enter firmware flash [DESC] camera crash device encounter error_encountered error_exception exception hardware log module module_ro.product.board platform_ro.product.board routine suggest testing [PLATFORM] ro.mediatek.platform [SEQ_LEN] 2,unknown,1,0,2
MTK-1086,Critical Failure: touchscreen - MTK Flag: ro.product.board,The display module on ro.product.board encountered a bluetooth disconnect during routine testing. Logs suggest a hardware exception.,run logcat → enter bootloader → run logcat,"{'text': 'critical error_failure failure flag module_ro.product.board mtk platform_ro.product.board tech_mtk touchscreen', 'platforms': ['ro.product.board'], 'codes': [], 'hw_module': 'ro.product.board', 'tech_keywords': ['error_failure', 'tech_mtk']}","{'text': 'bootloader enter logcat proc_run logcat run', 'procedures': ['proc_run logcat'], 'sequence_length': 2}","{'text': 'bluetooth disconnect display encounter error_encountered error_exception exception hardware log module module_ro.product.board platform_ro.product.board routine suggest tech_connect testing', 'platforms': ['ro.product.board'], 'codes': [], 'hw_module': 'ro.product.board', 'tech_keywords': ['tech_connect', 'error_encountered', 'error_exception'], 'token_count': 16}",[TITLE] critical error_failure failure flag module_ro.product.board mtk platform_ro.product.board tech_mtk touchscreen [STEPS] bootloader enter logcat proc_run logcat run [DESC] bluetooth disconnect display encounter error_encountered error_exception exception hardware log module module_ro.product.board platform_ro.product.board routine suggest tech_connect testing [MODULE] ro.product.board [PLATFORM] ro.product.board [SEQ_LEN] 2,ro.product.board,1,1,2
MTK-1087,Error: audio not responding - ro.board.platform,The touchscreen module on ro.product.board encountered a device crash during routine testing. Logs suggest a hardware exception.,reboot device → enable developer mode → run logcat,"{'text': 'audio error error_error module_ro.board.platform not platform_ro.board.platform responding', 'platforms': ['ro.board.platform'], 'codes': [], 'hw_module': 'ro.board.platform', 'tech_keywords': ['error_error']}","{'text': 'developer device enable logcat mode proc_reboot proc_run logcat reboot run', 'procedures': ['proc_reboot', 'proc_run logcat'], 'sequence_length': 2}","{'text': 'crash device encounter error_encountered error_exception exception hardware log module module_ro.product.board platform_ro.product.board routine suggest testing touchscreen', 'platforms': ['ro.product.board'], 'codes': [], 'hw_module': 'ro.product.board', 'tech_keywords': ['error_encountered', 'error_exception'], 'token_count': 15}",[TITLE] audio error error_error module_ro.board.platform not platform_ro.board.platform responding [STEPS] developer device enable logcat mode proc_reboot proc_run logcat reboot run [DESC] crash device encounter error_encountered error_exception exception hardware log module module_ro.product.board platform_ro.product.board routine suggest testing touchscreen [MODULE] ro.board.platform [PLATFORM] ro.board.platform [SEQ_LEN] 2,ro.board.platform,1,2,2
MTK-1088,MTK: Device Failure,The touchscreen module on ro.board.platform encountered a unexpected shutdown during routine testing. Logs suggest a hardware exception.,enter bootloader → reboot device → enter bootloader,"{'text': 'device error_failure failure module_device mtk tech_mtk', 'platforms': [], 'codes': [], 'hw_module': 'device', 'tech_keywords': ['error_failure', 'tech_mtk']}","{'text': 'bootloader device enter proc_reboot reboot', 'procedures': ['proc_reboot'], 'sequence_length': 2}","{'text': 'encounter error_encountered error_exception exception hardware log module module_ro.board.platform platform_ro.board.platform routine shutdown suggest testing touchscreen unexpected', 'platforms': ['ro.board.platform'], 'codes': [], 'hw_module': 'ro.board.platform', 'tech_keywords': ['error_encountered', 'error_exception'], 'token_count': 15}",[TITLE] device error_failure failure module_device mtk tech_mtk [STEPS] bootloader device enter proc_reboot reboot [DESC] encounter error_encountered error_exception exception hardware log module module_ro.board.platform platform_ro.board.platform routine shutdown suggest testing touchscreen unexpected [MODULE] device [SEQ_LEN] 2,device,0,1,2
MTK-1089,MTK: modem failure : ro.mediatek.platform,The bluetooth module on ro.product.board encountered a unexpected shutdown during routine testing. Logs suggest a hardware exception.,enable developer mode → reboot device → enable developer mode,"{'text': 'error_failure failure modem mtk platform_ro.mediatek.platform tech_mtk', 'platforms': ['ro.mediatek.platform'], 'codes': [], 'hw_module': 'unknown', 'tech_keywords': ['error_failure', 'tech_mtk']}","{'text': 'developer device enable mode proc_reboot reboot', 'procedures': ['proc_reboot'], 'sequence_length': 2}","{'text': 'bluetooth encounter error_encountered error_exception exception hardware log module module_ro.product.board platform_ro.product.board routine shutdown suggest testing unexpected', 'platforms': ['ro.product.board'], 'codes': [], 'hw_module': 'ro.product.board', 'tech_keywords': ['error_encountered', 'error_exception'], 'token_count': 15}",[TITLE] error_failure failure modem mtk platform_ro.mediatek.platform tech_mtk [STEPS] developer device enable mode proc_reboot reboot [DESC] bluetooth encounter error_encountered error_exception exception hardware log module module_ro.product.board platform_ro.product.board routine shutdown suggest testing unexpected [PLATFORM] ro.mediatek.platform [SEQ_LEN] 2,unknown,1,1,2
MTK-1090,MTK: Device Failure,The touchscreen module on ro.board.platform encountered a screen freeze during routine testing. Logs suggest a hardware exception.,reboot device → enable developer mode → enter bootloader,"{'text': 'device error_failure failure module_device mtk tech_mtk', 'platforms': [], 'codes': [], 'hw_module': 'device', 'tech_keywords': ['error_failure', 'tech_mtk']}","{'text': 'bootloader developer device enable enter mode proc_reboot reboot', 'procedures': ['proc_reboot'], 'sequence_length': 2}","{'text': 'encounter error_encountered error_exception exception freeze hardware log module module_ro.board.platform platform_ro.board.platform routine screen suggest testing touchscreen', 'platforms': ['ro.board.platform'], 'codes': [], 'hw_module': 'ro.board.platform', 'tech_keywords': ['error_encountered', 'error_exception'], 'token_count': 15}",[TITLE] device error_failure failure module_device mtk tech_mtk [STEPS] bootloader developer device enable enter mode proc_reboot reboot [DESC] encounter error_encountered error_exception exception freeze hardware log module module_ro.board.platform platform_ro.board.platform routine screen suggest testing touchscreen [MODULE] device [SEQ_LEN] 2,device,0,1,2
MTK-1091,MTK: modem failure : ro.mediatek.platform,The touchscreen module on ro.product.board encountered a bootloop during routine testing. Logs suggest a hardware exception.,enter bootloader → run logcat → run logcat,"{'text': 'error_failure failure modem mtk platform_ro.mediatek.platform tech_mtk', 'platforms': ['ro.mediatek.platform'], 'codes': [], 'hw_module': 'unknown', 'tech_keywords': ['error_failure', 'tech_mtk']}","{'text': 'bootloader enter logcat proc_run logcat run', 'procedures': ['proc_run logcat'], 'sequence_length': 2}","{'text': 'bootloop encounter error_encountered error_exception exception hardware log module module_ro.product.board platform_ro.product.board routine suggest testing touchscreen', 'platforms': ['ro.product.board'], 'codes': [], 'hw_module': 'ro.product.board', 'tech_keywords': ['error_encountered', 'error_exception'], 'token_count': 14}",[TITLE] error_failure failure modem mtk platform_ro.mediatek.platform tech_mtk [STEPS] bootloader enter logcat proc_run logcat run [DESC] bootloop encounter error_encountered error_exception exception hardware log module module_ro.product.board platform_ro.product.board routine suggest testing touchscreen [PLATFORM] ro.mediatek.platform [SEQ_LEN] 2,unknown,1,1,2
MTK-1092,MTK Crash Log - modem,The bluetooth module on ro.product.board encountered a screen freeze during routine testing. Logs suggest a hardware exception.,reboot device → enable developer mode → connect to adb,"{'text': 'crash log modem mtk tech_mtk', 'platforms': [], 'codes': [], 'hw_module': 'unknown', 'tech_keywords': ['tech_mtk']}","{'text': 'adb connect developer device enable mode proc_reboot reboot to', 'procedures': ['proc_reboot'], 'sequence_length': 2}","{'text': 'bluetooth encounter error_encountered error_exception exception freeze hardware log module module_ro.product.board platform_ro.product.board routine screen suggest testing', 'platforms': ['ro.product.board'], 'codes': [], 'hw_module': 'ro.product.board', 'tech_keywords': ['error_encountered', 'error_exception'], 'token_count': 15}",[TITLE] crash log modem mtk tech_mtk [STEPS] adb connect developer device enable mode proc_reboot reboot to [DESC] bluetooth encounter error_encountered error_exception exception freeze hardware log module module_ro.product.board platform_ro.product.board routine screen suggest testing [SEQ_LEN] 2,unknown,0,1,2
MTK-1093,MTK Crash Log - modem,The touchscreen module on ro.product.board encountered a screen freeze during routine testing. Logs suggest a hardware exception.,connect to adb → flash firmware → enter bootloader,"{'text': 'crash log modem mtk tech_mtk', 'platforms': [], 'codes': [], 'hw_module': 'unknown', 'tech_keywords': ['tech_mtk']}","{'text': 'adb bootloader connect enter firmware flash to', 'procedures': [], 'sequence_length': 2}","{'text': 'encounter error_encountered error_exception exception freeze hardware log module module_ro.product.board platform_ro.product.board routine screen suggest testing touchscreen', 'platforms': ['ro.product.board'], 'codes': [], 'hw_module': 'ro.product.board', 'tech_keywords': ['error_encountered', 'error_exception'], 'token_count': 15}",[TITLE] crash log modem mtk tech_mtk [STEPS] adb bootloader connect enter firmware flash to [DESC] encounter error_encountered error_exception exception freeze hardware log module module_ro.product.board platform_ro.product.board routine screen suggest testing touchscreen [SEQ_LEN] 2,unknown,0,0,2
MTK-1094,Error: audio not responding - ro.board.platform,The wifi module on ro.mediatek.platform encountered a no audio during routine testing. Logs suggest a hardware exception.,enter bootloader → reboot device → connect to adb,"{'text': 'audio error error_error module_ro.board.platform not platform_ro.board.platform responding', 'platforms': ['ro.board.platform'], 'codes': [], 'hw_module': 'ro.board.platform', 'tech_keywords': ['error_error']}","{'text': 'adb bootloader connect device enter proc_reboot reboot to', 'procedures': ['proc_reboot'], 'sequence_length': 2}","{'text': 'audio encounter error_encountered error_exception exception hardware log module module_hardware platform_ro.mediatek.platform routine suggest tech_wifi testing wifi', 'platforms': ['ro.mediatek.platform'], 'codes': [], 'hw_module': 'hardware', 'tech_keywords': ['error_encountered', 'tech_wifi', 'error_exception'], 'token_count': 15}",[TITLE] audio error error_error module_ro.board.platform not platform_ro.board.platform responding [STEPS] adb bootloader connect device enter proc_reboot reboot to [DESC] audio encounter error_encountered error_exception exception hardware log module module_hardware platform_ro.mediatek.platform routine suggest tech_wifi testing wifi [MODULE] ro.board.platform [PLATFORM] ro.board.platform [SEQ_LEN] 2,ro.board.platform,1,1,2
MTK-1095,Critical Failure: touchscreen - MTK Flag: ro.product.board,The wifi module on ro.mediatek.platform encountered a unexpected shutdown during routine testing. Logs suggest a hardware exception.,reboot device → connect to adb → run logcat,"{'text': 'critical error_failure failure flag module_ro.product.board mtk platform_ro.product.board tech_mtk touchscreen', 'platforms': ['ro.product.board'], 'codes': [], 'hw_module': 'ro.product.board', 'tech_keywords': ['error_failure', 'tech_mtk']}","{'text': 'adb connect device logcat proc_reboot proc_run logcat reboot run to', 'procedures': ['proc_reboot', 'proc_run logcat'], 'sequence_length': 2}","{'text': 'encounter error_encountered error_exception exception hardware log module module_hardware platform_ro.mediatek.platform routine shutdown suggest tech_wifi testing unexpected wifi', 'platforms': ['ro.mediatek.platform'], 'codes': [], 'hw_module': 'hardware', 'tech_keywords': ['error_encountered', 'tech_wifi', 'error_exception'], 'token_count': 16}",[TITLE] critical error_failure failure flag module_ro.product.board mtk platform_ro.product.board tech_mtk touchscreen [STEPS] adb connect device logcat proc_reboot proc_run logcat reboot run to [DESC] encounter error_encountered error_exception exception hardware log module module_hardware platform_ro.mediatek.platform routine shutdown suggest tech_wifi testing unexpected wifi [MODULE] ro.product.board [PLATFORM] ro.product.board [SEQ_LEN] 2,ro.product.board,1,2,2
MTK-1096,MTK: modem failure : ro.mediatek.platform,The camera module on ro.product.board encountered a no boot during routine testing. Logs suggest a hardware exception.,run logcat → enable developer mode → enter bootloader,"{'text': 'error_failure failure modem mtk platform_ro.mediatek.platform tech_mtk', 'platforms': ['ro.mediatek.platform'], 'codes': [], 'hw_module': 'unknown', 'tech_keywords': ['error_failure', 'tech_mtk']}","{'text': 'bootloader developer enable enter logcat mode proc_run logcat run', 'procedures': ['proc_run logcat'], 'sequence_length': 2}","{'text': 'boot camera encounter error_encountered error_exception exception hardware log module module_ro.product.board platform_ro.product.board routine suggest testing', 'platforms': ['ro.product.board'], 'codes': [], 'hw_module': 'ro.product.board', 'tech_keywords': ['error_encountered', 'error_exception'], 'token_count': 14}",[TITLE] error_failure failure modem mtk platform_ro.mediatek.platform tech_mtk [STEPS] bootloader developer enable enter logcat mode proc_run logcat run [DESC] boot camera encounter error_encountered error_exception exception hardware log module module_ro.product.board platform_ro.product.board routine suggest testing [PLATFORM] ro.mediatek.platform [SEQ_LEN] 2,unknown,1,1,2
MTK-1097,MTK: modem failure : ro.mediatek.platform,The wifi module on ro.product.board encountered a no boot during routine testing. Logs suggest a hardware exception.,reboot device → enable developer mode → reboot device,"{'text': 'error_failure failure modem mtk platform_ro.mediatek.platform tech_mtk', 'platforms': ['ro.mediatek.platform'], 'codes': [], 'hw_module': 'unknown', 'tech_keywords': ['error_failure', 'tech_mtk']}","{'text': 'developer device enable mode proc_reboot reboot', 'procedures': ['proc_reboot'], 'sequence_length': 2}","{'text': 'boot encounter error_encountered error_exception exception hardware log module module_ro.product.board platform_ro.product.board routine suggest tech_wifi testing wifi', 'platforms': ['ro.product.board'], 'codes': [], 'hw_module': 'ro.product.board', 'tech_keywords': ['error_encountered', 'tech_wifi', 'error_exception'], 'token_count': 15}",[TITLE] error_failure failure modem mtk platform_ro.mediatek.platform tech_mtk [STEPS] developer device enable mode proc_reboot reboot [DESC] boot encounter error_encountered error_exception exception hardware log module module_ro.product.board platform_ro.product.board routine suggest tech_wifi testing wifi [PLATFORM] ro.mediatek.platform [SEQ_LEN] 2,unknown,1,1,2
MTK-1098,MTK: modem failure : ro.mediatek.platform,The wifi module on ro.mediatek.platform encountered a no boot during routine testing. Logs suggest a hardware exception.,run logcat → enable developer mode → enter bootloader,"{'text': 'error_failure failure modem mtk platform_ro.mediatek.platform tech_mtk', 'platforms': ['ro.mediatek.platform'], 'codes': [], 'hw_module': 'unknown', 'tech_keywords': ['error_failure', 'tech_mtk']}","{'text': 'bootloader developer enable enter logcat mode proc_run logcat run', 'procedures': ['proc_run logcat'], 'sequence_length': 2}","{'text': 'boot encounter error_encountered error_exception exception hardware log module module_hardware platform_ro.mediatek.platform routine suggest tech_wifi testing wifi', 'platforms': ['ro.mediatek.platform'], 'codes': [], 'hw_module': 'hardware', 'tech_keywords': ['error_encountered', 'tech_wifi', 'error_exception'], 'token_count': 15}",[TITLE] error_failure failure modem mtk platform_ro.mediatek.platform tech_mtk [STEPS] bootloader developer enable enter logcat mode proc_run logcat run [DESC] boot encounter error_encountered error_exception exception hardware log module module_hardware platform_ro.mediatek.platform routine suggest tech_wifi testing wifi [PLATFORM] ro.mediatek.platform [SEQ_LEN] 2,unknown,1,1,2
MTK-1099,Error: audio not responding - ro.board.platform,The modem module on ro.board.platform encountered a unexpected shutdown during routine testing. Logs suggest a hardware exception.,connect to adb → flash firmware → run logcat,"{'text': 'audio error error_error module_ro.board.platform not platform_ro.board.platform responding', 'platforms': ['ro.board.platform'], 'codes': [], 'hw_module': 'ro.board.platform', 'tech_keywords': ['error_error']}","{'text': 'adb connect firmware flash logcat proc_run logcat run to', 'procedures': ['proc_run logcat'], 'sequence_length': 2}","{'text': 'encounter error_encountered error_exception exception hardware log modem module module_ro.board.platform platform_ro.board.platform routine shutdown suggest testing unexpected', 'platforms': ['ro.board.platform'], 'codes': [], 'hw_module': 'ro.board.platform', 'tech_keywords': ['error_encountered', 'error_exception'], 'token_count': 15}",[TITLE] audio error error_error module_ro.board.platform not platform_ro.board.platform responding [STEPS] adb connect firmware flash logcat proc_run logcat run to [DESC] encounter error_encountered error_exception exception hardware log modem module module_ro.board.platform platform_ro.board.platform routine shutdown suggest testing unexpected [MODULE] ro.board.platform [PLATFORM] ro.board.platform [SEQ_LEN] 2,ro.board.platform,1,1,2
ticket_id,title,description,repeat_steps,"{'text': 'title', 'platforms': [], 'codes': [], 'hw_module': 'unknown', 'tech_keywords': []}","{'text': 'repeat_steps', 'procedures': [], 'sequence_length': 1}","{'text': 'description', 'platforms': [], 'codes': [], 'hw_module': 'unknown', 'tech_keywords': [], 'token_count': 1}",[TITLE] title [STEPS] repeat_steps [DESC] description,unknown,0,0,1
MTK-2000,MTK: SCP timeout : ro.vendor.mediatek,The display module on ro.mediatek.platform encountered a kernel panic during routine testing. Logs suggest a hardware exception.,connect to adb → enter bootloader → flash firmware,"{'text': 'mtk platform_ro.vendor.mediatek scp tech_mtk timeout', 'platforms': ['ro.vendor.mediatek'], 'codes': [], 'hw_module': 'unknown', 'tech_keywords': ['tech_mtk']}","{'text': 'adb bootloader connect enter firmware flash to', 'procedures': [], 'sequence_length': 2}","{'text': 'display encounter error_encountered error_exception exception hardware kernel log module module_hardware panic platform_ro.mediatek.platform routine suggest testing', 'platforms': ['ro.mediatek.platform'], 'codes': [], 'hw_module': 'hardware', 'tech_keywords': ['error_encountered', 'error_exception'], 'token_count': 15}",[TITLE] mtk platform_ro.vendor.mediatek scp tech_mtk timeout [STEPS] adb bootloader connect enter firmware flash to [DESC] display encounter error_encountered error_exception exception hardware kernel log module module_hardware panic platform_ro.mediatek.platform routine suggest testing [PLATFORM] ro.vendor.mediatek [SEQ_LEN] 2,unknown,1,0,2
MTK-2001,Critical Failure: GPS - MTK Flag: ro.board.platform,The modem module on ro.product.board encountered a thermal shutdown during routine testing. Logs suggest a hardware exception.,enable developer mode → run logcat → reboot device,"{'text': 'critical error_failure failure flag gps module_ro.board.platform mtk platform_ro.board.platform tech_mtk', 'platforms': ['ro.board.platform'], 'codes': [], 'hw_module': 'ro.board.platform', 'tech_keywords': ['error_failure', 'tech_mtk']}","{'text': 'developer device enable logcat mode proc_reboot proc_run logcat reboot run', 'procedures': ['proc_reboot', 'proc_run logcat'], 'sequence_length': 2}","{'text': 'encounter error_encountered error_exception exception hardware log modem module module_ro.product.board platform_ro.product.board routine shutdown suggest testing thermal', 'platforms': ['ro.product.board'], 'codes': [], 'hw_module': 'ro.product.board', 'tech_keywords': ['error_encountered', 'error_exception'], 'token_count': 15}",[TITLE] critical error_failure failure flag gps module_ro.board.platform mtk platform_ro.board.platform tech_mtk [STEPS] developer device enable logcat mode proc_reboot proc_run logcat reboot run [DESC] encounter error_encountered error_exception exception hardware log modem module module_ro.product.board platform_ro.product.board routine shutdown suggest testing thermal [MODULE] ro.board.platform [PLATFORM] ro.board.platform [SEQ_LEN] 2,ro.board.platform,1,2,2
MTK-2002,Error: camera ISP halt - ro.mediatek.platform,The touchscreen module on ro.board.platform encountered a watchdog timeout during routine testing. Logs suggest a hardware exception.,flash firmware → connect to adb → enter bootloader,"{'text': 'camera error error_error halt isp platform_ro.mediatek.platform', 'platforms': ['ro.mediatek.platform'], 'codes': [], 'hw_module': 'unknown', 'tech_keywords': ['error_error']}","{'text': 'adb bootloader connect enter firmware flash to', 'procedures': [], 'sequence_length': 2}","{'text': 'encounter error_encountered error_exception exception hardware log module module_ro.board.platform platform_ro.board.platform routine suggest testing timeout touchscreen watchdog', 'platforms': ['ro.board.platform'], 'codes': [], 'hw_module': 'ro.board.platform', 'tech_keywords': ['error_encountered', 'error_exception'], 'token_count': 15}",[TITLE] camera error error_error halt isp platform_ro.mediatek.platform [STEPS] adb bootloader connect enter firmware flash to [DESC] encounter error_encountered error_exception exception hardware log module module_ro.board.platform platform_ro.board.platform routine suggest testing timeout touchscreen watchdog [PLATFORM] ro.mediatek.platform [SEQ_LEN] 2,unknown,1,0,2
MTK-2003,MTK Crash Log - connectivity,The wifi module on ro.product.board encountered a memory corruption during routine testing. Logs suggest a hardware exception.,run logcat → enable developer mode → flash firmware,"{'text': 'connectivity crash log mtk tech_connect tech_mtk', 'platforms': [], 'codes': [], 'hw_module': 'unknown', 'tech_keywords': ['tech_connect', 'tech_mtk']}","{'text': 'developer enable firmware flash logcat mode proc_run logcat run', 'procedures': ['proc_run logcat'], 'sequence_length': 2}","{'text': 'corruption encounter error_encountered error_exception exception hardware log memory module module_ro.product.board platform_ro.product.board routine suggest tech_wifi testing wifi', 'platforms': ['ro.product.board'], 'codes': [], 'hw_module': 'ro.product.board', 'tech_keywords': ['error_encountered', 'tech_wifi', 'error_exception'], 'token_count': 16}",[TITLE] connectivity crash log mtk tech_connect tech_mtk [STEPS] developer enable firmware flash logcat mode proc_run logcat run [DESC] corruption encounter error_encountered error_exception exception hardware log memory module module_ro.product.board platform_ro.product.board routine suggest tech_wifi testing wifi [SEQ_LEN] 2,unknown,0,1,2
MTK-2004,MTK: PMIC exception : ro.board.platform,The bluetooth module on ro.mediatek.platform encountered a firmware hang during routine testing. Logs suggest a hardware exception.,reboot device → enter bootloader → run logcat,"{'text': 'error_exception exception module_ro.board.platform mtk platform_ro.board.platform pmic tech_mtk', 'platforms': ['ro.board.platform'], 'codes': [], 'hw_module': 'ro.board.platform', 'tech_keywords': ['tech_mtk', 'error_exception']}","{'text': 'bootloader device enter logcat proc_reboot proc_run logcat reboot run', 'procedures': ['proc_reboot', 'proc_run logcat'], 'sequence_length': 2}","{'text': 'bluetooth encounter error_encountered error_exception exception firmware hang hardware log module module_firmware platform_ro.mediatek.platform routine suggest testing', 'platforms': ['ro.mediatek.platform'], 'codes': [], 'hw_module': 'firmware', 'tech_keywords': ['error_encountered', 'error_exception'], 'token_count': 15}",[TITLE] error_exception exception module_ro.board.platform mtk platform_ro.board.platform pmic tech_mtk [STEPS] bootloader device enter logcat proc_reboot proc_run logcat reboot run [DESC] bluetooth encounter error_encountered error_exception exception firmware hang hardware log module module_firmware platform_ro.mediatek.platform routine suggest testing [MODULE] ro.board.platform [PLATFORM] ro.board.platform [SEQ_LEN] 2,ro.board.platform,1,2,2
MTK-2005,Error: sensor fusion timeout - ro.product.board,The camera module on ro.board.platform encountered a driver crash during routine testing. Logs suggest a hardware exception.,enable developer mode → connect to adb → enable developer mode,"{'text': 'error error_error fusion module_ro.product.board platform_ro.product.board sensor timeout', 'platforms': ['ro.product.board'], 'codes': [], 'hw_module': 'ro.product.board', 'tech_keywords': ['error_error']}","{'text': 'adb connect developer enable mode to', 'procedures': [], 'sequence_length': 2}","{'text': 'camera crash driver encounter error_encountered error_exception exception hardware log module module_ro.board.platform platform_ro.board.platform routine suggest testing', 'platforms': ['ro.board.platform'], 'codes': [], 'hw_module': 'ro.board.platform', 'tech_keywords': ['error_encountered', 'error_exception'], 'token_count': 15}",[TITLE] error error_error fusion module_ro.product.board platform_ro.product.board sensor timeout [STEPS] adb connect developer enable mode to [DESC] camera crash driver encounter error_encountered error_exception exception hardware log module module_ro.board.platform platform_ro.board.platform routine suggest testing [MODULE] ro.product.board [PLATFORM] ro.product.board [SEQ_LEN] 2,ro.product.board,1,0,2
MTK-2006,MTK: DVFS scaling failure,The audio module on ro.mediatek.platform encountered a buffer overflow during routine testing. Logs suggest a hardware exception.,flash firmware → run logcat → reboot device,"{'text': 'dvfs error_failure failure mtk scaling tech_mtk', 'platforms': [], 'codes': [], 'hw_module': 'unknown', 'tech_keywords': ['error_failure', 'tech_mtk']}","{'text': 'device firmware flash logcat proc_reboot proc_run logcat reboot run', 'procedures': ['proc_reboot', 'proc_run logcat'], 'sequence_length': 2}","{'text': 'audio buffer encounter error_encountered error_exception exception hardware log module module_hardware overflow platform_ro.mediatek.platform routine suggest testing', 'platforms': ['ro.mediatek.platform'], 'codes': [], 'hw_module': 'hardware', 'tech_keywords': ['error_encountered', 'error_exception'], 'token_count': 15}",[TITLE] dvfs error_failure failure mtk scaling tech_mtk [STEPS] device firmware flash logcat proc_reboot proc_run logcat reboot run [DESC] audio buffer encounter error_encountered error_exception exception hardware log module module_hardware overflow platform_ro.mediatek.platform routine suggest testing [SEQ_LEN] 2,unknown,0,2,2
MTK-2007,Critical Failure: NFC - MTK Flag: ro.vendor.mediatek,The display module on ro.product.board encountered a power state error during routine testing. Logs suggest a hardware exception.,connect to adb → flash firmware → enter bootloader,"{'text': 'critical error_failure failure flag mtk nfc platform_ro.vendor.mediatek tech_mtk', 'platforms': ['ro.vendor.mediatek'], 'codes': [], 'hw_module': 'unknown', 'tech_keywords': ['error_failure', 'tech_mtk']}","{'text': 'adb bootloader connect enter firmware flash to', 'procedures': [], 'sequence_length': 2}","{'text': 'display encounter error error_encountered error_error error_exception exception hardware log module module_ro.product.board platform_ro.product.board power routine state suggest testing', 'platforms': ['ro.product.board'], 'codes': [], 'hw_module': 'ro.product.board', 'tech_keywords': ['error_encountered', 'error_error', 'error_exception'], 'token_count': 17}",[TITLE] critical error_failure failure flag mtk nfc platform_ro.vendor.mediatek tech_mtk [STEPS] adb bootloader connect enter firmware flash to [DESC] display encounter error error_encountered error_error error_exception exception hardware log module module_ro.product.board platform_ro.product.board power routine state suggest testing [PLATFORM] ro.vendor.mediatek [SEQ_LEN] 2,unknown,1,0,2
MTK-2008,MTK Crash Log - thermal,The modem module on ro.board.platform encountered a signal integrity failure during routine testing. Logs suggest a hardware exception.,run logcat → reboot device → enable developer mode,"{'text': 'crash log mtk tech_mtk thermal', 'platforms': [], 'codes': [], 'hw_module': 'unknown', 'tech_keywords': ['tech_mtk']}","{'text': 'developer device enable logcat mode proc_reboot proc_run logcat reboot run', 'procedures': ['proc_reboot', 'proc_run logcat'], 'sequence_length': 2}","{'text': 'encounter error_encountered error_exception error_failure exception failure hardware integrity log modem module module_ro.board.platform platform_ro.board.platform routine signal suggest testing', 'platforms': ['ro.board.platform'], 'codes': [], 'hw_module': 'ro.board.platform', 'tech_keywords': ['error_failure', 'error_encountered', 'error_exception'], 'token_count': 17}",[TITLE] crash log mtk tech_mtk thermal [STEPS] developer device enable logcat mode proc_reboot proc_run logcat reboot run [DESC] encounter error_encountered error_exception error_failure exception failure hardware integrity log modem module module_ro.board.platform platform_ro.board.platform routine signal suggest testing [SEQ_LEN] 2,unknown,0,2,2
MTK-2009,Error: MIPI DSI timeout - ro.mediatek.platform,The touchscreen module on ro.product.board encountered a calibration error during routine testing. Logs suggest a hardware exception.,enable developer mode → enter bootloader → connect to adb,"{'text': 'dsi error error_error mipi platform_ro.mediatek.platform timeout', 'platforms': ['ro.mediatek.platform'], 'codes': [], 'hw_module': 'unknown', 'tech_keywords': ['error_error']}","{'text': 'adb bootloader connect developer enable enter mode to', 'procedures': [], 'sequence_length': 2}","{'text': 'calibration encounter error error_encountered error_error error_exception exception hardware log module module_ro.product.board platform_ro.product.board routine suggest testing touchscreen', 'platforms': ['ro.product.board'], 'codes': [], 'hw_module': 'ro.product.board', 'tech_keywords': ['error_encountered', 'error_error', 'error_exception'], 'token_count': 16}",[TITLE] dsi error error_error mipi platform_ro.mediatek.platform timeout [STEPS] adb bootloader connect developer enable enter mode to [DESC] calibration encounter error error_encountered error_error error_exception exception hardware log module module_ro.product.board platform_ro.product.board routine suggest testing touchscreen [PLATFORM] ro.mediatek.platform [SEQ_LEN] 2,unknown,1,0,2
MTK-2010,MTK: EMI bandwidth exceeded,The wifi module on ro.board.platform encountered a protocol violation during routine testing. Logs suggest a hardware exception.,flash firmware → enable developer mode → run logcat,"{'text': 'bandwidth emi exceeded mtk tech_mtk', 'platforms': [], 'codes': [], 'hw_module': 'unknown', 'tech_keywords': ['tech_mtk']}","{'text': 'developer enable firmware flash logcat mode proc_run logcat run', 'procedures': ['proc_run logcat'], 'sequence_length': 2}","{'text': 'encounter error_encountered error_exception exception hardware log module module_ro.board.platform platform_ro.board.platform protocol routine suggest tech_wifi testing violation wifi', 'platforms': ['ro.board.platform'], 'codes': [], 'hw_module': 'ro.board.platform', 'tech_keywords': ['error_encountered', 'tech_wifi', 'error_exception'], 'token_count': 16}",[TITLE] bandwidth emi exceeded mtk tech_mtk [STEPS] developer enable firmware flash logcat mode proc_run logcat run [DESC] encounter error_encountered error_exception exception hardware log module module_ro.board.platform platform_ro.board.platform protocol routine suggest tech_wifi testing violation wifi [SEQ_LEN] 2,unknown,0,1,2
MTK-2011,Critical Failure: accelerometer - MTK Flag: ro.board.platform,The bluetooth module on ro.product.board encountered a initialization failure during routine testing. Logs suggest a hardware exception.,reboot device → connect to adb → flash firmware,"{'text': 'accelerometer critical error_failure failure flag module_ro.board.platform mtk platform_ro.board.platform tech_mtk', 'platforms': ['ro.board.platform'], 'codes': [], 'hw_module': 'ro.board.platform', 'tech_keywords': ['error_failure', 'tech_mtk']}","{'text': 'adb connect device firmware flash proc_reboot reboot to', 'procedures': ['proc_reboot'], 'sequence_length': 2}","{'text': 'bluetooth encounter error_encountered error_exception error_failure exception failure hardware initialization log module module_ro.product.board platform_ro.product.board routine suggest testing', 'platforms': ['ro.product.board'], 'codes': [], 'hw_module': 'ro.product.board', 'tech_keywords': ['error_failure', 'error_encountered', 'error_exception'], 'token_count': 16}",[TITLE] accelerometer critical error_failure failure flag module_ro.board.platform mtk platform_ro.board.platform tech_mtk [STEPS] adb connect device firmware flash proc_reboot reboot to [DESC] bluetooth encounter error_encountered error_exception error_failure exception failure hardware initialization log module module_ro.product.board platform_ro.product.board routine suggest testing [MODULE] ro.board.platform [PLATFORM] ro.board.platform [SEQ_LEN] 2,ro.board.platform,1,1,2
MTK-2012,MTK: SSPM watchdog : ro.vendor.mediatek,The camera module on ro.mediatek.platform encountered a frame sync error during routine testing. Logs suggest a hardware exception.,run logcat → flash firmware → enable developer mode,"{'text': 'mtk platform_ro.vendor.mediatek sspm tech_mtk watchdog', 'platforms': ['ro.vendor.mediatek'], 'codes': [], 'hw_module': 'unknown', 'tech_keywords': ['tech_mtk']}","{'text': 'developer enable firmware flash logcat mode proc_run logcat run', 'procedures': ['proc_run logcat'], 'sequence_length': 2}","{'text': 'camera encounter error error_encountered error_error error_exception exception frame hardware log module module_hardware platform_ro.mediatek.platform routine suggest sync testing', 'platforms': ['ro.mediatek.platform'], 'codes': [], 'hw_module': 'hardware', 'tech_keywords': ['error_encountered', 'error_error', 'error_exception'], 'token_count': 17}",[TITLE] mtk platform_ro.vendor.mediatek sspm tech_mtk watchdog [STEPS] developer enable firmware flash logcat mode proc_run logcat run [DESC] camera encounter error error_encountered error_error error_exception exception frame hardware log module module_hardware platform_ro.mediatek.platform routine suggest sync testing [PLATFORM] ro.vendor.mediatek [SEQ_LEN] 2,unknown,1,1,2
MTK-2013,Error: codec deadlock - ro.product.board,The audio module on ro.board.platform encountered a DMA timeout during routine testing. Logs suggest a hardware exception.,connect to adb → reboot device → enter bootloader,"{'text': 'codec deadlock error error_error module_ro.product.board platform_ro.product.board', 'platforms': ['ro.product.board'], 'codes': [], 'hw_module': 'ro.product.board', 'tech_keywords': ['error_error']}","{'text': 'adb bootloader connect device enter proc_reboot reboot to', 'procedures': ['proc_reboot'], 'sequence_length': 2}","{'text': 'audio dma encounter error_encountered error_exception exception hardware log module module_ro.board.platform platform_ro.board.platform routine suggest testing timeout', 'platforms': ['ro.board.platform'], 'codes': [], 'hw_module': 'ro.board.platform', 'tech_keywords': ['error_encountered', 'error_exception'], 'token_count': 15}",[TITLE] codec deadlock error error_error module_ro.product.board platform_ro.product.board [STEPS] adb bootloader connect device enter proc_reboot reboot to [DESC] audio dma encounter error_encountered error_exception exception hardware log module module_ro.board.platform platform_ro.board.platform routine suggest testing timeout [MODULE] ro.product.board [PLATFORM] ro.product.board [SEQ_LEN] 2,ro.product.board,1,1,2
MTK-2014,MTK Crash Log - power,The display module on ro.mediatek.platform encountered a voltage regulator fault during routine testing. Logs suggest a hardware exception.,enable developer mode → run logcat → connect to adb,"{'text': 'crash log mtk power tech_mtk', 'platforms': [], 'codes': [], 'hw_module': 'unknown', 'tech_keywords': ['tech_mtk']}","{'text': 'adb connect developer enable logcat mode proc_run logcat run to', 'procedures': ['proc_run logcat'], 'sequence_length': 2}","{'text': 'display encounter error_encountered error_exception exception fault hardware log module module_hardware platform_ro.mediatek.platform regulator routine suggest testing voltage', 'platforms': ['ro.mediatek.platform'], 'codes': [], 'hw_module': 'hardware', 'tech_keywords': ['error_encountered', 'error_exception'], 'token_count': 16}",[TITLE] crash log mtk power tech_mtk [STEPS] adb connect developer enable logcat mode proc_run logcat run to [DESC] display encounter error_encountered error_exception exception fault hardware log module module_hardware platform_ro.mediatek.platform regulator routine suggest testing voltage [SEQ_LEN] 2,unknown,0,1,2
MTK-2015,MTK: Mali GPU hang : ro.board.platform,The modem module on ro.product.board encountered a baseband crash during routine testing. Logs suggest a hardware exception.,flash firmware → reboot device → run logcat,"{'text': 'gpu hang mali module_ro.board.platform mtk platform_ro.board.platform tech_mtk', 'platforms': ['ro.board.platform'], 'codes': [], 'hw_module': 'ro.board.platform', 'tech_keywords': ['tech_mtk']}","{'text': 'device firmware flash logcat proc_reboot proc_run logcat reboot run', 'procedures': ['proc_reboot', 'proc_run logcat'], 'sequence_length': 2}","{'text': 'baseband crash encounter error_encountered error_exception exception hardware log modem module module_ro.product.board platform_ro.product.board routine suggest testing', 'platforms': ['ro.product.board'], 'codes': [], 'hw_module': 'ro.product.board', 'tech_keywords': ['error_encountered', 'error_exception'], 'token_count': 15}",[TITLE] gpu hang mali module_ro.board.platform mtk platform_ro.board.platform tech_mtk [STEPS] device firmware flash logcat proc_reboot proc_run logcat reboot run [DESC] baseband crash encounter error_encountered error_exception exception hardware log modem module module_ro.product.board platform_ro.product.board routine suggest testing [MODULE] ro.board.platform [PLATFORM] ro.board.platform [SEQ_LEN] 2,ro.board.platform,1,2,2
MTK-2016,Critical Failure: gyroscope - MTK Flag: ro.mediatek.platform,The touchscreen module on ro.board.platform encountered a interrupt storm during routine testing. Logs suggest a hardware exception.,run logcat → connect to adb → enable developer mode,"{'text': 'critical error_failure failure flag gyroscope mtk platform_ro.mediatek.platform tech_mtk', 'platforms': ['ro.mediatek.platform'], 'codes': [], 'hw_module': 'unknown', 'tech_keywords': ['error_failure', 'tech_mtk']}","{'text': 'adb connect developer enable logcat mode proc_run logcat run to', 'procedures': ['proc_run logcat'], 'sequence_length': 2}","{'text': 'encounter error_encountered error_exception exception hardware interrupt log module module_ro.board.platform platform_ro.board.platform routine storm suggest testing touchscreen', 'platforms': ['ro.board.platform'], 'codes': [], 'hw_module': 'ro.board.platform', 'tech_keywords': ['error_encountered', 'error_exception'], 'token_count': 15}",[TITLE] critical error_failure failure flag gyroscope mtk platform_ro.mediatek.platform tech_mtk [STEPS] adb connect developer enable logcat mode proc_run logcat run to [DESC] encounter error_encountered error_exception exception hardware interrupt log module module_ro.board.platform platform_ro.board.platform routine storm suggest testing touchscreen [PLATFORM] ro.mediatek.platform [SEQ_LEN] 2,unknown,1,1,2
MTK-2017,Error: USB PHY disconnect - ro.vendor.mediatek,The wifi module on ro.product.board encountered a authentication timeout during routine testing. Logs suggest a hardware exception.,reboot device → flash firmware → connect to adb,"{'text': 'disconnect error error_error phy platform_ro.vendor.mediatek tech_connect usb', 'platforms': ['ro.vendor.mediatek'], 'codes': [], 'hw_module': 'unknown', 'tech_keywords': ['tech_connect', 'error_error']}","{'text': 'adb connect device firmware flash proc_reboot reboot to', 'procedures': ['proc_reboot'], 'sequence_length': 2}","{'text': 'authentication encounter error_encountered error_exception exception hardware log module module_ro.product.board platform_ro.product.board routine suggest tech_wifi testing timeout wifi', 'platforms': ['ro.product.board'], 'codes': [], 'hw_module': 'ro.product.board', 'tech_keywords': ['error_encountered', 'tech_wifi', 'error_exception'], 'token_count': 16}",[TITLE] disconnect error error_error phy platform_ro.vendor.mediatek tech_connect usb [STEPS] adb connect device firmware flash proc_reboot reboot to [DESC] authentication encounter error_encountered error_exception exception hardware log module module_ro.product.board platform_ro.product.board routine suggest tech_wifi testing timeout wifi [PLATFORM] ro.vendor.mediatek [SEQ_LEN] 2,unknown,1,1,2
MTK-2018,MTK: CCU timeout : ro.mediatek.platform,The bluetooth module on ro.board.platform encountered a pairing failure during routine testing. Logs suggest a hardware exception.,enable developer mode → enter bootloader → flash firmware,"{'text': 'ccu mtk platform_ro.mediatek.platform tech_mtk timeout', 'platforms': ['ro.mediatek.platform'], 'codes': [], 'hw_module': 'unknown', 'tech_keywords': ['tech_mtk']}","{'text': 'bootloader developer enable enter firmware flash mode', 'procedures': [], 'sequence_length': 2}","{'text': 'bluetooth encounter error_encountered error_exception error_failure exception failure hardware log module module_ro.board.platform pair platform_ro.board.platform routine suggest testing', 'platforms': ['ro.board.platform'], 'codes': [], 'hw_module': 'ro.board.platform', 'tech_keywords': ['error_failure', 'error_encountered', 'error_exception'], 'token_count': 16}",[TITLE] ccu mtk platform_ro.mediatek.platform tech_mtk timeout [STEPS] bootloader developer enable enter firmware flash mode [DESC] bluetooth encounter error_encountered error_exception error_failure exception failure hardware log module module_ro.board.platform pair platform_ro.board.platform routine suggest testing [PLATFORM] ro.mediatek.platform [SEQ_LEN] 2,unknown,1,0,2
MTK-2019,MTK Crash Log - camera,The camera module on ro.product.board encountered a sensor initialization error during routine testing. Logs suggest a hardware exception.,connect to adb → run logcat → reboot device,"{'text': 'camera crash log mtk tech_mtk', 'platforms': [], 'codes': [], 'hw_module': 'unknown', 'tech_keywords': ['tech_mtk']}","{'text': 'adb connect device logcat proc_reboot proc_run logcat reboot run to', 'procedures': ['proc_reboot', 'proc_run logcat'], 'sequence_length': 2}","{'text': 'camera encounter error error_encountered error_error error_exception exception hardware initialization log module module_ro.product.board platform_ro.product.board routine sensor suggest testing', 'platforms': ['ro.product.board'], 'codes': [], 'hw_module': 'ro.product.board', 'tech_keywords': ['error_encountered', 'error_error', 'error_exception'], 'token_count': 17}",[TITLE] camera crash log mtk tech_mtk [STEPS] adb connect device logcat proc_reboot proc_run logcat reboot run to [DESC] camera encounter error error_encountered error_error error_exception exception hardware initialization log module module_ro.product.board platform_ro.product.board routine sensor suggest testing [SEQ_LEN] 2,unknown,0,2,2
MTK-2020,Error: RTC crystal failure - ro.board.platform,The audio module on ro.mediatek.platform encountered a codec reset during routine testing. Logs suggest a hardware exception.,flash firmware → enable developer mode → enter bootloader,"{'text': 'crystal error error_error error_failure failure module_ro.board.platform platform_ro.board.platform rtc', 'platforms': ['ro.board.platform'], 'codes': [], 'hw_module': 'ro.board.platform', 'tech_keywords': ['error_failure', 'error_error']}","{'text': 'bootloader developer enable enter firmware flash mode', 'procedures': [], 'sequence_length': 2}","{'text': 'audio codec encounter error_encountered error_exception exception hardware log module module_hardware platform_ro.mediatek.platform reset routine suggest testing', 'platforms': ['ro.mediatek.platform'], 'codes': [], 'hw_module': 'hardware', 'tech_keywords': ['error_encountered', 'error_exception'], 'token_count': 15}",[TITLE] crystal error error_error error_failure failure module_ro.board.platform platform_ro.board.platform rtc [STEPS] bootloader developer enable enter firmware flash mode [DESC] audio codec encounter error_encountered error_exception exception hardware log module module_hardware platform_ro.mediatek.platform reset routine suggest testing [MODULE] ro.board.platform [PLATFORM] ro.board.platform [SEQ_LEN] 2,ro.board.platform,1,0,2
MTK-2021,MTK: CONNSYS assert : ro.vendor.mediatek,The display module on ro.product.board encountered a backlight driver fault during routine testing. Logs suggest a hardware exception.,run logcat → reboot device → connect to adb,"{'text': 'assert connsys mtk platform_ro.vendor.mediatek tech_mtk', 'platforms': ['ro.vendor.mediatek'], 'codes': [], 'hw_module': 'unknown', 'tech_keywords': ['tech_mtk']}","{'text': 'adb connect device logcat proc_reboot proc_run logcat reboot run to', 'procedures': ['proc_reboot', 'proc_run logcat'], 'sequence_length': 2}","{'text': 'backlight display driver encounter error_encountered error_exception exception fault hardware log module module_ro.product.board platform_ro.product.board routine suggest testing', 'platforms': ['ro.product.board'], 'codes': [], 'hw_module': 'ro.product.board', 'tech_keywords': ['error_encountered', 'error_exception'], 'token_count': 16}",[TITLE] assert connsys mtk platform_ro.vendor.mediatek tech_mtk [STEPS] adb connect device logcat proc_reboot proc_run logcat reboot run to [DESC] backlight display driver encounter error_encountered error_exception exception fault hardware log module module_ro.product.board platform_ro.product.board routine suggest testing [PLATFORM] ro.vendor.mediatek [SEQ_LEN] 2,unknown,1,2,2
MTK-2022,Critical Failure: magnetometer - MTK Flag: ro.board.platform,The modem module on ro.mediatek.platform encountered a SIM card timeout during routine testing. Logs suggest a hardware exception.,enable developer mode → flash firmware → run logcat,"{'text': 'critical error_failure failure flag magnetometer module_ro.board.platform mtk platform_ro.board.platform tech_mtk', 'platforms': ['ro.board.platform'], 'codes': [], 'hw_module': 'ro.board.platform', 'tech_keywords': ['error_failure', 'tech_mtk']}","{'text': 'developer enable firmware flash logcat mode proc_run logcat run', 'procedures': ['proc_run logcat'], 'sequence_length': 2}","{'text': 'card encounter error_encountered error_exception exception hardware log modem module module_hardware platform_ro.mediatek.platform routine sim suggest testing timeout', 'platforms': ['ro.mediatek.platform'], 'codes': [], 'hw_module': 'hardware', 'tech_keywords': ['error_encountered', 'error_exception'], 'token_count': 16}",[TITLE] critical error_failure failure flag magnetometer module_ro.board.platform mtk platform_ro.board.platform tech_mtk [STEPS] developer enable firmware flash logcat mode proc_run logcat run [DESC] card encounter error_encountered error_exception exception hardware log modem module module_hardware platform_ro.mediatek.platform routine sim suggest testing timeout [MODULE] ro.board.platform [PLATFORM] ro.board.platform [SEQ_LEN] 2,ro.board.platform,1,1,2
MTK-2023,MTK: VCORE undervoltage,The touchscreen module on ro.product.board encountered a gesture recognition failure during routine testing. Logs suggest a hardware exception.,reboot device → connect to adb → enable developer mode,"{'text': 'mtk tech_mtk undervoltage vcore', 'platforms': [], 'codes': [], 'hw_module': 'unknown', 'tech_keywords': ['tech_mtk']}","{'text': 'adb connect developer device enable mode proc_reboot reboot to', 'procedures': ['proc_reboot'], 'sequence_length': 2}","{'text': 'encounter error_encountered error_exception error_failure exception failure gesture hardware log module module_ro.product.board platform_ro.product.board recognition routine suggest testing touchscreen', 'platforms': ['ro.product.board'], 'codes': [], 'hw_module': 'ro.product.board', 'tech_keywords': ['error_failure', 'error_encountered', 'error_exception'], 'token_count': 17}",[TITLE] mtk tech_mtk undervoltage vcore [STEPS] adb connect developer device enable mode proc_reboot reboot to [DESC] encounter error_encountered error_exception error_failure exception failure gesture hardware log module module_ro.product.board platform_ro.product.board recognition routine suggest testing touchscreen [SEQ_LEN] 2,unknown,0,1,2
MTK-2024,Error: PCIe link down - ro.mediatek.platform,The wifi module on ro.board.platform encountered a channel scan timeout during routine testing. Logs suggest a hardware exception.,flash firmware → run logcat → reboot device,"{'text': 'down error error_error link pcie platform_ro.mediatek.platform', 'platforms': ['ro.mediatek.platform'], 'codes': [], 'hw_module': 'unknown', 'tech_keywords': ['error_error']}","{'text': 'device firmware flash logcat proc_reboot proc_run logcat reboot run', 'procedures': ['proc_reboot', 'proc_run logcat'], 'sequence_length': 2}","{'text': 'channel encounter error_encountered error_exception exception hardware log module module_ro.board.platform platform_ro.board.platform routine scan suggest tech_wifi testing timeout wifi', 'platforms': ['ro.board.platform'], 'codes': [], 'hw_module': 'ro.board.platform', 'tech_keywords': ['error_encountered', 'tech_wifi', 'error_exception'], 'token_count': 17}",[TITLE] down error error_error link pcie platform_ro.mediatek.platform [STEPS] device firmware flash logcat proc_reboot proc_run logcat reboot run [DESC] channel encounter error_encountered error_exception exception hardware log module module_ro.board.platform platform_ro.board.platform routine scan suggest tech_wifi testing timeout wifi [PLATFORM] ro.mediatek.platform [SEQ_LEN] 2,unknown,1,2,2
MTK-2025,MTK Crash Log - security,The bluetooth module on ro.product.board encountered a encryption key error during routine testing. Logs suggest a hardware exception.,connect to adb → enable developer mode → flash firmware,"{'text': 'crash log mtk security tech_mtk', 'platforms': [], 'codes': [], 'hw_module': 'unknown', 'tech_keywords': ['tech_mtk']}","{'text': 'adb connect developer enable firmware flash mode to', 'procedures': [], 'sequence_length': 2}","{'text': 'bluetooth encounter encryption error error_encountered error_error error_exception exception hardware key log module module_ro.product.board platform_ro.product.board routine suggest testing', 'platforms': ['ro.product.board'], 'codes': [], 'hw_module': 'ro.product.board', 'tech_keywords': ['error_encountered', 'error_error', 'error_exception'], 'token_count': 17}",[TITLE] crash log mtk security tech_mtk [STEPS] adb connect developer enable firmware flash mode to [DESC] bluetooth encounter encryption error error_encountered error_error error_exception exception hardware key log module module_ro.product.board platform_ro.product.board routine suggest testing [SEQ_LEN] 2,unknown,0,0,2
MTK-2026,MTK: DRAM refresh timeout,The camera module on ro.mediatek.platform encountered a autofocus calibration failure during routine testing. Logs suggest a hardware exception.,run logcat → enter bootloader → connect to adb,"{'text': 'dram mtk refresh tech_mtk timeout', 'platforms': [], 'codes': [], 'hw_module': 'unknown', 'tech_keywords': ['tech_mtk']}","{'text': 'adb bootloader connect enter logcat proc_run logcat run to', 'procedures': ['proc_run logcat'], 'sequence_length': 2}","{'text': 'autofocus calibration camera encounter error_encountered error_exception error_failure exception failure hardware log module module_hardware platform_ro.mediatek.platform routine suggest testing', 'platforms': ['ro.mediatek.platform'], 'codes': [], 'hw_module': 'hardware', 'tech_keywords': ['error_failure', 'error_encountered', 'error_exception'], 'token_count': 17}",[TITLE] dram mtk refresh tech_mtk timeout [STEPS] adb bootloader connect enter logcat proc_run logcat run to [DESC] autofocus calibration camera encounter error_encountered error_exception error_failure exception failure hardware log module module_hardware platform_ro.mediatek.platform routine suggest testing [SEQ_LEN] 2,unknown,0,1,2
MTK-2027,Critical Failure: proximity - MTK Flag: ro.board.platform,The audio module on ro.product.board encountered a microphone bias failure during routine testing. Logs suggest a hardware exception.,enable developer mode → reboot device → run logcat,"{'text': 'critical error_failure failure flag module_ro.board.platform mtk platform_ro.board.platform proximity tech_mtk', 'platforms': ['ro.board.platform'], 'codes': [], 'hw_module': 'ro.board.platform', 'tech_keywords': ['error_failure', 'tech_mtk']}","{'text': 'developer device enable logcat mode proc_reboot proc_run logcat reboot run', 'procedures': ['proc_reboot', 'proc_run logcat'], 'sequence_length': 2}","{'text': 'audio bias encounter error_encountered error_exception error_failure exception failure hardware log microphone module module_ro.product.board platform_ro.product.board routine suggest tech_phone testing', 'platforms': ['ro.product.board'], 'codes': [], 'hw_module': 'ro.product.board', 'tech_keywords': ['error_failure', 'error_encountered', 'error_exception', 'tech_phone'], 'token_count': 18}",[TITLE] critical error_failure failure flag module_ro.board.platform mtk platform_ro.board.platform proximity tech_mtk [STEPS] developer device enable logcat mode proc_reboot proc_run logcat reboot run [DESC] audio bias encounter error_encountered error_exception error_failure exception failure hardware log microphone module module_ro.product.board platform_ro.product.board routine suggest tech_phone testing [MODULE] ro.board.platform [PLATFORM] ro.board.platform [SEQ_LEN] 2,ro.board.platform,1,2,2
MTK-2028,Error: EFUSE read failure - ro.vendor.mediatek,The display module on ro.mediatek.platform encountered a color calibration error during routine testing. Logs suggest a hardware exception.,flash firmware → connect to adb → enable developer mode,"{'text': 'efuse error error_error error_failure failure platform_ro.vendor.mediatek read', 'platforms': ['ro.vendor.mediatek'], 'codes': [], 'hw_module': 'unknown', 'tech_keywords': ['error_failure', 'error_error']}","{'text': 'adb connect developer enable firmware flash mode to', 'procedures': [], 'sequence_length': 2}","{'text': 'calibration color display encounter error error_encountered error_error error_exception exception hardware log module module_hardware platform_ro.mediatek.platform routine suggest testing', 'platforms': ['ro.mediatek.platform'], 'codes': [], 'hw_module': 'hardware', 'tech_keywords': ['error_encountered', 'error_error', 'error_exception'], 'token_count': 17}",[TITLE] efuse error error_error error_failure failure platform_ro.vendor.mediatek read [STEPS] adb connect developer enable firmware flash mode to [DESC] calibration color display encounter error error_encountered error_error error_exception exception hardware log module module_hardware platform_ro.mediatek.platform routine suggest testing [PLATFORM] ro.vendor.mediatek [SEQ_LEN] 2,unknown,1,0,2
MTK-2029,MTK: TEE panic : ro.product.board,The modem module on ro.board.platform encountered a network registration failure during routine testing. Logs suggest a hardware exception.,reboot device → run logcat → flash firmware,"{'text': 'module_ro.product.board mtk panic platform_ro.product.board tech_mtk tee', 'platforms': ['ro.product.board'], 'codes': [], 'hw_module': 'ro.product.board', 'tech_keywords': ['tech_mtk']}","{'text': 'device firmware flash logcat proc_reboot proc_run logcat reboot run', 'procedures': ['proc_reboot', 'proc_run logcat'], 'sequence_length': 2}","{'text': 'encounter error_encountered error_exception error_failure exception failure hardware log modem module module_ro.board.platform network platform_ro.board.platform registration routine suggest testing', 'platforms': ['ro.board.platform'], 'codes': [], 'hw_module': 'ro.board.platform', 'tech_keywords': ['error_failure', 'error_encountered', 'error_exception'], 'token_count': 17}",[TITLE] module_ro.product.board mtk panic platform_ro.product.board tech_mtk tee [STEPS] device firmware flash logcat proc_reboot proc_run logcat reboot run [DESC] encounter error_encountered error_exception error_failure exception failure hardware log modem module module_ro.board.platform network platform_ro.board.platform registration routine suggest testing [MODULE] ro.product.board [PLATFORM] ro.product.board [SEQ_LEN] 2,ro.product.board,1,2,2
MTK-2030,MTK Crash Log - charging,The touchscreen module on ro.mediatek.platform encountered a pressure sensitivity error during routine testing. Logs suggest a hardware exception.,connect to adb → flash firmware → reboot device,"{'text': 'charging crash log mtk tech_mtk', 'platforms': [], 'codes': [], 'hw_module': 'unknown', 'tech_keywords': ['tech_mtk']}","{'text': 'adb connect device firmware flash proc_reboot reboot to', 'procedures': ['proc_reboot'], 'sequence_length': 2}","{'text': 'encounter error error_encountered error_error error_exception exception hardware log module module_hardware platform_ro.mediatek.platform pressure routine sensitivity suggest testing touchscreen', 'platforms': ['ro.mediatek.platform'], 'codes': [], 'hw_module': 'hardware', 'tech_keywords': ['error_encountered', 'error_error', 'error_exception'], 'token_count': 17}",[TITLE] charging crash log mtk tech_mtk [STEPS] adb connect device firmware flash proc_reboot reboot to [DESC] encounter error error_encountered error_error error_exception exception hardware log module module_hardware platform_ro.mediatek.platform pressure routine sensitivity suggest testing touchscreen [SEQ_LEN] 2,unknown,0,1,2
MTK-2031,Error: HDMI CEC timeout - ro.board.platform,The wifi module on ro.product.board encountered a WPS connection failure during routine testing. Logs suggest a hardware exception.,enable developer mode → enter bootloader → connect to adb,"{'text': 'cec error error_error hdmi module_ro.board.platform platform_ro.board.platform timeout', 'platforms': ['ro.board.platform'], 'codes': [], 'hw_module': 'ro.board.platform', 'tech_keywords': ['error_error']}","{'text': 'adb bootloader connect developer enable enter mode to', 'procedures': [], 'sequence_length': 2}","{'text': 'connection encounter error_encountered error_exception error_failure exception failure hardware log module module_ro.product.board platform_ro.product.board routine suggest tech_connect tech_wifi testing wifi wps', 'platforms': ['ro.product.board'], 'codes': [], 'hw_module': 'ro.product.board', 'tech_keywords': ['tech_connect', 'tech_wifi', 'error_exception', 'error_encountered', 'error_failure'], 'token_count': 19}",[TITLE] cec error error_error hdmi module_ro.board.platform platform_ro.board.platform timeout [STEPS] adb bootloader connect developer enable enter mode to [DESC] connection encounter error_encountered error_exception error_failure exception failure hardware log module module_ro.product.board platform_ro.product.board routine suggest tech_connect tech_wifi testing wifi wps [MODULE] ro.board.platform [PLATFORM] ro.board.platform [SEQ_LEN] 2,ro.board.platform,1,0,2
MTK-2032,MTK: VPU timeout : ro.mediatek.platform,The bluetooth module on ro.board.platform encountered a A2DP streaming error during routine testing. Logs suggest a hardware exception.,run logcat → reboot device → enable developer mode,"{'text': 'mtk platform_ro.mediatek.platform tech_mtk timeout vpu', 'platforms': ['ro.mediatek.platform'], 'codes': [], 'hw_module': 'unknown', 'tech_keywords': ['tech_mtk']}","{'text': 'developer device enable logcat mode proc_reboot proc_run logcat reboot run', 'procedures': ['proc_reboot', 'proc_run logcat'], 'sequence_length': 2}","{'text': 'a2dp bluetooth encounter error error_encountered error_error error_exception exception hardware log module module_ro.board.platform platform_ro.board.platform routine streaming suggest testing', 'platforms': ['ro.board.platform'], 'codes': [], 'hw_module': 'ro.board.platform', 'tech_keywords': ['error_encountered', 'error_error', 'error_exception'], 'token_count': 17}",[TITLE] mtk platform_ro.mediatek.platform tech_mtk timeout vpu [STEPS] developer device enable logcat mode proc_reboot proc_run logcat reboot run [DESC] a2dp bluetooth encounter error error_encountered error_error error_exception exception hardware log module module_ro.board.platform platform_ro.board.platform routine streaming suggest testing [PLATFORM] ro.mediatek.platform [SEQ_LEN] 2,unknown,1,2,2
MTK-2033,Critical Failure: ambient light - MTK Flag: ro.vendor.mediatek,The camera module on ro.product.board encountered a white balance drift during routine testing. Logs suggest a hardware exception.,flash firmware → enable developer mode → run logcat,"{'text': 'ambient critical error_failure failure flag light mtk platform_ro.vendor.mediatek tech_mtk', 'platforms': ['ro.vendor.mediatek'], 'codes': [], 'hw_module': 'unknown', 'tech_keywords': ['error_failure', 'tech_mtk']}","{'text': 'developer enable firmware flash logcat mode proc_run logcat run', 'procedures': ['proc_run logcat'], 'sequence_length': 2}","{'text': 'balance camera drift encounter error_encountered error_exception exception hardware log module module_ro.product.board platform_ro.product.board routine suggest testing white', 'platforms': ['ro.product.board'], 'codes': [], 'hw_module': 'ro.product.board', 'tech_keywords': ['error_encountered', 'error_exception'], 'token_count': 16}",[TITLE] ambient critical error_failure failure flag light mtk platform_ro.vendor.mediatek tech_mtk [STEPS] developer enable firmware flash logcat mode proc_run logcat run [DESC] balance camera drift encounter error_encountered error_exception exception hardware log module module_ro.product.board platform_ro.product.board routine suggest testing white [PLATFORM] ro.vendor.mediatek [SEQ_LEN] 2,unknown,1,1,2
MTK-2034,MTK: MSDC timeout : ro.board.platform,The audio module on ro.mediatek.platform encountered a speaker impedance mismatch during routine testing. Logs suggest a hardware exception.,reboot device → connect to adb → flash firmware,"{'text': 'module_ro.board.platform msdc mtk platform_ro.board.platform tech_mtk timeout', 'platforms': ['ro.board.platform'], 'codes': [], 'hw_module': 'ro.board.platform', 'tech_keywords': ['tech_mtk']}","{'text': 'adb connect device firmware flash proc_reboot reboot to', 'procedures': ['proc_reboot'], 'sequence_length': 2}","{'text': 'audio encounter error_encountered error_exception exception hardware impedance log mismatch module module_hardware platform_ro.mediatek.platform routine speaker suggest testing', 'platforms': ['ro.mediatek.platform'], 'codes': [], 'hw_module': 'hardware', 'tech_keywords': ['error_encountered', 'error_exception'], 'token_count': 16}",[TITLE] module_ro.board.platform msdc mtk platform_ro.board.platform tech_mtk timeout [STEPS] adb connect device firmware flash proc_reboot reboot to [DESC] audio encounter error_encountered error_exception exception hardware impedance log mismatch module module_hardware platform_ro.mediatek.platform routine speaker suggest testing [MODULE] ro.board.platform [PLATFORM] ro.board.platform [SEQ_LEN] 2,ro.board.platform,1,1,2
MTK-2035,Error: LVDS signal loss - ro.product.board,The display module on ro.board.platform encountered a panel initialization timeout during routine testing. Logs suggest a hardware exception.,connect to adb → run logcat → enter bootloader,"{'text': 'error error_error loss lvds module_ro.product.board platform_ro.product.board signal', 'platforms': ['ro.product.board'], 'codes': [], 'hw_module': 'ro.product.board', 'tech_keywords': ['error_error']}","{'text': 'adb bootloader connect enter logcat proc_run logcat run to', 'procedures': ['proc_run logcat'], 'sequence_length': 2}","{'text': 'display encounter error_encountered error_exception exception hardware initialization log module module_ro.board.platform panel platform_ro.board.platform routine suggest testing timeout', 'platforms': ['ro.board.platform'], 'codes': [], 'hw_module': 'ro.board.platform', 'tech_keywords': ['error_encountered', 'error_exception'], 'token_count': 16}",[TITLE] error error_error loss lvds module_ro.product.board platform_ro.product.board signal [STEPS] adb bootloader connect enter logcat proc_run logcat run to [DESC] display encounter error_encountered error_exception exception hardware initialization log module module_ro.board.platform panel platform_ro.board.platform routine suggest testing timeout [MODULE] ro.product.board [PLATFORM] ro.product.board [SEQ_LEN] 2,ro.product.board,1,1,2
MTK-2036,MTK Crash Log - fingerprint,The modem module on ro.mediatek.platform encountered a carrier aggregation failure during routine testing. Logs suggest a hardware exception.,enable developer mode → flash firmware → reboot device,"{'text': 'crash fingerprint log mtk tech_mtk', 'platforms': [], 'codes': [], 'hw_module': 'unknown', 'tech_keywords': ['tech_mtk']}","{'text': 'developer device enable firmware flash mode proc_reboot reboot', 'procedures': ['proc_reboot'], 'sequence_length': 2}","{'text': 'aggregation carrier encounter error_encountered error_exception error_failure exception failure hardware log modem module module_hardware platform_ro.mediatek.platform routine suggest testing', 'platforms': ['ro.mediatek.platform'], 'codes': [], 'hw_module': 'hardware', 'tech_keywords': ['error_failure', 'error_encountered', 'error_exception'], 'token_count': 17}",[TITLE] crash fingerprint log mtk tech_mtk [STEPS] developer device enable firmware flash mode proc_reboot reboot [DESC] aggregation carrier encounter error_encountered error_exception error_failure exception failure hardware log modem module module_hardware platform_ro.mediatek.platform routine suggest testing [SEQ_LEN] 2,unknown,0,1,2
MTK-2037,MTK: SSUSB disconnect : ro.vendor.mediatek,The touchscreen module on ro.product.board encountered a palm rejection error during routine testing. Logs suggest a hardware exception.,run logcat → connect to adb → enable developer mode,"{'text': 'disconnect mtk platform_ro.vendor.mediatek ssusb tech_connect tech_mtk', 'platforms': ['ro.vendor.mediatek'], 'codes': [], 'hw_module': 'unknown', 'tech_keywords': ['tech_connect', 'tech_mtk']}","{'text': 'adb connect developer enable logcat mode proc_run logcat run to', 'procedures': ['proc_run logcat'], 'sequence_length': 2}","{'text': 'encounter error error_encountered error_error error_exception exception hardware log module module_ro.product.board palm platform_ro.product.board rejection routine suggest testing touchscreen', 'platforms': ['ro.product.board'], 'codes': [], 'hw_module': 'ro.product.board', 'tech_keywords': ['error_encountered', 'error_error', 'error_exception'], 'token_count': 17}",[TITLE] disconnect mtk platform_ro.vendor.mediatek ssusb tech_connect tech_mtk [STEPS] adb connect developer enable logcat mode proc_run logcat run to [DESC] encounter error error_encountered error_error error_exception exception hardware log module module_ro.product.board palm platform_ro.product.board rejection routine suggest testing touchscreen [PLATFORM] ro.vendor.mediatek [SEQ_LEN] 2,unknown,1,1,2
MTK-2038,Critical Failure: barometer - MTK Flag: ro.board.platform,The wifi module on ro.mediatek.platform encountered a power save mode hang during routine testing. Logs suggest a hardware exception.,flash firmware → reboot device → connect to adb,"{'text': 'barometer critical error_failure failure flag module_ro.board.platform mtk platform_ro.board.platform tech_mtk', 'platforms': ['ro.board.platform'], 'codes': [], 'hw_module': 'ro.board.platform', 'tech_keywords': ['error_failure', 'tech_mtk']}","{'text': 'adb connect device firmware flash proc_reboot reboot to', 'procedures': ['proc_reboot'], 'sequence_length': 2}","{'text': 'encounter error_encountered error_exception exception hang hardware log mode module module_hardware platform_ro.mediatek.platform power routine save suggest tech_wifi testing wifi', 'platforms': ['ro.mediatek.platform'], 'codes': [], 'hw_module': 'hardware', 'tech_keywords': ['error_encountered', 'tech_wifi', 'error_exception'], 'token_count': 18}",[TITLE] barometer critical error_failure failure flag module_ro.board.platform mtk platform_ro.board.platform tech_mtk [STEPS] adb connect device firmware flash proc_reboot reboot to [DESC] encounter error_encountered error_exception exception hang hardware log mode module module_hardware platform_ro.mediatek.platform power routine save suggest tech_wifi testing wifi [MODULE] ro.board.platform [PLATFORM] ro.board.platform [SEQ_LEN] 2,ro.board.platform,1,1,2
MTK-2039,Error: CCCI timeout - ro.product.board,The bluetooth module on ro.board.platform encountered a low energy scanning failure during routine testing. Logs suggest a hardware exception.,reboot device → enable developer mode → run logcat,"{'text': 'ccci error error_error module_ro.product.board platform_ro.product.board timeout', 'platforms': ['ro.product.board'], 'codes': [], 'hw_module': 'ro.product.board', 'tech_keywords': ['error_error']}","{'text': 'developer device enable logcat mode proc_reboot proc_run logcat reboot run', 'procedures': ['proc_reboot', 'proc_run logcat'], 'sequence_length': 2}","{'text': 'bluetooth encounter energy error_encountered error_exception error_failure exception failure hardware log low module module_ro.board.platform platform_ro.board.platform routine scan suggest testing', 'platforms': ['ro.board.platform'], 'codes': [], 'hw_module': 'ro.board.platform', 'tech_keywords': ['error_failure', 'error_encountered', 'error_exception'], 'token_count': 18}",[TITLE] ccci error error_error module_ro.product.board platform_ro.product.board timeout [STEPS] developer device enable logcat mode proc_reboot proc_run logcat reboot run [DESC] bluetooth encounter energy error_encountered error_exception error_failure exception failure hardware log low module module_ro.board.platform platform_ro.board.platform routine scan suggest testing [MODULE] ro.product.board [PLATFORM] ro.product.board [SEQ_LEN] 2,ro.product.board,1,2,2
MTK-2040,MTK: CMDQ timeout : ro.mediatek.platform,The camera module on ro.product.board encountered a HDR processing hang during routine testing. Logs suggest a hardware exception.,connect to adb → flash firmware → enable developer mode,"{'text': 'cmdq mtk platform_ro.mediatek.platform tech_mtk timeout', 'platforms': ['ro.mediatek.platform'], 'codes': [], 'hw_module': 'unknown', 'tech_keywords': ['tech_mtk']}","{'text': 'adb connect developer enable firmware flash mode to', 'procedures': [], 'sequence_length': 2}","{'text': 'camera encounter error_encountered error_exception exception hang hardware hdr log module module_ro.product.board platform_ro.product.board processing routine suggest testing', 'platforms': ['ro.product.board'], 'codes': [], 'hw_module': 'ro.product.board', 'tech_keywords': ['error_encountered', 'error_exception'], 'token_count': 16}",[TITLE] cmdq mtk platform_ro.mediatek.platform tech_mtk timeout [STEPS] adb connect developer enable firmware flash mode to [DESC] camera encounter error_encountered error_exception exception hang hardware hdr log module module_ro.product.board platform_ro.product.board processing routine suggest testing [PLATFORM] ro.mediatek.platform [SEQ_LEN] 2,unknown,1,0,2
MTK-2041,MTK Crash Log - display,The audio module on ro.board.platform encountered a noise cancellation failure during routine testing. Logs suggest a hardware exception.,enable developer mode → run logcat → flash firmware,"{'text': 'crash display log mtk tech_mtk', 'platforms': [], 'codes': [], 'hw_module': 'unknown', 'tech_keywords': ['tech_mtk']}","{'text': 'developer enable firmware flash logcat mode proc_run logcat run', 'procedures': ['proc_run logcat'], 'sequence_length': 2}","{'text': 'audio cancellation encounter error_encountered error_exception error_failure exception failure hardware log module module_ro.board.platform noise platform_ro.board.platform routine suggest testing', 'platforms': ['ro.board.platform'], 'codes': [], 'hw_module': 'ro.board.platform', 'tech_keywords': ['error_failure', 'error_encountered', 'error_exception'], 'token_count': 17}",[TITLE] crash display log mtk tech_mtk [STEPS] developer enable firmware flash logcat mode proc_run logcat run [DESC] audio cancellation encounter error_encountered error_exception error_failure exception failure hardware log module module_ro.board.platform noise platform_ro.board.platform routine suggest testing [SEQ_LEN] 2,unknown,0,1,2
MTK-2042,Error: SRAM parity error - ro.vendor.mediatek,The display module on ro.mediatek.platform encountered a refresh rate switching error during routine testing. Logs suggest a hardware exception.,flash firmware → enter bootloader → reboot device,"{'text': 'error error_error parity platform_ro.vendor.mediatek sram', 'platforms': ['ro.vendor.mediatek'], 'codes': [], 'hw_module': 'unknown', 'tech_keywords': ['error_error']}","{'text': 'bootloader device enter firmware flash proc_reboot reboot', 'procedures': ['proc_reboot'], 'sequence_length': 2}","{'text': 'display encounter error error_encountered error_error error_exception exception hardware log module module_hardware platform_ro.mediatek.platform rate refresh routine suggest switch testing', 'platforms': ['ro.mediatek.platform'], 'codes': [], 'hw_module': 'hardware', 'tech_keywords': ['error_encountered', 'error_error', 'error_exception'], 'token_count': 18}",[TITLE] error error_error parity platform_ro.vendor.mediatek sram [STEPS] bootloader device enter firmware flash proc_reboot reboot [DESC] display encounter error error_encountered error_error error_exception exception hardware log module module_hardware platform_ro.mediatek.platform rate refresh routine suggest switch testing [PLATFORM] ro.vendor.mediatek [SEQ_LEN] 2,unknown,1,1,2
MTK-2043,MTK: APMCU hang : ro.board.platform,The modem module on ro.product.board encountered a antenna tuning failure during routine testing. Logs suggest a hardware exception.,run logcat → reboot device → connect to adb,"{'text': 'apmcu hang module_ro.board.platform mtk platform_ro.board.platform tech_mtk', 'platforms': ['ro.board.platform'], 'codes': [], 'hw_module': 'ro.board.platform', 'tech_keywords': ['tech_mtk']}","{'text': 'adb connect device logcat proc_reboot proc_run logcat reboot run to', 'procedures': ['proc_reboot', 'proc_run logcat'], 'sequence_length': 2}","{'text': 'antenna encounter error_encountered error_exception error_failure exception failure hardware log modem module module_ro.product.board platform_ro.product.board routine suggest testing tune', 'platforms': ['ro.product.board'], 'codes': [], 'hw_module': 'ro.product.board', 'tech_keywords': ['error_failure', 'error_encountered', 'error_exception'], 'token_count': 17}",[TITLE] apmcu hang module_ro.board.platform mtk platform_ro.board.platform tech_mtk [STEPS] adb connect device logcat proc_reboot proc_run logcat reboot run to [DESC] antenna encounter error_encountered error_exception error_failure exception failure hardware log modem module module_ro.product.board platform_ro.product.board routine suggest testing tune [MODULE] ro.board.platform [PLATFORM] ro.board.platform [SEQ_LEN] 2,ro.board.platform,1,2,2
MTK-2044,Critical Failure: step counter - MTK Flag: ro.mediatek.platform,The touchscreen module on ro.board.platform encountered a multi-touch tracking error during routine testing. Logs suggest a hardware exception.,enable developer mode → connect to adb → run logcat,"{'text': 'counter critical error_failure failure flag mtk platform_ro.mediatek.platform step tech_mtk', 'platforms': ['ro.mediatek.platform'], 'codes': [], 'hw_module': 'unknown', 'tech_keywords': ['error_failure', 'tech_mtk']}","{'text': 'adb connect developer enable logcat mode proc_run logcat run to', 'procedures': ['proc_run logcat'], 'sequence_length': 2}","{'text': 'encounter error error_encountered error_error error_exception exception hardware log module module_ro.board.platform multi platform_ro.board.platform routine suggest testing touch touchscreen tracking', 'platforms': ['ro.board.platform'], 'codes': [], 'hw_module': 'ro.board.platform', 'tech_keywords': ['error_encountered', 'error_error', 'error_exception'], 'token_count': 18}",[TITLE] counter critical error_failure failure flag mtk platform_ro.mediatek.platform step tech_mtk [STEPS] adb connect developer enable logcat mode proc_run logcat run to [DESC] encounter error error_encountered error_error error_exception exception hardware log module module_ro.board.platform multi platform_ro.board.platform routine suggest testing touch touchscreen tracking [PLATFORM] ro.mediatek.platform [SEQ_LEN] 2,unknown,1,1,2
MTK-2045,MTK: DRAMC exception,The wifi module on ro.product.board encountered a roaming handoff failure during routine testing. Logs suggest a hardware exception.,reboot device → flash firmware → enable developer mode,"{'text': 'dramc error_exception exception mtk tech_mtk', 'platforms': [], 'codes': [], 'hw_module': 'unknown', 'tech_keywords': ['tech_mtk', 'error_exception']}","{'text': 'developer device enable firmware flash mode proc_reboot reboot', 'procedures': ['proc_reboot'], 'sequence_length': 2}","{'text': 'encounter error_encountered error_exception error_failure exception failure handoff hardware log module module_ro.product.board platform_ro.product.board roam routine suggest tech_wifi testing wifi', 'platforms': ['ro.product.board'], 'codes': [], 'hw_module': 'ro.product.board', 'tech_keywords': ['error_failure', 'error_encountered', 'tech_wifi', 'error_exception'], 'token_count': 18}",[TITLE] dramc error_exception exception mtk tech_mtk [STEPS] developer device enable firmware flash mode proc_reboot reboot [DESC] encounter error_encountered error_exception error_failure exception failure handoff hardware log module module_ro.product.board platform_ro.product.board roam routine suggest tech_wifi testing wifi [SEQ_LEN] 2,unknown,0,1,2
MTK-2046,Error: PCM underrun - ro.board.platform,The bluetooth module on ro.mediatek.platform encountered a profile switching hang during routine testing. Logs suggest a hardware exception.,connect to adb → enter bootloader → flash firmware,"{'text': 'error error_error module_ro.board.platform pcm platform_ro.board.platform underrun', 'platforms': ['ro.board.platform'], 'codes': [], 'hw_module': 'ro.board.platform', 'tech_keywords': ['error_error']}","{'text': 'adb bootloader connect enter firmware flash to', 'procedures': [], 'sequence_length': 2}","{'text': 'bluetooth encounter error_encountered error_exception exception hang hardware log module module_hardware platform_ro.mediatek.platform profile routine suggest switch testing', 'platforms': ['ro.mediatek.platform'], 'codes': [], 'hw_module': 'hardware', 'tech_keywords': ['error_encountered', 'error_exception'], 'token_count': 16}",[TITLE] error error_error module_ro.board.platform pcm platform_ro.board.platform underrun [STEPS] adb bootloader connect enter firmware flash to [DESC] bluetooth encounter error_encountered error_exception exception hang hardware log module module_hardware platform_ro.mediatek.platform profile routine suggest switch testing [MODULE] ro.board.platform [PLATFORM] ro.board.platform [SEQ_LEN] 2,ro.board.platform,1,0,2
MTK-2047,MTK Crash Log - modem,The camera module on ro.product.board encountered a exposure metering failure during routine testing. Logs suggest a hardware exception.,flash firmware → run logcat → reboot device,"{'text': 'crash log modem mtk tech_mtk', 'platforms': [], 'codes': [], 'hw_module': 'unknown', 'tech_keywords': ['tech_mtk']}","{'text': 'device firmware flash logcat proc_reboot proc_run logcat reboot run', 'procedures': ['proc_reboot', 'proc_run logcat'], 'sequence_length': 2}","{'text': 'camera encounter error_encountered error_exception error_failure exception exposure failure hardware log metering module module_ro.product.board platform_ro.product.board routine suggest testing', 'platforms': ['ro.product.board'], 'codes': [], 'hw_module': 'ro.product.board', 'tech_keywords': ['error_failure', 'error_encountered', 'error_exception'], 'token_count': 17}",[TITLE] crash log modem mtk tech_mtk [STEPS] device firmware flash logcat proc_reboot proc_run logcat reboot run [DESC] camera encounter error_encountered error_exception error_failure exception exposure failure hardware log metering module module_ro.product.board platform_ro.product.board routine suggest testing [SEQ_LEN] 2,unknown,0,2,2
MTK-2048,MTK: SPM timeout : ro.vendor.mediatek,The audio module on ro.board.platform encountered a echo cancellation timeout during routine testing. Logs suggest a hardware exception.,run logcat → enable developer mode → connect to adb,"{'text': 'mtk platform_ro.vendor.mediatek spm tech_mtk timeout', 'platforms': ['ro.vendor.mediatek'], 'codes': [], 'hw_module': 'unknown', 'tech_keywords': ['tech_mtk']}","{'text': 'adb connect developer enable logcat mode proc_run logcat run to', 'procedures': ['proc_run logcat'], 'sequence_length': 2}","{'text': 'audio cancellation echo encounter error_encountered error_exception exception hardware log module module_ro.board.platform platform_ro.board.platform routine suggest testing timeout', 'platforms': ['ro.board.platform'], 'codes': [], 'hw_module': 'ro.board.platform', 'tech_keywords': ['error_encountered', 'error_exception'], 'token_count': 16}",[TITLE] mtk platform_ro.vendor.mediatek spm tech_mtk timeout [STEPS] adb connect developer enable logcat mode proc_run logcat run to [DESC] audio cancellation echo encounter error_encountered error_exception exception hardware log module module_ro.board.platform platform_ro.board.platform routine suggest testing timeout [PLATFORM] ro.vendor.mediatek [SEQ_LEN] 2,unknown,1,1,2
MTK-2049,Critical Failure: heart rate - MTK Flag: ro.mediatek.platform,The display module on ro.product.board encountered a adaptive brightness failure during routine testing. Logs suggest a hardware exception.,enable developer mode → reboot device → flash firmware,"{'text': 'critical error_failure failure flag heart mtk platform_ro.mediatek.platform rate tech_mtk', 'platforms': ['ro.mediatek.platform'], 'codes': [], 'hw_module': 'unknown', 'tech_keywords': ['error_failure', 'tech_mtk']}","{'text': 'developer device enable firmware flash mode proc_reboot reboot', 'procedures': ['proc_reboot'], 'sequence_length': 2}","{'text': 'adaptive brightness display encounter error_encountered error_exception error_failure exception failure hardware log module module_ro.product.board platform_ro.product.board routine suggest testing', 'platforms': ['ro.product.board'], 'codes': [], 'hw_module': 'ro.product.board', 'tech_keywords': ['error_failure', 'error_encountered', 'error_exception'], 'token_count': 17}",[TITLE] critical error_failure failure flag heart mtk platform_ro.mediatek.platform rate tech_mtk [STEPS] developer device enable firmware flash mode proc_reboot reboot [DESC] adaptive brightness display encounter error_encountered error_exception error_failure exception failure hardware log module module_ro.product.board platform_ro.product.board routine suggest testing [PLATFORM] ro.mediatek.platform [SEQ_LEN] 2,unknown,1,1,2
MTK-2050,Error: MIPI CSI timeout - ro.board.platform,The modem module on ro.mediatek.platform encountered a VoLTE setup failure during routine testing. Logs suggest a hardware exception.,flash firmware → connect to adb → run logcat,"{'text': 'csi error error_error mipi module_ro.board.platform platform_ro.board.platform timeout', 'platforms': ['ro.board.platform'], 'codes': [], 'hw_module': 'ro.board.platform', 'tech_keywords': ['error_error']}","{'text': 'adb connect firmware flash logcat proc_run logcat run to', 'procedures': ['proc_run logcat'], 'sequence_length': 2}","{'text': 'encounter error_encountered error_exception error_failure exception failure hardware log modem module module_hardware platform_ro.mediatek.platform routine setup suggest testing volte', 'platforms': ['ro.mediatek.platform'], 'codes': [], 'hw_module': 'hardware', 'tech_keywords': ['error_failure', 'error_encountered', 'error_exception'], 'token_count': 17}",[TITLE] csi error error_error mipi module_ro.board.platform platform_ro.board.platform timeout [STEPS] adb connect firmware flash logcat proc_run logcat run to [DESC] encounter error_encountered error_exception error_failure exception failure hardware log modem module module_hardware platform_ro.mediatek.platform routine setup suggest testing volte [MODULE] ro.board.platform [PLATFORM] ro.board.platform [SEQ_LEN] 2,ro.board.platform,1,1,2
MTK-2051,MTK: GCE timeout : ro.product.board,The touchscreen module on ro.board.platform encountered a stylus detection error during routine testing. Logs suggest a hardware exception.,reboot device → run logcat → enable developer mode,"{'text': 'gce module_ro.product.board mtk platform_ro.product.board tech_mtk timeout', 'platforms': ['ro.product.board'], 'codes': [], 'hw_module': 'ro.product.board', 'tech_keywords': ['tech_mtk']}","{'text': 'developer device enable logcat mode proc_reboot proc_run logcat reboot run', 'procedures': ['proc_reboot', 'proc_run logcat'], 'sequence_length': 2}","{'text': 'detection encounter error error_encountered error_error error_exception exception hardware log module module_ro.board.platform platform_ro.board.platform routine stylus suggest testing touchscreen', 'platforms': ['ro.board.platform'], 'codes': [], 'hw_module': 'ro.board.platform', 'tech_keywords': ['error_encountered', 'error_error', 'error_exception'], 'token_count': 17}",[TITLE] gce module_ro.product.board mtk platform_ro.product.board tech_mtk timeout [STEPS] developer device enable logcat mode proc_reboot proc_run logcat reboot run [DESC] detection encounter error error_encountered error_error error_exception exception hardware log module module_ro.board.platform platform_ro.board.platform routine stylus suggest testing touchscreen [MODULE] ro.product.board [PLATFORM] ro.product.board [SEQ_LEN] 2,ro.product.board,1,2,2
MTK-2052,MTK Crash Log - thermal,The wifi module on ro.mediatek.platform encountered a mesh networking failure during routine testing. Logs suggest a hardware exception.,connect to adb → enable developer mode → flash firmware,"{'text': 'crash log mtk tech_mtk thermal', 'platforms': [], 'codes': [], 'hw_module': 'unknown', 'tech_keywords': ['tech_mtk']}","{'text': 'adb connect developer enable firmware flash mode to', 'procedures': [], 'sequence_length': 2}","{'text': 'encounter error_encountered error_exception error_failure exception failure hardware log mesh module module_hardware networking platform_ro.mediatek.platform routine suggest tech_wifi testing wifi', 'platforms': ['ro.mediatek.platform'], 'codes': [], 'hw_module': 'hardware', 'tech_keywords': ['error_failure', 'error_encountered', 'tech_wifi', 'error_exception'], 'token_count': 18}",[TITLE] crash log mtk tech_mtk thermal [STEPS] adb connect developer enable firmware flash mode to [DESC] encounter error_encountered error_exception error_failure exception failure hardware log mesh module module_hardware networking platform_ro.mediatek.platform routine suggest tech_wifi testing wifi [SEQ_LEN] 2,unknown,0,0,2
MTK-2053,Error: AUXADC timeout - ro.vendor.mediatek,The bluetooth module on ro.product.board encountered a codec negotiation failure during routine testing. Logs suggest a hardware exception.,enable developer mode → flash firmware → reboot device,"{'text': 'auxadc error error_error platform_ro.vendor.mediatek timeout', 'platforms': ['ro.vendor.mediatek'], 'codes': [], 'hw_module': 'unknown', 'tech_keywords': ['error_error']}","{'text': 'developer device enable firmware flash mode proc_reboot reboot', 'procedures': ['proc_reboot'], 'sequence_length': 2}","{'text': 'bluetooth codec encounter error_encountered error_exception error_failure exception failure hardware log module module_ro.product.board negotiation platform_ro.product.board routine suggest testing', 'platforms': ['ro.product.board'], 'codes': [], 'hw_module': 'ro.product.board', 'tech_keywords': ['error_failure', 'error_encountered', 'error_exception'], 'token_count': 17}",[TITLE] auxadc error error_error platform_ro.vendor.mediatek timeout [STEPS] developer device enable firmware flash mode proc_reboot reboot [DESC] bluetooth codec encounter error_encountered error_exception error_failure exception failure hardware log module module_ro.product.board negotiation platform_ro.product.board routine suggest testing [PLATFORM] ro.vendor.mediatek [SEQ_LEN] 2,unknown,1,1,2
MTK-2054,MTK: MCUPM assert : ro.board.platform,The camera module on ro.mediatek.platform encountered a face detection hang during routine testing. Logs suggest a hardware exception.,run logcat → reboot device → connect to adb,"{'text': 'assert mcupm module_ro.board.platform mtk platform_ro.board.platform tech_mtk', 'platforms': ['ro.board.platform'], 'codes': [], 'hw_module': 'ro.board.platform', 'tech_keywords': ['tech_mtk']}","{'text': 'adb connect device logcat proc_reboot proc_run logcat reboot run to', 'procedures': ['proc_reboot', 'proc_run logcat'], 'sequence_length': 2}","{'text': 'camera detection encounter error_encountered error_exception exception face hang hardware log module module_hardware platform_ro.mediatek.platform routine suggest testing', 'platforms': ['ro.mediatek.platform'], 'codes': [], 'hw_module': 'hardware', 'tech_keywords': ['error_encountered', 'error_exception'], 'token_count': 16}",[TITLE] assert mcupm module_ro.board.platform mtk platform_ro.board.platform tech_mtk [STEPS] adb connect device logcat proc_reboot proc_run logcat reboot run to [DESC] camera detection encounter error_encountered error_exception exception face hang hardware log module module_hardware platform_ro.mediatek.platform routine suggest testing [MODULE] ro.board.platform [PLATFORM] ro.board.platform [SEQ_LEN] 2,ro.board.platform,1,2,2
MTK-2055,Critical Failure: UV sensor - MTK Flag: ro.product.board,The audio module on ro.board.platform encountered a surround sound processing error during routine testing. Logs suggest a hardware exception.,flash firmware → enter bootloader → enable developer mode,"{'text': 'critical error_failure failure flag module_ro.product.board mtk platform_ro.product.board sensor tech_mtk uv', 'platforms': ['ro.product.board'], 'codes': [], 'hw_module': 'ro.product.board', 'tech_keywords': ['error_failure', 'tech_mtk']}","{'text': 'bootloader developer enable enter firmware flash mode', 'procedures': [], 'sequence_length': 2}","{'text': 'audio encounter error error_encountered error_error error_exception exception hardware log module module_ro.board.platform platform_ro.board.platform processing routine sound suggest surround testing', 'platforms': ['ro.board.platform'], 'codes': [], 'hw_module': 'ro.board.platform', 'tech_keywords': ['error_encountered', 'error_error', 'error_exception'], 'token_count': 18}",[TITLE] critical error_failure failure flag module_ro.product.board mtk platform_ro.product.board sensor tech_mtk uv [STEPS] bootloader developer enable enter firmware flash mode [DESC] audio encounter error error_encountered error_error error_exception exception hardware log module module_ro.board.platform platform_ro.board.platform processing routine sound suggest surround testing [MODULE] ro.product.board [PLATFORM] ro.product.board [SEQ_LEN] 2,ro.product.board,1,0,2
MTK-2056,MTK: CONNSYS deadlock,The display module on ro.mediatek.platform encountered a HDR tone mapping failure during routine testing. Logs suggest a hardware exception.,connect to adb → run logcat → flash firmware,"{'text': 'connsys deadlock mtk tech_mtk', 'platforms': [], 'codes': [], 'hw_module': 'unknown', 'tech_keywords': ['tech_mtk']}","{'text': 'adb connect firmware flash logcat proc_run logcat run to', 'procedures': ['proc_run logcat'], 'sequence_length': 2}","{'text': 'display encounter error_encountered error_exception error_failure exception failure hardware hdr log mapping module module_hardware platform_ro.mediatek.platform routine suggest testing tone', 'platforms': ['ro.mediatek.platform'], 'codes': [], 'hw_module': 'hardware', 'tech_keywords': ['error_failure', 'error_encountered', 'error_exception'], 'token_count': 18}",[TITLE] connsys deadlock mtk tech_mtk [STEPS] adb connect firmware flash logcat proc_run logcat run to [DESC] display encounter error_encountered error_exception error_failure exception failure hardware hdr log mapping module module_hardware platform_ro.mediatek.platform routine suggest testing tone [SEQ_LEN] 2,unknown,0,1,2
MTK-2057,Error: PWRAP timeout - ro.board.platform,The modem module on ro.product.board encountered a emergency call failure during routine testing. Logs suggest a hardware exception.,reboot device → enable developer mode → run logcat,"{'text': 'error error_error module_ro.board.platform platform_ro.board.platform pwrap timeout', 'platforms': ['ro.board.platform'], 'codes': [], 'hw_module': 'ro.board.platform', 'tech_keywords': ['error_error']}","{'text': 'developer device enable logcat mode proc_reboot proc_run logcat reboot run', 'procedures': ['proc_reboot', 'proc_run logcat'], 'sequence_length': 2}","{'text': 'emergency encounter error_encountered error_exception error_failure exception failure hardware log modem module module_ro.product.board platform_ro.product.board routine suggest testing', 'platforms': ['ro.product.board'], 'codes': [], 'hw_module': 'ro.product.board', 'tech_keywords': ['error_failure', 'error_encountered', 'error_exception'], 'token_count': 16}",[TITLE] error error_error module_ro.board.platform platform_ro.board.platform pwrap timeout [STEPS] developer device enable logcat mode proc_reboot proc_run logcat reboot run [DESC] emergency encounter error_encountered error_exception error_failure exception failure hardware log modem module module_ro.product.board platform_ro.product.board routine suggest testing [MODULE] ro.board.platform [PLATFORM] ro.board.platform [SEQ_LEN] 2,ro.board.platform,1,2,2
MTK-2058,MTK Crash Log - connectivity,The touchscreen module on ro.mediatek.platform encountered a force feedback error during routine testing. Logs suggest a hardware exception.,enable developer mode → connect to adb → reboot device,"{'text': 'connectivity crash log mtk tech_connect tech_mtk', 'platforms': [], 'codes': [], 'hw_module': 'unknown', 'tech_keywords': ['tech_connect', 'tech_mtk']}","{'text': 'adb connect developer device enable mode proc_reboot reboot to', 'procedures': ['proc_reboot'], 'sequence_length': 2}","{'text': 'encounter error error_encountered error_error error_exception exception feedback force hardware log module module_hardware platform_ro.mediatek.platform routine suggest testing touchscreen', 'platforms': ['ro.mediatek.platform'], 'codes': [], 'hw_module': 'hardware', 'tech_keywords': ['error_encountered', 'error_error', 'error_exception'], 'token_count': 17}",[TITLE] connectivity crash log mtk tech_connect tech_mtk [STEPS] adb connect developer device enable mode proc_reboot reboot to [DESC] encounter error error_encountered error_error error_exception exception feedback force hardware log module module_hardware platform_ro.mediatek.platform routine suggest testing touchscreen [SEQ_LEN] 2,unknown,0,1,2
MTK-2059,MTK: VDEC timeout : ro.vendor.mediatek,The wifi module on ro.board.platform encountered a MIMO antenna switching failure during routine testing. Logs suggest a hardware exception.,flash firmware → run logcat → connect to adb,"{'text': 'mtk platform_ro.vendor.mediatek tech_mtk timeout vdec', 'platforms': ['ro.vendor.mediatek'], 'codes': [], 'hw_module': 'unknown', 'tech_keywords': ['tech_mtk']}","{'text': 'adb connect firmware flash logcat proc_run logcat run to', 'procedures': ['proc_run logcat'], 'sequence_length': 2}","{'text': 'antenna encounter error_encountered error_exception error_failure exception failure hardware log mimo module module_ro.board.platform platform_ro.board.platform routine suggest switch tech_wifi testing wifi', 'platforms': ['ro.board.platform'], 'codes': [], 'hw_module': 'ro.board.platform', 'tech_keywords': ['error_failure', 'error_encountered', 'tech_wifi', 'error_exception'], 'token_count': 19}",[TITLE] mtk platform_ro.vendor.mediatek tech_mtk timeout vdec [STEPS] adb connect firmware flash logcat proc_run logcat run to [DESC] antenna encounter error_encountered error_exception error_failure exception failure hardware log mimo module module_ro.board.platform platform_ro.board.platform routine suggest switch tech_wifi testing wifi [PLATFORM] ro.vendor.mediatek [SEQ_LEN] 2,unknown,1,1,2
MTK-2060,Critical Failure: hall sensor - MTK Flag: ro.product.board,The bluetooth module on ro.mediatek.platform encountered a mesh topology error during routine testing. Logs suggest a hardware exception.,run logcat → flash firmware → enable developer mode,"{'text': 'critical error_failure failure flag hall module_ro.product.board mtk platform_ro.product.board sensor tech_mtk', 'platforms': ['ro.product.board'], 'codes': [], 'hw_module': 'ro.product.board', 'tech_keywords': ['error_failure', 'tech_mtk']}","{'text': 'developer enable firmware flash logcat mode proc_run logcat run', 'procedures': ['proc_run logcat'], 'sequence_length': 2}","{'text': 'bluetooth encounter error error_encountered error_error error_exception exception hardware log mesh module module_hardware platform_ro.mediatek.platform routine suggest testing topology', 'platforms': ['ro.mediatek.platform'], 'codes': [], 'hw_module': 'hardware', 'tech_keywords': ['error_encountered', 'error_error', 'error_exception'], 'token_count': 17}",[TITLE] critical error_failure failure flag hall module_ro.product.board mtk platform_ro.product.board sensor tech_mtk [STEPS] developer enable firmware flash logcat mode proc_run logcat run [DESC] bluetooth encounter error error_encountered error_error error_exception exception hardware log mesh module module_hardware platform_ro.mediatek.platform routine suggest testing topology [MODULE] ro.product.board [PLATFORM] ro.product.board [SEQ_LEN] 2,ro.product.board,1,1,2
MTK-2061,Error: IOMMU fault - ro.board.platform,The camera module on ro.product.board encountered a night mode processing hang during routine testing. Logs suggest a hardware exception.,reboot device → enter bootloader → flash firmware,"{'text': 'error error_error fault iommu module_ro.board.platform platform_ro.board.platform', 'platforms': ['ro.board.platform'], 'codes': [], 'hw_module': 'ro.board.platform', 'tech_keywords': ['error_error']}","{'text': 'bootloader device enter firmware flash proc_reboot reboot', 'procedures': ['proc_reboot'], 'sequence_length': 2}","{'text': 'camera encounter error_encountered error_exception exception hang hardware log mode module module_ro.product.board night platform_ro.product.board processing routine suggest testing', 'platforms': ['ro.product.board'], 'codes': [], 'hw_module': 'ro.product.board', 'tech_keywords': ['error_encountered', 'error_exception'], 'token_count': 17}",[TITLE] error error_error fault iommu module_ro.board.platform platform_ro.board.platform [STEPS] bootloader device enter firmware flash proc_reboot reboot [DESC] camera encounter error_encountered error_exception exception hang hardware log mode module module_ro.product.board night platform_ro.product.board processing routine suggest testing [MODULE] ro.board.platform [PLATFORM] ro.board.platform [SEQ_LEN] 2,ro.board.platform,1,1,2
MTK-2062,MTK: LPDDR calibration failure,The audio module on ro.mediatek.platform encountered a spatial audio rendering error during routine testing. Logs suggest a hardware exception.,connect to adb → reboot device → run logcat,"{'text': 'calibration error_failure failure lpddr mtk tech_mtk', 'platforms': [], 'codes': [], 'hw_module': 'unknown', 'tech_keywords': ['error_failure', 'tech_mtk']}","{'text': 'adb connect device logcat proc_reboot proc_run logcat reboot run to', 'procedures': ['proc_reboot', 'proc_run logcat'], 'sequence_length': 2}","{'text': 'audio encounter error error_encountered error_error error_exception exception hardware log module module_hardware platform_ro.mediatek.platform render routine spatial suggest testing', 'platforms': ['ro.mediatek.platform'], 'codes': [], 'hw_module': 'hardware', 'tech_keywords': ['error_encountered', 'error_error', 'error_exception'], 'token_count': 17}",[TITLE] calibration error_failure failure lpddr mtk tech_mtk [STEPS] adb connect device logcat proc_reboot proc_run logcat reboot run to [DESC] audio encounter error error_encountered error_error error_exception exception hardware log module module_hardware platform_ro.mediatek.platform render routine spatial suggest testing [SEQ_LEN] 2,unknown,0,2,2
MTK-2063,MTK Crash Log - security,The display module on ro.board.platform encountered a variable refresh rate sync failure during routine testing. Logs suggest a hardware exception.,enable developer mode → flash firmware → connect to adb,"{'text': 'crash log mtk security tech_mtk', 'platforms': [], 'codes': [], 'hw_module': 'unknown', 'tech_keywords': ['tech_mtk']}","{'text': 'adb connect developer enable firmware flash mode to', 'procedures': [], 'sequence_length': 2}","{'text': 'display encounter error_encountered error_exception error_failure exception failure hardware log module module_ro.board.platform platform_ro.board.platform rate refresh routine suggest sync testing variable', 'platforms': ['ro.board.platform'], 'codes': [], 'hw_module': 'ro.board.platform', 'tech_keywords': ['error_failure', 'error_encountered', 'error_exception'], 'token_count': 19}",[TITLE] crash log mtk security tech_mtk [STEPS] adb connect developer enable firmware flash mode to [DESC] display encounter error_encountered error_exception error_failure exception failure hardware log module module_ro.board.platform platform_ro.board.platform rate refresh routine suggest sync testing variable [SEQ_LEN] 2,unknown,0,0,2
MTK-2064,MTK: MDP timeout : ro.product.board,The modem module on ro.mediatek.platform encountered a carrier switching timeout during routine testing. Logs suggest a hardware exception.,flash firmware → enable developer mode → reboot device,"{'text': 'mdp module_ro.product.board mtk platform_ro.product.board tech_mtk timeout', 'platforms': ['ro.product.board'], 'codes': [], 'hw_module': 'ro.product.board', 'tech_keywords': ['tech_mtk']}","{'text': 'developer device enable firmware flash mode proc_reboot reboot', 'procedures': ['proc_reboot'], 'sequence_length': 2}","{'text': 'carrier encounter error_encountered error_exception exception hardware log modem module module_hardware platform_ro.mediatek.platform routine suggest switch testing timeout', 'platforms': ['ro.mediatek.platform'], 'codes': [], 'hw_module': 'hardware', 'tech_keywords': ['error_encountered', 'error_exception'], 'token_count': 16}",[TITLE] mdp module_ro.product.board mtk platform_ro.product.board tech_mtk timeout [STEPS] developer device enable firmware flash mode proc_reboot reboot [DESC] carrier encounter error_encountered error_exception exception hardware log modem module module_hardware platform_ro.mediatek.platform routine suggest switch testing timeout [MODULE] ro.product.board [PLATFORM] ro.product.board [SEQ_LEN] 2,ro.product.board,1,1,2
MTK-2065,Critical Failure: IR blaster - MTK Flag: ro.board.platform,The touchscreen module on ro.product.board encountered a gesture prediction error during routine testing. Logs suggest a hardware exception.,run logcat → connect to adb → flash firmware,"{'text': 'blaster critical error_failure failure flag ir module_ro.board.platform mtk platform_ro.board.platform tech_mtk', 'platforms': ['ro.board.platform'], 'codes': [], 'hw_module': 'ro.board.platform', 'tech_keywords': ['error_failure', 'tech_mtk']}","{'text': 'adb connect firmware flash logcat proc_run logcat run to', 'procedures': ['proc_run logcat'], 'sequence_length': 2}","{'text': 'encounter error error_encountered error_error error_exception exception gesture hardware log module module_ro.product.board platform_ro.product.board prediction routine suggest testing touchscreen', 'platforms': ['ro.product.board'], 'codes': [], 'hw_module': 'ro.product.board', 'tech_keywords': ['error_encountered', 'error_error', 'error_exception'], 'token_count': 17}",[TITLE] blaster critical error_failure failure flag ir module_ro.board.platform mtk platform_ro.board.platform tech_mtk [STEPS] adb connect firmware flash logcat proc_run logcat run to [DESC] encounter error error_encountered error_error error_exception exception gesture hardware log module module_ro.product.board platform_ro.product.board prediction routine suggest testing touchscreen [MODULE] ro.board.platform [PLATFORM] ro.board.platform [SEQ_LEN] 2,ro.board.platform,1,1,2
MTK-2066,Error: SSPM IPI timeout - ro.mediatek.platform,The wifi module on ro.board.platform encountered a WiFi 6 beamforming failure during routine testing. Logs suggest a hardware exception.,reboot device → run logcat → enable developer mode,"{'text': 'error error_error ipi platform_ro.mediatek.platform sspm timeout', 'platforms': ['ro.mediatek.platform'], 'codes': [], 'hw_module': 'unknown', 'tech_keywords': ['error_error']}","{'text': 'developer device enable logcat mode proc_reboot proc_run logcat reboot run', 'procedures': ['proc_reboot', 'proc_run logcat'], 'sequence_length': 2}","{'text': 'beamforming encounter error_encountered error_exception error_failure exception failure hardware log module module_ro.board.platform platform_ro.board.platform routine suggest tech_wifi testing wifi', 'platforms': ['ro.board.platform'], 'codes': [], 'hw_module': 'ro.board.platform', 'tech_keywords': ['error_failure', 'error_encountered', 'tech_wifi', 'error_exception'], 'token_count': 17}",[TITLE] error error_error ipi platform_ro.mediatek.platform sspm timeout [STEPS] developer device enable logcat mode proc_reboot proc_run logcat reboot run [DESC] beamforming encounter error_encountered error_exception error_failure exception failure hardware log module module_ro.board.platform platform_ro.board.platform routine suggest tech_wifi testing wifi [PLATFORM] ro.mediatek.platform [SEQ_LEN] 2,unknown,1,2,2
MTK-2067,MTK: VENC hang : ro.vendor.mediatek,The bluetooth module on ro.product.board encountered a audio latency compensation error during routine testing. Logs suggest a hardware exception.,connect to adb → flash firmware → reboot device,"{'text': 'hang mtk platform_ro.vendor.mediatek tech_mtk venc', 'platforms': ['ro.vendor.mediatek'], 'codes': [], 'hw_module': 'unknown', 'tech_keywords': ['tech_mtk']}","{'text': 'adb connect device firmware flash proc_reboot reboot to', 'procedures': ['proc_reboot'], 'sequence_length': 2}","{'text': 'audio bluetooth compensation encounter error error_encountered error_error error_exception exception hardware latency log module module_ro.product.board platform_ro.product.board routine suggest testing', 'platforms': ['ro.product.board'], 'codes': [], 'hw_module': 'ro.product.board', 'tech_keywords': ['error_encountered', 'error_error', 'error_exception'], 'token_count': 18}",[TITLE] hang mtk platform_ro.vendor.mediatek tech_mtk venc [STEPS] adb connect device firmware flash proc_reboot reboot to [DESC] audio bluetooth compensation encounter error error_encountered error_error error_exception exception hardware latency log module module_ro.product.board platform_ro.product.board routine suggest testing [PLATFORM] ro.vendor.mediatek [SEQ_LEN] 2,unknown,1,1,2
MTK-2068,MTK Crash Log - power,The camera module on ro.mediatek.platform encountered a computational photography hang during routine testing. Logs suggest a hardware exception.,enable developer mode → enter bootloader → connect to adb,"{'text': 'crash log mtk power tech_mtk', 'platforms': [], 'codes': [], 'hw_module': 'unknown', 'tech_keywords': ['tech_mtk']}","{'text': 'adb bootloader connect developer enable enter mode to', 'procedures': [], 'sequence_length': 2}","{'text': 'camera computational encounter error_encountered error_exception exception hang hardware log module module_hardware photography platform_ro.mediatek.platform routine suggest testing', 'platforms': ['ro.mediatek.platform'], 'codes': [], 'hw_module': 'hardware', 'tech_keywords': ['error_encountered', 'error_exception'], 'token_count': 16}",[TITLE] crash log mtk power tech_mtk [STEPS] adb bootloader connect developer enable enter mode to [DESC] camera computational encounter error_encountered error_exception exception hang hardware log module module_hardware photography platform_ro.mediatek.platform routine suggest testing [SEQ_LEN] 2,unknown,0,0,2
MTK-2069,Error: DISP mutex timeout - ro.board.platform,The audio module on ro.product.board encountered a high-res audio decoding failure during routine testing. Logs suggest a hardware exception.,flash firmware → reboot device → run logcat,"{'text': 'disp error error_error module_ro.board.platform mutex platform_ro.board.platform timeout', 'platforms': ['ro.board.platform'], 'codes': [], 'hw_module': 'ro.board.platform', 'tech_keywords': ['error_error']}","{'text': 'device firmware flash logcat proc_reboot proc_run logcat reboot run', 'procedures': ['proc_reboot', 'proc_run logcat'], 'sequence_length': 2}","{'text': 'audio decode encounter error_encountered error_exception error_failure exception failure hardware high log module module_ro.product.board platform_ro.product.board res routine suggest testing', 'platforms': ['ro.product.board'], 'codes': [], 'hw_module': 'ro.product.board', 'tech_keywords': ['error_failure', 'error_encountered', 'error_exception'], 'token_count': 18}",[TITLE] disp error error_error module_ro.board.platform mutex platform_ro.board.platform timeout [STEPS] device firmware flash logcat proc_reboot proc_run logcat reboot run [DESC] audio decode encounter error_encountered error_exception error_failure exception failure hardware high log module module_ro.product.board platform_ro.product.board res routine suggest testing [MODULE] ro.board.platform [PLATFORM] ro.board.platform [SEQ_LEN] 2,ro.board.platform,1,2,2
MTK-2070,MTK: MCUSYS exception,The display module on ro.mediatek.platform encountered a color gamut switching error during routine testing. Logs suggest a hardware exception.,run logcat → enable developer mode → flash firmware,"{'text': 'error_exception exception mcusys mtk tech_mtk', 'platforms': [], 'codes': [], 'hw_module': 'unknown', 'tech_keywords': ['tech_mtk', 'error_exception']}","{'text': 'developer enable firmware flash logcat mode proc_run logcat run', 'procedures': ['proc_run logcat'], 'sequence_length': 2}","{'text': 'color display encounter error error_encountered error_error error_exception exception gamut hardware log module module_hardware platform_ro.mediatek.platform routine suggest switch testing', 'platforms': ['ro.mediatek.platform'], 'codes': [], 'hw_module': 'hardware', 'tech_keywords': ['error_encountered', 'error_error', 'error_exception'], 'token_count': 18}",[TITLE] error_exception exception mcusys mtk tech_mtk [STEPS] developer enable firmware flash logcat mode proc_run logcat run [DESC] color display encounter error error_encountered error_error error_exception exception gamut hardware log module module_hardware platform_ro.mediatek.platform routine suggest switch testing [SEQ_LEN] 2,unknown,0,1,2
MTK-2071,Critical Failure: tilt sensor - MTK Flag: ro.product.board,The modem module on ro.board.platform encountered a 5G NSA handover failure during routine testing. Logs suggest a hardware exception.,reboot device → connect to adb → enable developer mode,"{'text': 'critical error_failure failure flag module_ro.product.board mtk platform_ro.product.board sensor tech_mtk tilt', 'platforms': ['ro.product.board'], 'codes': [], 'hw_module': 'ro.product.board', 'tech_keywords': ['error_failure', 'tech_mtk']}","{'text': 'adb connect developer device enable mode proc_reboot reboot to', 'procedures': ['proc_reboot'], 'sequence_length': 2}","{'text': 'encounter error_encountered error_exception error_failure exception failure handover hardware log modem module module_ro.board.platform nsa platform_ro.board.platform routine suggest testing', 'platforms': ['ro.board.platform'], 'codes': [], 'hw_module': 'ro.board.platform', 'tech_keywords': ['error_failure', 'error_encountered', 'error_exception'], 'token_count': 17}",[TITLE] critical error_failure failure flag module_ro.product.board mtk platform_ro.product.board sensor tech_mtk tilt [STEPS] adb connect developer device enable mode proc_reboot reboot to [DESC] encounter error_encountered error_exception error_failure exception failure handover hardware log modem module module_ro.board.platform nsa platform_ro.board.platform routine suggest testing [MODULE] ro.product.board [PLATFORM] ro.product.board [SEQ_LEN] 2,ro.product.board,1,1,2
MTK-2072,MTK: VCORE DVFS timeout,The touchscreen module on ro.mediatek.platform encountered a haptic feedback calibration error during routine testing. Logs suggest a hardware exception.,connect to adb → run logcat → reboot device,"{'text': 'dvfs mtk tech_mtk timeout vcore', 'platforms': [], 'codes': [], 'hw_module': 'unknown', 'tech_keywords': ['tech_mtk']}","{'text': 'adb connect device logcat proc_reboot proc_run logcat reboot run to', 'procedures': ['proc_reboot', 'proc_run logcat'], 'sequence_length': 2}","{'text': 'calibration encounter error error_encountered error_error error_exception exception feedback haptic hardware log module module_hardware platform_ro.mediatek.platform routine suggest testing touchscreen', 'platforms': ['ro.mediatek.platform'], 'codes': [], 'hw_module': 'hardware', 'tech_keywords': ['error_encountered', 'error_error', 'error_exception'], 'token_count': 18}",[TITLE] dvfs mtk tech_mtk timeout vcore [STEPS] adb connect device logcat proc_reboot proc_run logcat reboot run to [DESC] calibration encounter error error_encountered error_error error_exception exception feedback haptic hardware log module module_hardware platform_ro.mediatek.platform routine suggest testing touchscreen [SEQ_LEN] 2,unknown,0,2,2
MTK-2073,Error: CPUFREQ scaling failure - ro.board.platform,The wifi module on ro.product.board encountered a WPA3 authentication timeout during routine testing. Logs suggest a hardware exception.,enable developer mode → flash firmware → connect to adb,"{'text': 'cpufreq error error_error error_failure failure module_ro.board.platform platform_ro.board.platform scaling', 'platforms': ['ro.board.platform'], 'codes': [], 'hw_module': 'ro.board.platform', 'tech_keywords': ['error_failure', 'error_error']}","{'text': 'adb connect developer enable firmware flash mode to', 'procedures': [], 'sequence_length': 2}","{'text': 'authentication encounter error_encountered error_exception exception hardware log module module_ro.product.board platform_ro.product.board routine suggest tech_wifi testing timeout wifi wpa3', 'platforms': ['ro.product.board'], 'codes': [], 'hw_module': 'ro.product.board', 'tech_keywords': ['error_encountered', 'tech_wifi', 'error_exception'], 'token_count': 17}",[TITLE] cpufreq error error_error error_failure failure module_ro.board.platform platform_ro.board.platform scaling [STEPS] adb connect developer enable firmware flash mode to [DESC] authentication encounter error_encountered error_exception exception hardware log module module_ro.product.board platform_ro.product.board routine suggest tech_wifi testing timeout wifi wpa3 [MODULE] ro.board.platform [PLATFORM] ro.board.platform [SEQ_LEN] 2,ro.board.platform,1,0,2
MTK-2074,MTK Crash Log - camera,The bluetooth module on ro.mediatek.platform encountered a aptX codec initialization failure during routine testing. Logs suggest a hardware exception.,flash firmware → enter bootloader → run logcat,"{'text': 'camera crash log mtk tech_mtk', 'platforms': [], 'codes': [], 'hw_module': 'unknown', 'tech_keywords': ['tech_mtk']}","{'text': 'bootloader enter firmware flash logcat proc_run logcat run', 'procedures': ['proc_run logcat'], 'sequence_length': 2}","{'text': 'aptx bluetooth codec encounter error_encountered error_exception error_failure exception failure hardware initialization log module module_hardware platform_ro.mediatek.platform routine suggest testing', 'platforms': ['ro.mediatek.platform'], 'codes': [], 'hw_module': 'hardware', 'tech_keywords': ['error_failure', 'error_encountered', 'error_exception'], 'token_count': 18}",[TITLE] camera crash log mtk tech_mtk [STEPS] bootloader enter firmware flash logcat proc_run logcat run [DESC] aptx bluetooth codec encounter error_encountered error_exception error_failure exception failure hardware initialization log module module_hardware platform_ro.mediatek.platform routine suggest testing [SEQ_LEN] 2,unknown,0,1,2
MTK-2075,MTK: EMI MPU violation : ro.vendor.mediatek,The camera module on ro.board.platform encountered a portrait mode depth estimation error during routine testing. Logs suggest a hardware exception.,run logcat → reboot device → enable developer mode,"{'text': 'emi mpu mtk platform_ro.vendor.mediatek tech_mtk violation', 'platforms': ['ro.vendor.mediatek'], 'codes': [], 'hw_module': 'unknown', 'tech_keywords': ['tech_mtk']}","{'text': 'developer device enable logcat mode proc_reboot proc_run logcat reboot run', 'procedures': ['proc_reboot', 'proc_run logcat'], 'sequence_length': 2}","{'text': 'camera depth encounter error error_encountered error_error error_exception estimation exception hardware log mode module module_ro.board.platform platform_ro.board.platform portrait routine suggest testing', 'platforms': ['ro.board.platform'], 'codes': [], 'hw_module': 'ro.board.platform', 'tech_keywords': ['error_encountered', 'error_error', 'error_exception'], 'token_count': 19}",[TITLE] emi mpu mtk platform_ro.vendor.mediatek tech_mtk violation [STEPS] developer device enable logcat mode proc_reboot proc_run logcat reboot run [DESC] camera depth encounter error error_encountered error_error error_exception estimation exception hardware log mode module module_ro.board.platform platform_ro.board.platform portrait routine suggest testing [PLATFORM] ro.vendor.mediatek [SEQ_LEN] 2,unknown,1,2,2
MTK-2076,Critical Failure: rotation vector - MTK Flag: ro.product.board,The audio module on ro.mediatek.platform encountered a 3D audio processing hang during routine testing. Logs suggest a hardware exception.,reboot device → enable developer mode → flash firmware,"{'text': 'critical error_failure failure flag module_ro.product.board mtk platform_ro.product.board rotation tech_mtk vector', 'platforms': ['ro.product.board'], 'codes': [], 'hw_module': 'ro.product.board', 'tech_keywords': ['error_failure', 'tech_mtk']}","{'text': 'developer device enable firmware flash mode proc_reboot reboot', 'procedures': ['proc_reboot'], 'sequence_length': 2}","{'text': 'audio encounter error_encountered error_exception exception hang hardware log module module_hardware platform_ro.mediatek.platform processing routine suggest testing', 'platforms': ['ro.mediatek.platform'], 'codes': [], 'hw_module': 'hardware', 'tech_keywords': ['error_encountered', 'error_exception'], 'token_count': 15}",[TITLE] critical error_failure failure flag module_ro.product.board mtk platform_ro.product.board rotation tech_mtk vector [STEPS] developer device enable firmware flash mode proc_reboot reboot [DESC] audio encounter error_encountered error_exception exception hang hardware log module module_hardware platform_ro.mediatek.platform processing routine suggest testing [MODULE] ro.product.board [PLATFORM] ro.product.board [SEQ_LEN] 2,ro.product.board,1,1,2
MTK-2077,Error: DEVMPU timeout - ro.board.platform,The display module on ro.product.board encountered a always-on display update failure during routine testing. Logs suggest a hardware exception.,connect to adb → flash firmware → run logcat,"{'text': 'devmpu error error_error module_ro.board.platform platform_ro.board.platform timeout', 'platforms': ['ro.board.platform'], 'codes': [], 'hw_module': 'ro.board.platform', 'tech_keywords': ['error_error']}","{'text': 'adb connect firmware flash logcat proc_run logcat run to', 'procedures': ['proc_run logcat'], 'sequence_length': 2}","{'text': 'display encounter error_encountered error_exception error_failure exception failure hardware log module module_ro.product.board platform_ro.product.board routine suggest testing update', 'platforms': ['ro.product.board'], 'codes': [], 'hw_module': 'ro.product.board', 'tech_keywords': ['error_failure', 'error_encountered', 'error_exception'], 'token_count': 16}",[TITLE] devmpu error error_error module_ro.board.platform platform_ro.board.platform timeout [STEPS] adb connect firmware flash logcat proc_run logcat run to [DESC] display encounter error_encountered error_exception error_failure exception failure hardware log module module_ro.product.board platform_ro.product.board routine suggest testing update [MODULE] ro.board.platform [PLATFORM] ro.board.platform [SEQ_LEN] 2,ro.board.platform,1,1,2
MTK-2078,MTK: DRAM self refresh failure,The modem module on ro.mediatek.platform encountered a network slice selection error during routine testing. Logs suggest a hardware exception.,enable developer mode → run logcat → reboot device,"{'text': 'dram error_failure failure mtk refresh self tech_mtk', 'platforms': [], 'codes': [], 'hw_module': 'unknown', 'tech_keywords': ['error_failure', 'tech_mtk']}","{'text': 'developer device enable logcat mode proc_reboot proc_run logcat reboot run', 'procedures': ['proc_reboot', 'proc_run logcat'], 'sequence_length': 2}","{'text': 'encounter error error_encountered error_error error_exception exception hardware log modem module module_hardware network platform_ro.mediatek.platform routine selection slice suggest testing', 'platforms': ['ro.mediatek.platform'], 'codes': [], 'hw_module': 'hardware', 'tech_keywords': ['error_encountered', 'error_error', 'error_exception'], 'token_count': 18}",[TITLE] dram error_failure failure mtk refresh self tech_mtk [STEPS] developer device enable logcat mode proc_reboot proc_run logcat reboot run [DESC] encounter error error_encountered error_error error_exception exception hardware log modem module module_hardware network platform_ro.mediatek.platform routine selection slice suggest testing [SEQ_LEN] 2,unknown,0,2,2
MTK-2079,MTK Crash Log - fingerprint,The touchscreen module on ro.board.platform encountered a edge rejection calibration failure during routine testing. Logs suggest a hardware exception.,flash firmware → connect to adb → enable developer mode,"{'text': 'crash fingerprint log mtk tech_mtk', 'platforms': [], 'codes': [], 'hw_module': 'unknown', 'tech_keywords': ['tech_mtk']}","{'text': 'adb connect developer enable firmware flash mode to', 'procedures': [], 'sequence_length': 2}","{'text': 'calibration edge encounter error_encountered error_exception error_failure exception failure hardware log module module_ro.board.platform platform_ro.board.platform rejection routine suggest testing touchscreen', 'platforms': ['ro.board.platform'], 'codes': [], 'hw_module': 'ro.board.platform', 'tech_keywords': ['error_failure', 'error_encountered', 'error_exception'], 'token_count': 18}",[TITLE] crash fingerprint log mtk tech_mtk [STEPS] adb connect developer enable firmware flash mode to [DESC] calibration edge encounter error_encountered error_exception error_failure exception failure hardware log module module_ro.board.platform platform_ro.board.platform rejection routine suggest testing touchscreen [SEQ_LEN] 2,unknown,0,0,2
MTK-2080,MTK: CCF timeout : ro.product.board,The wifi module on ro.mediatek.platform encountered a 6GHz band switching failure during routine testing. Logs suggest a hardware exception.,run logcat → flash firmware → connect to adb,"{'text': 'ccf module_ro.product.board mtk platform_ro.product.board tech_mtk timeout', 'platforms': ['ro.product.board'], 'codes': [], 'hw_module': 'ro.product.board', 'tech_keywords': ['tech_mtk']}","{'text': 'adb connect firmware flash logcat proc_run logcat run to', 'procedures': ['proc_run logcat'], 'sequence_length': 2}","{'text': '6ghz band encounter error_encountered error_exception error_failure exception failure hardware log module module_hardware platform_ro.mediatek.platform routine suggest switch tech_wifi testing wifi', 'platforms': ['ro.mediatek.platform'], 'codes': [], 'hw_module': 'hardware', 'tech_keywords': ['error_failure', 'error_encountered', 'tech_wifi', 'error_exception'], 'token_count': 19}",[TITLE] ccf module_ro.product.board mtk platform_ro.product.board tech_mtk timeout [STEPS] adb connect firmware flash logcat proc_run logcat run to [DESC] 6ghz band encounter error_encountered error_exception error_failure exception failure hardware log module module_hardware platform_ro.mediatek.platform routine suggest switch tech_wifi testing wifi [MODULE] ro.product.board [PLATFORM] ro.product.board [SEQ_LEN] 2,ro.product.board,1,1,2
MTK-2081,Critical Failure: linear acceleration - MTK Flag: ro.board.platform,The bluetooth module on ro.product.board encountered a dual audio streaming hang during routine testing. Logs suggest a hardware exception.,reboot device → enter bootloader → flash firmware,"{'text': 'acceleration critical error_failure failure flag linear module_ro.board.platform mtk platform_ro.board.platform tech_mtk', 'platforms': ['ro.board.platform'], 'codes': [], 'hw_module': 'ro.board.platform', 'tech_keywords': ['error_failure', 'tech_mtk']}","{'text': 'bootloader device enter firmware flash proc_reboot reboot', 'procedures': ['proc_reboot'], 'sequence_length': 2}","{'text': 'audio bluetooth dual encounter error_encountered error_exception exception hang hardware log module module_ro.product.board platform_ro.product.board routine streaming suggest testing', 'platforms': ['ro.product.board'], 'codes': [], 'hw_module': 'ro.product.board', 'tech_keywords': ['error_encountered', 'error_exception'], 'token_count': 17}",[TITLE] acceleration critical error_failure failure flag linear module_ro.board.platform mtk platform_ro.board.platform tech_mtk [STEPS] bootloader device enter firmware flash proc_reboot reboot [DESC] audio bluetooth dual encounter error_encountered error_exception exception hang hardware log module module_ro.product.board platform_ro.product.board routine streaming suggest testing [MODULE] ro.board.platform [PLATFORM] ro.board.platform [SEQ_LEN] 2,ro.board.platform,1,1,2
MTK-2082,Error: INFRA timeout - ro.mediatek.platform,The camera module on ro.board.platform encountered a macro focus hunting error during routine testing. Logs suggest a hardware exception.,enable developer mode → reboot device → run logcat,"{'text': 'error error_error infra platform_ro.mediatek.platform timeout', 'platforms': ['ro.mediatek.platform'], 'codes': [], 'hw_module': 'unknown', 'tech_keywords': ['error_error']}","{'text': 'developer device enable logcat mode proc_reboot proc_run logcat reboot run', 'procedures': ['proc_reboot', 'proc_run logcat'], 'sequence_length': 2}","{'text': 'camera encounter error error_encountered error_error error_exception exception focus hardware hunt log macro module module_ro.board.platform platform_ro.board.platform routine suggest testing', 'platforms': ['ro.board.platform'], 'codes': [], 'hw_module': 'ro.board.platform', 'tech_keywords': ['error_encountered', 'error_error', 'error_exception'], 'token_count': 18}",[TITLE] error error_error infra platform_ro.mediatek.platform timeout [STEPS] developer device enable logcat mode proc_reboot proc_run logcat reboot run [DESC] camera encounter error error_encountered error_error error_exception exception focus hardware hunt log macro module module_ro.board.platform platform_ro.board.platform routine suggest testing [PLATFORM] ro.mediatek.platform [SEQ_LEN] 2,unknown,1,2,2
MTK-2083,MTK: PMIF timeout : ro.vendor.mediatek,The audio module on ro.product.board encountered a voice assistant wake word detection failure during routine testing. Logs suggest a hardware exception.,connect to adb → enable developer mode → flash firmware,"{'text': 'mtk platform_ro.vendor.mediatek pmif tech_mtk timeout', 'platforms': ['ro.vendor.mediatek'], 'codes': [], 'hw_module': 'unknown', 'tech_keywords': ['tech_mtk']}","{'text': 'adb connect developer enable firmware flash mode to', 'procedures': [], 'sequence_length': 2}","{'text': 'assistant audio detection encounter error_encountered error_exception error_failure exception failure hardware log module module_ro.product.board platform_ro.product.board routine suggest testing voice wake word', 'platforms': ['ro.product.board'], 'codes': [], 'hw_module': 'ro.product.board', 'tech_keywords': ['error_failure', 'error_encountered', 'error_exception'], 'token_count': 20}",[TITLE] mtk platform_ro.vendor.mediatek pmif tech_mtk timeout [STEPS] adb connect developer enable firmware flash mode to [DESC] assistant audio detection encounter error_encountered error_exception error_failure exception failure hardware log module module_ro.product.board platform_ro.product.board routine suggest testing voice wake word [PLATFORM] ro.vendor.mediatek [SEQ_LEN] 2,unknown,1,0,2
MTK-2084,MTK Crash Log - thermal,The display module on ro.mediatek.platform encountered a mini LED zone control error during routine testing. Logs suggest a hardware exception.,flash firmware → run logcat → reboot device,"{'text': 'crash log mtk tech_mtk thermal', 'platforms': [], 'codes': [], 'hw_module': 'unknown', 'tech_keywords': ['tech_mtk']}","{'text': 'device firmware flash logcat proc_reboot proc_run logcat reboot run', 'procedures': ['proc_reboot', 'proc_run logcat'], 'sequence_length': 2}","{'text': 'control display encounter error error_encountered error_error error_exception exception hardware led log mini module module_hardware platform_ro.mediatek.platform routine suggest testing zone', 'platforms': ['ro.mediatek.platform'], 'codes': [], 'hw_module': 'hardware', 'tech_keywords': ['error_encountered', 'error_error', 'error_exception'], 'token_count': 19}",[TITLE] crash log mtk tech_mtk thermal [STEPS] device firmware flash logcat proc_reboot proc_run logcat reboot run [DESC] control display encounter error error_encountered error_error error_exception exception hardware led log mini module module_hardware platform_ro.mediatek.platform routine suggest testing zone [SEQ_LEN] 2,unknown,0,2,2
MTK-2085,MTK: CLDMA timeout : ro.board.platform,The modem module on ro.product.board encountered a mmWave beam tracking failure during routine testing. Logs suggest a hardware exception.,run logcat → connect to adb → enable developer mode,"{'text': 'cldma module_ro.board.platform mtk platform_ro.board.platform tech_mtk timeout', 'platforms': ['ro.board.platform'], 'codes': [], 'hw_module': 'ro.board.platform', 'tech_keywords': ['tech_mtk']}","{'text': 'adb connect developer enable logcat mode proc_run logcat run to', 'procedures': ['proc_run logcat'], 'sequence_length': 2}","{'text': 'beam encounter error_encountered error_exception error_failure exception failure hardware log mmwave modem module module_ro.product.board platform_ro.product.board routine suggest testing tracking', 'platforms': ['ro.product.board'], 'codes': [], 'hw_module': 'ro.product.board', 'tech_keywords': ['error_failure', 'error_encountered', 'error_exception'], 'token_count': 18}",[TITLE] cldma module_ro.board.platform mtk platform_ro.board.platform tech_mtk timeout [STEPS] adb connect developer enable logcat mode proc_run logcat run to [DESC] beam encounter error_encountered error_exception error_failure exception failure hardware log mmwave modem module module_ro.product.board platform_ro.product.board routine suggest testing tracking [MODULE] ro.board.platform [PLATFORM] ro.board.platform [SEQ_LEN] 2,ro.board.platform,1,1,2
MTK-2086,Critical Failure: gravity sensor - MTK Flag: ro.mediatek.platform,The touchscreen module on ro.board.platform encountered a pressure mapping calibration error during routine testing. Logs suggest a hardware exception.,reboot device → flash firmware → connect to adb,"{'text': 'critical error_failure failure flag gravity mtk platform_ro.mediatek.platform sensor tech_mtk', 'platforms': ['ro.mediatek.platform'], 'codes': [], 'hw_module': 'unknown', 'tech_keywords': ['error_failure', 'tech_mtk']}","{'text': 'adb connect device firmware flash proc_reboot reboot to', 'procedures': ['proc_reboot'], 'sequence_length': 2}","{'text': 'calibration encounter error error_encountered error_error error_exception exception hardware log mapping module module_ro.board.platform platform_ro.board.platform pressure routine suggest testing touchscreen', 'platforms': ['ro.board.platform'], 'codes': [], 'hw_module': 'ro.board.platform', 'tech_keywords': ['error_encountered', 'error_error', 'error_exception'], 'token_count': 18}",[TITLE] critical error_failure failure flag gravity mtk platform_ro.mediatek.platform sensor tech_mtk [STEPS] adb connect device firmware flash proc_reboot reboot to [DESC] calibration encounter error error_encountered error_error error_exception exception hardware log mapping module module_ro.board.platform platform_ro.board.platform pressure routine suggest testing touchscreen [PLATFORM] ro.mediatek.platform [SEQ_LEN] 2,unknown,1,1,2
MTK-2087,Error: SPMI timeout - ro.product.board,The wifi module on ro.mediatek.platform encountered a spatial reuse optimization failure during routine testing. Logs suggest a hardware exception.,enable developer mode → enter bootloader → run logcat,"{'text': 'error error_error module_ro.product.board platform_ro.product.board spmi timeout', 'platforms': ['ro.product.board'], 'codes': [], 'hw_module': 'ro.product.board', 'tech_keywords': ['error_error']}","{'text': 'bootloader developer enable enter logcat mode proc_run logcat run', 'procedures': ['proc_run logcat'], 'sequence_length': 2}","{'text': 'encounter error_encountered error_exception error_failure exception failure hardware log module module_hardware optimization platform_ro.mediatek.platform reuse routine spatial suggest tech_wifi testing wifi', 'platforms': ['ro.mediatek.platform'], 'codes': [], 'hw_module': 'hardware', 'tech_keywords': ['error_failure', 'error_encountered', 'tech_wifi', 'error_exception'], 'token_count': 19}",[TITLE] error error_error module_ro.product.board platform_ro.product.board spmi timeout [STEPS] bootloader developer enable enter logcat mode proc_run logcat run [DESC] encounter error_encountered error_exception error_failure exception failure hardware log module module_hardware optimization platform_ro.mediatek.platform reuse routine spatial suggest tech_wifi testing wifi [MODULE] ro.product.board [PLATFORM] ro.product.board [SEQ_LEN] 2,ro.product.board,1,1,2
MTK-2088,MTK: MCUPM watchdog : ro.board.platform,The bluetooth module on ro.product.board encountered a isochronous streaming error during routine testing. Logs suggest a hardware exception.,flash firmware → reboot device → enable developer mode,"{'text': 'mcupm module_ro.board.platform mtk platform_ro.board.platform tech_mtk watchdog', 'platforms': ['ro.board.platform'], 'codes': [], 'hw_module': 'ro.board.platform', 'tech_keywords': ['tech_mtk']}","{'text': 'developer device enable firmware flash mode proc_reboot reboot', 'procedures': ['proc_reboot'], 'sequence_length': 2}","{'text': 'bluetooth encounter error error_encountered error_error error_exception exception hardware isochronous log module module_ro.product.board platform_ro.product.board routine streaming suggest testing', 'platforms': ['ro.product.board'], 'codes': [], 'hw_module': 'ro.product.board', 'tech_keywords': ['error_encountered', 'error_error', 'error_exception'], 'token_count': 17}",[TITLE] mcupm module_ro.board.platform mtk platform_ro.board.platform tech_mtk watchdog [STEPS] developer device enable firmware flash mode proc_reboot reboot [DESC] bluetooth encounter error error_encountered error_error error_exception exception hardware isochronous log module module_ro.product.board platform_ro.product.board routine streaming suggest testing [MODULE] ro.board.platform [PLATFORM] ro.board.platform [SEQ_LEN] 2,ro.board.platform,1,1,2
MTK-2089,MTK Crash Log - display,The camera module on ro.mediatek.platform encountered a cinematic video stabilization hang during routine testing. Logs suggest a hardware exception.,connect to adb → run logcat → flash firmware,"{'text': 'crash display log mtk tech_mtk', 'platforms': [], 'codes': [], 'hw_module': 'unknown', 'tech_keywords': ['tech_mtk']}","{'text': 'adb connect firmware flash logcat proc_run logcat run to', 'procedures': ['proc_run logcat'], 'sequence_length': 2}","{'text': 'camera cinematic encounter error_encountered error_exception exception hang hardware log module module_hardware platform_ro.mediatek.platform routine stabilization suggest testing video', 'platforms': ['ro.mediatek.platform'], 'codes': [], 'hw_module': 'hardware', 'tech_keywords': ['error_encountered', 'error_exception'], 'token_count': 17}",[TITLE] crash display log mtk tech_mtk [STEPS] adb connect firmware flash logcat proc_run logcat run to [DESC] camera cinematic encounter error_encountered error_exception exception hang hardware log module module_hardware platform_ro.mediatek.platform routine stabilization suggest testing video [SEQ_LEN] 2,unknown,0,1,2
MTK-2090,MTK: SSUSB VBUS fault,The audio module on ro.board.platform encountered a personalized HRTF processing failure during routine testing. Logs suggest a hardware exception.,run logcat → enable developer mode → reboot device,"{'text': 'fault mtk ssusb tech_mtk vbus', 'platforms': [], 'codes': [], 'hw_module': 'unknown', 'tech_keywords': ['tech_mtk']}","{'text': 'developer device enable logcat mode proc_reboot proc_run logcat reboot run', 'procedures': ['proc_reboot', 'proc_run logcat'], 'sequence_length': 2}","{'text': 'audio encounter error_encountered error_exception error_failure exception failure hardware hrtf log module module_ro.board.platform personalized platform_ro.board.platform processing routine suggest testing', 'platforms': ['ro.board.platform'], 'codes': [], 'hw_module': 'ro.board.platform', 'tech_keywords': ['error_failure', 'error_encountered', 'error_exception'], 'token_count': 18}",[TITLE] fault mtk ssusb tech_mtk vbus [STEPS] developer device enable logcat mode proc_reboot proc_run logcat reboot run [DESC] audio encounter error_encountered error_exception error_failure exception failure hardware hrtf log module module_ro.board.platform personalized platform_ro.board.platform processing routine suggest testing [SEQ_LEN] 2,unknown,0,2,2
MTK-2091,Critical Failure: game rotation - MTK Flag: ro.product.board,The display module on ro.mediatek.platform encountered a LTPO refresh rate adaptation error during routine testing. Logs suggest a hardware exception.,enable developer mode → connect to adb → flash firmware,"{'text': 'critical error_failure failure flag game module_ro.product.board mtk platform_ro.product.board rotation tech_mtk', 'platforms': ['ro.product.board'], 'codes': [], 'hw_module': 'ro.product.board', 'tech_keywords': ['error_failure', 'tech_mtk']}","{'text': 'adb connect developer enable firmware flash mode to', 'procedures': [], 'sequence_length': 2}","{'text': 'adaptation display encounter error error_encountered error_error error_exception exception hardware log ltpo module module_hardware platform_ro.mediatek.platform rate refresh routine suggest testing', 'platforms': ['ro.mediatek.platform'], 'codes': [], 'hw_module': 'hardware', 'tech_keywords': ['error_encountered', 'error_error', 'error_exception'], 'token_count': 19}",[TITLE] critical error_failure failure flag game module_ro.product.board mtk platform_ro.product.board rotation tech_mtk [STEPS] adb connect developer enable firmware flash mode to [DESC] adaptation display encounter error error_encountered error_error error_exception exception hardware log ltpo module module_hardware platform_ro.mediatek.platform rate refresh routine suggest testing [MODULE] ro.product.board [PLATFORM] ro.product.board [SEQ_LEN] 2,ro.product.board,1,0,2
MTK-2092,Error: TDMA timeout - ro.board.platform,The modem module on ro.product.board encountered a dual connectivity optimization failure during routine testing. Logs suggest a hardware exception.,reboot device → flash firmware → run logcat,"{'text': 'error error_error module_ro.board.platform platform_ro.board.platform tdma timeout', 'platforms': ['ro.board.platform'], 'codes': [], 'hw_module': 'ro.board.platform', 'tech_keywords': ['error_error']}","{'text': 'device firmware flash logcat proc_reboot proc_run logcat reboot run', 'procedures': ['proc_reboot', 'proc_run logcat'], 'sequence_length': 2}","{'text': 'connectivity dual encounter error_encountered error_exception error_failure exception failure hardware log modem module module_ro.product.board optimization platform_ro.product.board routine suggest tech_connect testing', 'platforms': ['ro.product.board'], 'codes': [], 'hw_module': 'ro.product.board', 'tech_keywords': ['tech_connect', 'error_encountered', 'error_failure', 'error_exception'], 'token_count': 19}",[TITLE] error error_error module_ro.board.platform platform_ro.board.platform tdma timeout [STEPS] device firmware flash logcat proc_reboot proc_run logcat reboot run [DESC] connectivity dual encounter error_encountered error_exception error_failure exception failure hardware log modem module module_ro.product.board optimization platform_ro.product.board routine suggest tech_connect testing [MODULE] ro.board.platform [PLATFORM] ro.board.platform [SEQ_LEN] 2,ro.board.platform,1,2,2
MTK-2093,MTK: GPU thermal throttle,The touchscreen module on ro.mediatek.platform encountered a stylus tilt angle detection error during routine testing. Logs suggest a hardware exception.,flash firmware → enter bootloader → connect to adb,"{'text': 'gpu mtk tech_mtk thermal throttle', 'platforms': [], 'codes': [], 'hw_module': 'unknown', 'tech_keywords': ['tech_mtk']}","{'text': 'adb bootloader connect enter firmware flash to', 'procedures': [], 'sequence_length': 2}","{'text': 'angle detection encounter error error_encountered error_error error_exception exception hardware log module module_hardware platform_ro.mediatek.platform routine stylus suggest testing tilt touchscreen', 'platforms': ['ro.mediatek.platform'], 'codes': [], 'hw_module': 'hardware', 'tech_keywords': ['error_encountered', 'error_error', 'error_exception'], 'token_count': 19}",[TITLE] gpu mtk tech_mtk thermal throttle [STEPS] adb bootloader connect enter firmware flash to [DESC] angle detection encounter error error_encountered error_error error_exception exception hardware log module module_hardware platform_ro.mediatek.platform routine stylus suggest testing tilt touchscreen [SEQ_LEN] 2,unknown,0,0,2
MTK-2094,MTK Crash Log - connectivity,The wifi module on ro.board.platform encountered a target wake time scheduling failure during routine testing. Logs suggest a hardware exception.,connect to adb → reboot device → enable developer mode,"{'text': 'connectivity crash log mtk tech_connect tech_mtk', 'platforms': [], 'codes': [], 'hw_module': 'unknown', 'tech_keywords': ['tech_connect', 'tech_mtk']}","{'text': 'adb connect developer device enable mode proc_reboot reboot to', 'procedures': ['proc_reboot'], 'sequence_length': 2}","{'text': 'encounter error_encountered error_exception error_failure exception failure hardware log module module_ro.board.platform platform_ro.board.platform routine scheduling suggest target tech_wifi testing time wake wifi', 'platforms': ['ro.board.platform'], 'codes': [], 'hw_module': 'ro.board.platform', 'tech_keywords': ['error_failure', 'error_encountered', 'tech_wifi', 'error_exception'], 'token_count': 20}",[TITLE] connectivity crash log mtk tech_connect tech_mtk [STEPS] adb connect developer device enable mode proc_reboot reboot to [DESC] encounter error_encountered error_exception error_failure exception failure hardware log module module_ro.board.platform platform_ro.board.platform routine scheduling suggest target tech_wifi testing time wake wifi [SEQ_LEN] 2,unknown,0,1,2
MTK-2095,MTK: VDEC frame drop : ro.vendor.mediatek,The bluetooth module on ro.mediatek.platform encountered a broadcast audio configuration error during routine testing. Logs suggest a hardware exception.,run logcat → flash firmware → reboot device,"{'text': 'drop frame mtk platform_ro.vendor.mediatek tech_mtk vdec', 'platforms': ['ro.vendor.mediatek'], 'codes': [], 'hw_module': 'unknown', 'tech_keywords': ['tech_mtk']}","{'text': 'device firmware flash logcat proc_reboot proc_run logcat reboot run', 'procedures': ['proc_reboot', 'proc_run logcat'], 'sequence_length': 2}","{'text': 'audio bluetooth broadcast configuration encounter error error_encountered error_error error_exception exception hardware log module module_hardware platform_ro.mediatek.platform routine suggest testing', 'platforms': ['ro.mediatek.platform'], 'codes': [], 'hw_module': 'hardware', 'tech_keywords': ['error_encountered', 'error_error', 'error_exception'], 'token_count': 18}",[TITLE] drop frame mtk platform_ro.vendor.mediatek tech_mtk vdec [STEPS] device firmware flash logcat proc_reboot proc_run logcat reboot run [DESC] audio bluetooth broadcast configuration encounter error error_encountered error_error error_exception exception hardware log module module_hardware platform_ro.mediatek.platform routine suggest testing [PLATFORM] ro.vendor.mediatek [SEQ_LEN] 2,unknown,1,2,2
MTK-2096,Critical Failure: geomagnetic rotation - MTK Flag: ro.product.board,The camera module on ro.board.platform encountered a super resolution processing timeout during routine testing. Logs suggest a hardware exception.,enable developer mode → run logcat → connect to adb,"{'text': 'critical error_failure failure flag geomagnetic module_ro.product.board mtk platform_ro.product.board rotation tech_mtk', 'platforms': ['ro.product.board'], 'codes': [], 'hw_module': 'ro.product.board', 'tech_keywords': ['error_failure', 'tech_mtk']}","{'text': 'adb connect developer enable logcat mode proc_run logcat run to', 'procedures': ['proc_run logcat'], 'sequence_length': 2}","{'text': 'camera encounter error_encountered error_exception exception hardware log module module_ro.board.platform platform_ro.board.platform process resolution routine suggest super testing timeout', 'platforms': ['ro.board.platform'], 'codes': [], 'hw_module': 'ro.board.platform', 'tech_keywords': ['error_encountered', 'error_exception'], 'token_count': 17}",[TITLE] critical error_failure failure flag geomagnetic module_ro.product.board mtk platform_ro.product.board rotation tech_mtk [STEPS] adb connect developer enable logcat mode proc_run logcat run to [DESC] camera encounter error_encountered error_exception exception hardware log module module_ro.board.platform platform_ro.board.platform process resolution routine suggest super testing timeout [MODULE] ro.product.board [PLATFORM] ro.product.board [SEQ_LEN] 2,ro.product.board,1,1,2
MTK-2097,Error: MSDC CRC failure - ro.mediatek.platform,The audio module on ro.product.board encountered a multi-channel upmixing hang during routine testing. Logs suggest a hardware exception.,flash firmware → connect to adb → run logcat,"{'text': 'crc error error_error error_failure failure msdc platform_ro.mediatek.platform', 'platforms': ['ro.mediatek.platform'], 'codes': [], 'hw_module': 'unknown', 'tech_keywords': ['error_failure', 'error_error']}","{'text': 'adb connect firmware flash logcat proc_run logcat run to', 'procedures': ['proc_run logcat'], 'sequence_length': 2}","{'text': 'audio channel encounter error_encountered error_exception exception hang hardware log module module_ro.product.board multi platform_ro.product.board routine suggest testing upmixing', 'platforms': ['ro.product.board'], 'codes': [], 'hw_module': 'ro.product.board', 'tech_keywords': ['error_encountered', 'error_exception'], 'token_count': 17}",[TITLE] crc error error_error error_failure failure msdc platform_ro.mediatek.platform [STEPS] adb connect firmware flash logcat proc_run logcat run to [DESC] audio channel encounter error_encountered error_exception exception hang hardware log module module_ro.product.board multi platform_ro.product.board routine suggest testing upmixing [PLATFORM] ro.mediatek.platform [SEQ_LEN] 2,unknown,1,1,2
MTK-2098,MTK: CONNSYS power fault,The display module on ro.board.platform encountered a pixel response time optimization error during routine testing. Logs suggest a hardware exception.,reboot device → enable developer mode → flash firmware,"{'text': 'connsys fault mtk power tech_mtk', 'platforms': [], 'codes': [], 'hw_module': 'unknown', 'tech_keywords': ['tech_mtk']}","{'text': 'developer device enable firmware flash mode proc_reboot reboot', 'procedures': ['proc_reboot'], 'sequence_length': 2}","{'text': 'display encounter error error_encountered error_error error_exception exception hardware log module module_ro.board.platform optimization pixel platform_ro.board.platform response routine suggest testing time', 'platforms': ['ro.board.platform'], 'codes': [], 'hw_module': 'ro.board.platform', 'tech_keywords': ['error_encountered', 'error_error', 'error_exception'], 'token_count': 19}",[TITLE] connsys fault mtk power tech_mtk [STEPS] developer device enable firmware flash mode proc_reboot reboot [DESC] display encounter error error_encountered error_error error_exception exception hardware log module module_ro.board.platform optimization pixel platform_ro.board.platform response routine suggest testing time [SEQ_LEN] 2,unknown,0,1,2
MTK-2099,MTK Crash Log - security,The modem module on ro.mediatek.platform encountered a network function virtualization failure during routine testing. Logs suggest a hardware exception.,connect to adb → enter bootloader → reboot device,"{'text': 'crash log mtk security tech_mtk', 'platforms': [], 'codes': [], 'hw_module': 'unknown', 'tech_keywords': ['tech_mtk']}","{'text': 'adb bootloader connect device enter proc_reboot reboot to', 'procedures': ['proc_reboot'], 'sequence_length': 2}","{'text': 'encounter error_encountered error_exception error_failure exception failure function hardware log modem module module_hardware network platform_ro.mediatek.platform routine suggest testing virtualization', 'platforms': ['ro.mediatek.platform'], 'codes': [], 'hw_module': 'hardware', 'tech_keywords': ['error_failure', 'error_encountered', 'error_exception'], 'token_count': 18}",[TITLE] crash log mtk security tech_mtk [STEPS] adb bootloader connect device enter proc_reboot reboot to [DESC] encounter error_encountered error_exception error_failure exception failure function hardware log modem module module_hardware network platform_ro.mediatek.platform routine suggest testing virtualization [SEQ_LEN] 2,unknown,0,1,2
ticket_id,title,description,repeat_steps,"{'text': 'title', 'platforms': [], 'codes': [], 'hw_module': 'unknown', 'tech_keywords': []}","{'text': 'repeat_steps', 'procedures': [], 'sequence_length': 1}","{'text': 'description', 'platforms': [], 'codes': [], 'hw_module': 'unknown', 'tech_keywords': [], 'token_count': 1}",[TITLE] title [STEPS] repeat_steps [DESC] description,unknown,0,0,1
MTK-3000,MTK: ADSP crash : ro.vendor.mediatek,The accelerometer module on ro.mediatek.platform encountered a calibration drift during routine testing. Logs suggest a hardware exception.,flash firmware → enter bootloader → connect to adb,"{'text': 'adsp crash mtk platform_ro.vendor.mediatek tech_mtk', 'platforms': ['ro.vendor.mediatek'], 'codes': [], 'hw_module': 'unknown', 'tech_keywords': ['tech_mtk']}","{'text': 'adb bootloader connect enter firmware flash to', 'procedures': [], 'sequence_length': 2}","{'text': 'accelerometer calibration drift encounter error_encountered error_exception exception hardware log module module_hardware platform_ro.mediatek.platform routine suggest testing', 'platforms': ['ro.mediatek.platform'], 'codes': [], 'hw_module': 'hardware', 'tech_keywords': ['error_encountered', 'error_exception'], 'token_count': 15}",[TITLE] adsp crash mtk platform_ro.vendor.mediatek tech_mtk [STEPS] adb bootloader connect enter firmware flash to [DESC] accelerometer calibration drift encounter error_encountered error_exception exception hardware log module module_hardware platform_ro.mediatek.platform routine suggest testing [PLATFORM] ro.vendor.mediatek [SEQ_LEN] 2,unknown,1,0,2
MTK-3001,Error: PCIE AER fault - ro.board.platform,The camera module on ro.product.board encountered a lens actuator timeout during routine testing. Logs suggest a hardware exception.,run logcat → reboot device → enable developer mode,"{'text': 'aer error error_error fault module_ro.board.platform pcie platform_ro.board.platform', 'platforms': ['ro.board.platform'], 'codes': [], 'hw_module': 'ro.board.platform', 'tech_keywords': ['error_error']}","{'text': 'developer device enable logcat mode proc_reboot proc_run logcat reboot run', 'procedures': ['proc_reboot', 'proc_run logcat'], 'sequence_length': 2}","{'text': 'actuator camera encounter error_encountered error_exception exception hardware lens log module module_ro.product.board platform_ro.product.board routine suggest testing timeout', 'platforms': ['ro.product.board'], 'codes': [], 'hw_module': 'ro.product.board', 'tech_keywords': ['error_encountered', 'error_exception'], 'token_count': 16}",[TITLE] aer error error_error fault module_ro.board.platform pcie platform_ro.board.platform [STEPS] developer device enable logcat mode proc_reboot proc_run logcat reboot run [DESC] actuator camera encounter error_encountered error_exception exception hardware lens log module module_ro.product.board platform_ro.product.board routine suggest testing timeout [MODULE] ro.board.platform [PLATFORM] ro.board.platform [SEQ_LEN] 2,ro.board.platform,1,2,2
MTK-3002,Critical Failure: pedometer - MTK Flag: ro.mediatek.platform,The modem module on ro.board.platform encountered a RF calibration failure during routine testing. Logs suggest a hardware exception.,connect to adb → flash firmware → run logcat,"{'text': 'critical error_failure failure flag mtk pedometer platform_ro.mediatek.platform tech_mtk', 'platforms': ['ro.mediatek.platform'], 'codes': [], 'hw_module': 'unknown', 'tech_keywords': ['error_failure', 'tech_mtk']}","{'text': 'adb connect firmware flash logcat proc_run logcat run to', 'procedures': ['proc_run logcat'], 'sequence_length': 2}","{'text': 'calibration encounter error_encountered error_exception error_failure exception failure hardware log modem module module_ro.board.platform platform_ro.board.platform routine suggest testing', 'platforms': ['ro.board.platform'], 'codes': [], 'hw_module': 'ro.board.platform', 'tech_keywords': ['error_failure', 'error_encountered', 'error_exception'], 'token_count': 16}",[TITLE] critical error_failure failure flag mtk pedometer platform_ro.mediatek.platform tech_mtk [STEPS] adb connect firmware flash logcat proc_run logcat run to [DESC] calibration encounter error_encountered error_exception error_failure exception failure hardware log modem module module_ro.board.platform platform_ro.board.platform routine suggest testing [PLATFORM] ro.mediatek.platform [SEQ_LEN] 2,unknown,1,1,2
MTK-3003,MTK Crash Log - sensor,The display module on ro.product.board encountered a gamma correction error during routine testing. Logs suggest a hardware exception.,enable developer mode → enter bootloader → reboot device,"{'text': 'crash log mtk sensor tech_mtk', 'platforms': [], 'codes': [], 'hw_module': 'unknown', 'tech_keywords': ['tech_mtk']}","{'text': 'bootloader developer device enable enter mode proc_reboot reboot', 'procedures': ['proc_reboot'], 'sequence_length': 2}","{'text': 'correction display encounter error error_encountered error_error error_exception exception gamma hardware log module module_ro.product.board platform_ro.product.board routine suggest testing', 'platforms': ['ro.product.board'], 'codes': [], 'hw_module': 'ro.product.board', 'tech_keywords': ['error_encountered', 'error_error', 'error_exception'], 'token_count': 17}",[TITLE] crash log mtk sensor tech_mtk [STEPS] bootloader developer device enable enter mode proc_reboot reboot [DESC] correction display encounter error error_encountered error_error error_exception exception gamma hardware log module module_ro.product.board platform_ro.product.board routine suggest testing [SEQ_LEN] 2,unknown,0,1,2
MTK-3004,MTK: CPUIDLE hang : ro.board.platform,The wifi module on ro.mediatek.platform encountered a regulatory domain violation during routine testing. Logs suggest a hardware exception.,reboot device → run logcat → connect to adb,"{'text': 'cpuidle hang module_ro.board.platform mtk platform_ro.board.platform tech_mtk', 'platforms': ['ro.board.platform'], 'codes': [], 'hw_module': 'ro.board.platform', 'tech_keywords': ['tech_mtk']}","{'text': 'adb connect device logcat proc_reboot proc_run logcat reboot run to', 'procedures': ['proc_reboot', 'proc_run logcat'], 'sequence_length': 2}","{'text': 'domain encounter error_encountered error_exception exception hardware log module module_hardware platform_ro.mediatek.platform regulatory routine suggest tech_wifi testing violation wifi', 'platforms': ['ro.mediatek.platform'], 'codes': [], 'hw_module': 'hardware', 'tech_keywords': ['error_encountered', 'tech_wifi', 'error_exception'], 'token_count': 17}",[TITLE] cpuidle hang module_ro.board.platform mtk platform_ro.board.platform tech_mtk [STEPS] adb connect device logcat proc_reboot proc_run logcat reboot run to [DESC] domain encounter error_encountered error_exception exception hardware log module module_hardware platform_ro.mediatek.platform regulatory routine suggest tech_wifi testing violation wifi [MODULE] ro.board.platform [PLATFORM] ro.board.platform [SEQ_LEN] 2,ro.board.platform,1,2,2
MTK-3005,Error: UART overrun - ro.vendor.mediatek,The bluetooth module on ro.product.board encountered a HFP profile negotiation failure during routine testing. Logs suggest a hardware exception.,flash firmware → enable developer mode → run logcat,"{'text': 'error error_error overrun platform_ro.vendor.mediatek uart', 'platforms': ['ro.vendor.mediatek'], 'codes': [], 'hw_module': 'unknown', 'tech_keywords': ['error_error']}","{'text': 'developer enable firmware flash logcat mode proc_run logcat run', 'procedures': ['proc_run logcat'], 'sequence_length': 2}","{'text': 'bluetooth encounter error_encountered error_exception error_failure exception failure hardware hfp log module module_ro.product.board negotiation platform_ro.product.board profile routine suggest testing', 'platforms': ['ro.product.board'], 'codes': [], 'hw_module': 'ro.product.board', 'tech_keywords': ['error_failure', 'error_encountered', 'error_exception'], 'token_count': 18}",[TITLE] error error_error overrun platform_ro.vendor.mediatek uart [STEPS] developer enable firmware flash logcat mode proc_run logcat run [DESC] bluetooth encounter error_encountered error_exception error_failure exception failure hardware hfp log module module_ro.product.board negotiation platform_ro.product.board profile routine suggest testing [PLATFORM] ro.vendor.mediatek [SEQ_LEN] 2,unknown,1,1,2
MTK-3006,MTK: DVFS OPP failure,The touchscreen module on ro.board.platform encountered a proximity detection error during routine testing. Logs suggest a hardware exception.,connect to adb → reboot device → flash firmware,"{'text': 'dvfs error_failure failure mtk opp tech_mtk', 'platforms': [], 'codes': [], 'hw_module': 'unknown', 'tech_keywords': ['error_failure', 'tech_mtk']}","{'text': 'adb connect device firmware flash proc_reboot reboot to', 'procedures': ['proc_reboot'], 'sequence_length': 2}","{'text': 'detection encounter error error_encountered error_error error_exception exception hardware log module module_ro.board.platform platform_ro.board.platform proximity routine suggest testing touchscreen', 'platforms': ['ro.board.platform'], 'codes': [], 'hw_module': 'ro.board.platform', 'tech_keywords': ['error_encountered', 'error_error', 'error_exception'], 'token_count': 17}",[TITLE] dvfs error_failure failure mtk opp tech_mtk [STEPS] adb connect device firmware flash proc_reboot reboot to [DESC] detection encounter error error_encountered error_error error_exception exception hardware log module module_ro.board.platform platform_ro.board.platform proximity routine suggest testing touchscreen [SEQ_LEN] 2,unknown,0,1,2
MTK-3007,Critical Failure: significant motion - MTK Flag: ro.mediatek.platform,The audio module on ro.product.board encountered a DAC overload protection during routine testing. Logs suggest a hardware exception.,run logcat → connect to adb → enable developer mode,"{'text': 'critical error_failure failure flag motion mtk platform_ro.mediatek.platform significant tech_mtk', 'platforms': ['ro.mediatek.platform'], 'codes': [], 'hw_module': 'unknown', 'tech_keywords': ['error_failure', 'tech_mtk']}","{'text': 'adb connect developer enable logcat mode proc_run logcat run to', 'procedures': ['proc_run logcat'], 'sequence_length': 2}","{'text': 'audio dac encounter error_encountered error_exception exception hardware log module module_ro.product.board overload platform_ro.product.board protection routine suggest testing', 'platforms': ['ro.product.board'], 'codes': [], 'hw_module': 'ro.product.board', 'tech_keywords': ['error_encountered', 'error_exception'], 'token_count': 16}",[TITLE] critical error_failure failure flag motion mtk platform_ro.mediatek.platform significant tech_mtk [STEPS] adb connect developer enable logcat mode proc_run logcat run to [DESC] audio dac encounter error_encountered error_exception exception hardware log module module_ro.product.board overload platform_ro.product.board protection routine suggest testing [PLATFORM] ro.mediatek.platform [SEQ_LEN] 2,unknown,1,1,2
MTK-3008,MTK Crash Log - charging,The camera module on ro.board.platform encountered a OIS stabilization failure during routine testing. Logs suggest a hardware exception.,enable developer mode → flash firmware → enter bootloader,"{'text': 'charging crash log mtk tech_mtk', 'platforms': [], 'codes': [], 'hw_module': 'unknown', 'tech_keywords': ['tech_mtk']}","{'text': 'bootloader developer enable enter firmware flash mode', 'procedures': [], 'sequence_length': 2}","{'text': 'camera encounter error_encountered error_exception error_failure exception failure hardware log module module_ro.board.platform ois platform_ro.board.platform routine stabilization suggest testing', 'platforms': ['ro.board.platform'], 'codes': [], 'hw_module': 'ro.board.platform', 'tech_keywords': ['error_failure', 'error_encountered', 'error_exception'], 'token_count': 17}",[TITLE] charging crash log mtk tech_mtk [STEPS] bootloader developer enable enter firmware flash mode [DESC] camera encounter error_encountered error_exception error_failure exception failure hardware log module module_ro.board.platform ois platform_ro.board.platform routine stabilization suggest testing [SEQ_LEN] 2,unknown,0,0,2
MTK-3009,Error: MSDC CMD timeout - ro.mediatek.platform,The display module on ro.product.board encountered a OLED burn-in compensation error during routine testing. Logs suggest a hardware exception.,reboot device → connect to adb → run logcat,"{'text': 'cmd error error_error msdc platform_ro.mediatek.platform timeout', 'platforms': ['ro.mediatek.platform'], 'codes': [], 'hw_module': 'unknown', 'tech_keywords': ['error_error']}","{'text': 'adb connect device logcat proc_reboot proc_run logcat reboot run to', 'procedures': ['proc_reboot', 'proc_run logcat'], 'sequence_length': 2}","{'text': 'burn compensation display encounter error error_encountered error_error error_exception exception hardware log module module_ro.product.board ole platform_ro.product.board routine suggest testing', 'platforms': ['ro.product.board'], 'codes': [], 'hw_module': 'ro.product.board', 'tech_keywords': ['error_encountered', 'error_error', 'error_exception'], 'token_count': 18}",[TITLE] cmd error error_error msdc platform_ro.mediatek.platform timeout [STEPS] adb connect device logcat proc_reboot proc_run logcat reboot run to [DESC] burn compensation display encounter error error_encountered error_error error_exception exception hardware log module module_ro.product.board ole platform_ro.product.board routine suggest testing [PLATFORM] ro.mediatek.platform [SEQ_LEN] 2,unknown,1,2,2
MTK-3010,MTK: CCCI MD assert : ro.vendor.mediatek,The modem module on ro.board.platform encountered a PLMN selection timeout during routine testing. Logs suggest a hardware exception.,flash firmware → run logcat → reboot device,"{'text': 'assert ccci md mtk platform_ro.vendor.mediatek tech_mtk', 'platforms': ['ro.vendor.mediatek'], 'codes': [], 'hw_module': 'unknown', 'tech_keywords': ['tech_mtk']}","{'text': 'device firmware flash logcat proc_reboot proc_run logcat reboot run', 'procedures': ['proc_reboot', 'proc_run logcat'], 'sequence_length': 2}","{'text': 'encounter error_encountered error_exception exception hardware log modem module module_ro.board.platform platform_ro.board.platform plmn routine selection suggest testing timeout', 'platforms': ['ro.board.platform'], 'codes': [], 'hw_module': 'ro.board.platform', 'tech_keywords': ['error_encountered', 'error_exception'], 'token_count': 16}",[TITLE] assert ccci md mtk platform_ro.vendor.mediatek tech_mtk [STEPS] device firmware flash logcat proc_reboot proc_run logcat reboot run [DESC] encounter error_encountered error_exception exception hardware log modem module module_ro.board.platform platform_ro.board.platform plmn routine selection suggest testing timeout [PLATFORM] ro.vendor.mediatek [SEQ_LEN] 2,unknown,1,2,2
MTK-3011,Critical Failure: wake gesture - MTK Flag: ro.product.board,The wifi module on ro.mediatek.platform encountered a channel bonding failure during routine testing. Logs suggest a hardware exception.,connect to adb → enable developer mode → flash firmware,"{'text': 'critical error_failure failure flag gesture module_ro.product.board mtk platform_ro.product.board tech_mtk wake', 'platforms': ['ro.product.board'], 'codes': [], 'hw_module': 'ro.product.board', 'tech_keywords': ['error_failure', 'tech_mtk']}","{'text': 'adb connect developer enable firmware flash mode to', 'procedures': [], 'sequence_length': 2}","{'text': 'bonding channel encounter error_encountered error_exception error_failure exception failure hardware log module module_hardware platform_ro.mediatek.platform routine suggest tech_wifi testing wifi', 'platforms': ['ro.mediatek.platform'], 'codes': [], 'hw_module': 'hardware', 'tech_keywords': ['error_failure', 'error_encountered', 'tech_wifi', 'error_exception'], 'token_count': 18}",[TITLE] critical error_failure failure flag gesture module_ro.product.board mtk platform_ro.product.board tech_mtk wake [STEPS] adb connect developer enable firmware flash mode to [DESC] bonding channel encounter error_encountered error_exception error_failure exception failure hardware log module module_hardware platform_ro.mediatek.platform routine suggest tech_wifi testing wifi [MODULE] ro.product.board [PLATFORM] ro.product.board [SEQ_LEN] 2,ro.product.board,1,0,2
MTK-3012,MTK: VENC slice timeout,The bluetooth module on ro.board.platform encountered a GATT server initialization hang during routine testing. Logs suggest a hardware exception.,enable developer mode → reboot device → connect to adb,"{'text': 'mtk slice tech_mtk timeout venc', 'platforms': [], 'codes': [], 'hw_module': 'unknown', 'tech_keywords': ['tech_mtk']}","{'text': 'adb connect developer device enable mode proc_reboot reboot to', 'procedures': ['proc_reboot'], 'sequence_length': 2}","{'text': 'bluetooth encounter error_encountered error_exception exception gatt hang hardware initialization log module module_ro.board.platform platform_ro.board.platform routine server suggest testing', 'platforms': ['ro.board.platform'], 'codes': [], 'hw_module': 'ro.board.platform', 'tech_keywords': ['error_encountered', 'error_exception'], 'token_count': 17}",[TITLE] mtk slice tech_mtk timeout venc [STEPS] adb connect developer device enable mode proc_reboot reboot to [DESC] bluetooth encounter error_encountered error_exception exception gatt hang hardware initialization log module module_ro.board.platform platform_ro.board.platform routine server suggest testing [SEQ_LEN] 2,unknown,0,1,2
MTK-3013,Error: AUXADC channel fault - ro.mediatek.platform,The touchscreen module on ro.product.board encountered a multi-finger tracking error during routine testing. Logs suggest a hardware exception.,run logcat → flash firmware → enable developer mode,"{'text': 'auxadc channel error error_error fault platform_ro.mediatek.platform', 'platforms': ['ro.mediatek.platform'], 'codes': [], 'hw_module': 'unknown', 'tech_keywords': ['error_error']}","{'text': 'developer enable firmware flash logcat mode proc_run logcat run', 'procedures': ['proc_run logcat'], 'sequence_length': 2}","{'text': 'encounter error error_encountered error_error error_exception exception finger hardware log module module_ro.product.board multi platform_ro.product.board routine suggest testing touchscreen tracking', 'platforms': ['ro.product.board'], 'codes': [], 'hw_module': 'ro.product.board', 'tech_keywords': ['error_encountered', 'error_error', 'error_exception'], 'token_count': 18}",[TITLE] auxadc channel error error_error fault platform_ro.mediatek.platform [STEPS] developer enable firmware flash logcat mode proc_run logcat run [DESC] encounter error error_encountered error_error error_exception exception finger hardware log module module_ro.product.board multi platform_ro.product.board routine suggest testing touchscreen tracking [PLATFORM] ro.mediatek.platform [SEQ_LEN] 2,unknown,1,1,2
MTK-3014,MTK Crash Log - fingerprint,The audio module on ro.board.platform encountered a voice enhancement processing failure during routine testing. Logs suggest a hardware exception.,reboot device → enter bootloader → run logcat,"{'text': 'crash fingerprint log mtk tech_mtk', 'platforms': [], 'codes': [], 'hw_module': 'unknown', 'tech_keywords': ['tech_mtk']}","{'text': 'bootloader device enter logcat proc_reboot proc_run logcat reboot run', 'procedures': ['proc_reboot', 'proc_run logcat'], 'sequence_length': 2}","{'text': 'audio encounter enhancement error_encountered error_exception error_failure exception failure hardware log module module_ro.board.platform platform_ro.board.platform processing routine suggest testing voice', 'platforms': ['ro.board.platform'], 'codes': [], 'hw_module': 'ro.board.platform', 'tech_keywords': ['error_failure', 'error_encountered', 'error_exception'], 'token_count': 18}",[TITLE] crash fingerprint log mtk tech_mtk [STEPS] bootloader device enter logcat proc_reboot proc_run logcat reboot run [DESC] audio encounter enhancement error_encountered error_exception error_failure exception failure hardware log module module_ro.board.platform platform_ro.board.platform processing routine suggest testing voice [SEQ_LEN] 2,unknown,0,2,2
MTK-3015,MTK: SRAMROM parity : ro.board.platform,The camera module on ro.mediatek.platform encountered a dual camera synchronization error during routine testing. Logs suggest a hardware exception.,flash firmware → connect to adb → reboot device,"{'text': 'module_ro.board.platform mtk parity platform_ro.board.platform sramrom tech_mtk', 'platforms': ['ro.board.platform'], 'codes': [], 'hw_module': 'ro.board.platform', 'tech_keywords': ['tech_mtk']}","{'text': 'adb connect device firmware flash proc_reboot reboot to', 'procedures': ['proc_reboot'], 'sequence_length': 2}","{'text': 'camera dual encounter error error_encountered error_error error_exception exception hardware log module module_hardware platform_ro.mediatek.platform routine suggest synchronization testing', 'platforms': ['ro.mediatek.platform'], 'codes': [], 'hw_module': 'hardware', 'tech_keywords': ['error_encountered', 'error_error', 'error_exception'], 'token_count': 17}",[TITLE] module_ro.board.platform mtk parity platform_ro.board.platform sramrom tech_mtk [STEPS] adb connect device firmware flash proc_reboot reboot to [DESC] camera dual encounter error error_encountered error_error error_exception exception hardware log module module_hardware platform_ro.mediatek.platform routine suggest synchronization testing [MODULE] ro.board.platform [PLATFORM] ro.board.platform [SEQ_LEN] 2,ro.board.platform,1,1,2
MTK-3016,Critical Failure: pick up gesture - MTK Flag: ro.vendor.mediatek,The display module on ro.product.board encountered a dynamic range optimization failure during routine testing. Logs suggest a hardware exception.,connect to adb → run logcat → enable developer mode,"{'text': 'critical error_failure failure flag gesture mtk pick platform_ro.vendor.mediatek tech_mtk up', 'platforms': ['ro.vendor.mediatek'], 'codes': [], 'hw_module': 'unknown', 'tech_keywords': ['error_failure', 'tech_mtk']}","{'text': 'adb connect developer enable logcat mode proc_run logcat run to', 'procedures': ['proc_run logcat'], 'sequence_length': 2}","{'text': 'display dynamic encounter error_encountered error_exception error_failure exception failure hardware log module module_ro.product.board optimization platform_ro.product.board range routine suggest testing', 'platforms': ['ro.product.board'], 'codes': [], 'hw_module': 'ro.product.board', 'tech_keywords': ['error_failure', 'error_encountered', 'error_exception'], 'token_count': 18}",[TITLE] critical error_failure failure flag gesture mtk pick platform_ro.vendor.mediatek tech_mtk up [STEPS] adb connect developer enable logcat mode proc_run logcat run to [DESC] display dynamic encounter error_encountered error_exception error_failure exception failure hardware log module module_ro.product.board optimization platform_ro.product.board range routine suggest testing [PLATFORM] ro.vendor.mediatek [SEQ_LEN] 2,unknown,1,1,2
MTK-3017,Error: I2C arbitration lost - ro.board.platform,The modem module on ro.mediatek.platform encountered a carrier aggregation timing error during routine testing. Logs suggest a hardware exception.,enable developer mode → flash firmware → connect to adb,"{'text': 'arbitration error error_error i2c lost module_ro.board.platform platform_ro.board.platform', 'platforms': ['ro.board.platform'], 'codes': [], 'hw_module': 'ro.board.platform', 'tech_keywords': ['error_error']}","{'text': 'adb connect developer enable firmware flash mode to', 'procedures': [], 'sequence_length': 2}","{'text': 'aggregation carrier encounter error error_encountered error_error error_exception exception hardware log modem module module_hardware platform_ro.mediatek.platform routine suggest testing timing', 'platforms': ['ro.mediatek.platform'], 'codes': [], 'hw_module': 'hardware', 'tech_keywords': ['error_encountered', 'error_error', 'error_exception'], 'token_count': 18}",[TITLE] arbitration error error_error i2c lost module_ro.board.platform platform_ro.board.platform [STEPS] adb connect developer enable firmware flash mode to [DESC] aggregation carrier encounter error error_encountered error_error error_exception exception hardware log modem module module_hardware platform_ro.mediatek.platform routine suggest testing timing [MODULE] ro.board.platform [PLATFORM] ro.board.platform [SEQ_LEN] 2,ro.board.platform,1,0,2
MTK-3018,MTK: PMICSPI timeout : ro.product.board,The wifi module on ro.board.platform encountered a WMM QoS parameter negotiation failure during routine testing. Logs suggest a hardware exception.,run logcat → reboot device → flash firmware,"{'text': 'module_ro.product.board mtk platform_ro.product.board pmicspi tech_mtk timeout', 'platforms': ['ro.product.board'], 'codes': [], 'hw_module': 'ro.product.board', 'tech_keywords': ['tech_mtk']}","{'text': 'device firmware flash logcat proc_reboot proc_run logcat reboot run', 'procedures': ['proc_reboot', 'proc_run logcat'], 'sequence_length': 2}","{'text': 'encounter error_encountered error_exception error_failure exception failure hardware log module module_ro.board.platform negotiation parameter platform_ro.board.platform qos routine suggest tech_wifi testing wifi wmm', 'platforms': ['ro.board.platform'], 'codes': [], 'hw_module': 'ro.board.platform', 'tech_keywords': ['error_failure', 'error_encountered', 'tech_wifi', 'error_exception'], 'token_count': 20}",[TITLE] module_ro.product.board mtk platform_ro.product.board pmicspi tech_mtk timeout [STEPS] device firmware flash logcat proc_reboot proc_run logcat reboot run [DESC] encounter error_encountered error_exception error_failure exception failure hardware log module module_ro.board.platform negotiation parameter platform_ro.board.platform qos routine suggest tech_wifi testing wifi wmm [MODULE] ro.product.board [PLATFORM] ro.product.board [SEQ_LEN] 2,ro.product.board,1,2,2
MTK-3019,MTK Crash Log - thermal,The bluetooth module on ro.mediatek.platform encountered a LE advertising interval violation during routine testing. Logs suggest a hardware exception.,reboot device → connect to adb → run logcat,"{'text': 'crash log mtk tech_mtk thermal', 'platforms': [], 'codes': [], 'hw_module': 'unknown', 'tech_keywords': ['tech_mtk']}","{'text': 'adb connect device logcat proc_reboot proc_run logcat reboot run to', 'procedures': ['proc_reboot', 'proc_run logcat'], 'sequence_length': 2}","{'text': 'advertising bluetooth encounter error_encountered error_exception exception hardware interval log module module_hardware platform_ro.mediatek.platform routine suggest testing violation', 'platforms': ['ro.mediatek.platform'], 'codes': [], 'hw_module': 'hardware', 'tech_keywords': ['error_encountered', 'error_exception'], 'token_count': 16}",[TITLE] crash log mtk tech_mtk thermal [STEPS] adb connect device logcat proc_reboot proc_run logcat reboot run to [DESC] advertising bluetooth encounter error_encountered error_exception exception hardware interval log module module_hardware platform_ro.mediatek.platform routine suggest testing violation [SEQ_LEN] 2,unknown,0,2,2
MTK-3020,MTK: DVFS undershoot,The touchscreen module on ro.product.board encountered a palm rejection algorithm failure during routine testing. Logs suggest a hardware exception.,flash firmware → enable developer mode → reboot device,"{'text': 'dvfs mtk tech_mtk undershoot', 'platforms': [], 'codes': [], 'hw_module': 'unknown', 'tech_keywords': ['tech_mtk']}","{'text': 'developer device enable firmware flash mode proc_reboot reboot', 'procedures': ['proc_reboot'], 'sequence_length': 2}","{'text': 'algorithm encounter error_encountered error_exception error_failure exception failure hardware log module module_ro.product.board palm platform_ro.product.board rejection routine suggest testing touchscreen', 'platforms': ['ro.product.board'], 'codes': [], 'hw_module': 'ro.product.board', 'tech_keywords': ['error_failure', 'error_encountered', 'error_exception'], 'token_count': 18}",[TITLE] dvfs mtk tech_mtk undershoot [STEPS] developer device enable firmware flash mode proc_reboot reboot [DESC] algorithm encounter error_encountered error_exception error_failure exception failure hardware log module module_ro.product.board palm platform_ro.product.board rejection routine suggest testing touchscreen [SEQ_LEN] 2,unknown,0,1,2
MTK-3021,Critical Failure: tilt detector - MTK Flag: ro.board.platform,The audio module on ro.mediatek.platform encountered a microphone array beamforming error during routine testing. Logs suggest a hardware exception.,connect to adb → run logcat → enable developer mode,"{'text': 'critical detector error_failure failure flag module_ro.board.platform mtk platform_ro.board.platform tech_mtk tilt', 'platforms': ['ro.board.platform'], 'codes': [], 'hw_module': 'ro.board.platform', 'tech_keywords': ['error_failure', 'tech_mtk']}","{'text': 'adb connect developer enable logcat mode proc_run logcat run to', 'procedures': ['proc_run logcat'], 'sequence_length': 2}","{'text': 'array audio beamforme encounter error error_encountered error_error error_exception exception hardware log microphone module module_hardware platform_ro.mediatek.platform routine suggest tech_phone testing', 'platforms': ['ro.mediatek.platform'], 'codes': [], 'hw_module': 'hardware', 'tech_keywords': ['error_encountered', 'error_error', 'error_exception', 'tech_phone'], 'token_count': 19}",[TITLE] critical detector error_failure failure flag module_ro.board.platform mtk platform_ro.board.platform tech_mtk tilt [STEPS] adb connect developer enable logcat mode proc_run logcat run to [DESC] array audio beamforme encounter error error_encountered error_error error_exception exception hardware log microphone module module_hardware platform_ro.mediatek.platform routine suggest tech_phone testing [MODULE] ro.board.platform [PLATFORM] ro.board.platform [SEQ_LEN] 2,ro.board.platform,1,1,2
MTK-3022,Error: SPI transfer timeout - ro.vendor.mediatek,The camera module on ro.product.board encountered a bokeh rendering hang during routine testing. Logs suggest a hardware exception.,enable developer mode → enter bootloader → flash firmware,"{'text': 'error error_error platform_ro.vendor.mediatek spi timeout transfer', 'platforms': ['ro.vendor.mediatek'], 'codes': [], 'hw_module': 'unknown', 'tech_keywords': ['error_error']}","{'text': 'bootloader developer enable enter firmware flash mode', 'procedures': [], 'sequence_length': 2}","{'text': 'bokeh camera encounter error_encountered error_exception exception hang hardware log module module_ro.product.board platform_ro.product.board render routine suggest testing', 'platforms': ['ro.product.board'], 'codes': [], 'hw_module': 'ro.product.board', 'tech_keywords': ['error_encountered', 'error_exception'], 'token_count': 16}",[TITLE] error error_error platform_ro.vendor.mediatek spi timeout transfer [STEPS] bootloader developer enable enter firmware flash mode [DESC] bokeh camera encounter error_encountered error_exception exception hang hardware log module module_ro.product.board platform_ro.product.board render routine suggest testing [PLATFORM] ro.vendor.mediatek [SEQ_LEN] 2,unknown,1,0,2
MTK-3023,MTK: MCUSYS bus hang,The display module on ro.board.platform encountered a local dimming zone control failure during routine testing. Logs suggest a hardware exception.,run logcat → reboot device → connect to adb,"{'text': 'bus hang mcusys mtk tech_mtk', 'platforms': [], 'codes': [], 'hw_module': 'unknown', 'tech_keywords': ['tech_mtk']}","{'text': 'adb connect device logcat proc_reboot proc_run logcat reboot run to', 'procedures': ['proc_reboot', 'proc_run logcat'], 'sequence_length': 2}","{'text': 'control dim display encounter error_encountered error_exception error_failure exception failure hardware local log module module_ro.board.platform platform_ro.board.platform routine suggest testing zone', 'platforms': ['ro.board.platform'], 'codes': [], 'hw_module': 'ro.board.platform', 'tech_keywords': ['error_failure', 'error_encountered', 'error_exception'], 'token_count': 19}",[TITLE] bus hang mcusys mtk tech_mtk [STEPS] adb connect device logcat proc_reboot proc_run logcat reboot run to [DESC] control dim display encounter error_encountered error_exception error_failure exception failure hardware local log module module_ro.board.platform platform_ro.board.platform routine suggest testing zone [SEQ_LEN] 2,unknown,0,2,2
MTK-3024,MTK Crash Log - connectivity,The modem module on ro.mediatek.platform encountered a handover measurement timeout during routine testing. Logs suggest a hardware exception.,reboot device → flash firmware → enable developer mode,"{'text': 'connectivity crash log mtk tech_connect tech_mtk', 'platforms': [], 'codes': [], 'hw_module': 'unknown', 'tech_keywords': ['tech_connect', 'tech_mtk']}","{'text': 'developer device enable firmware flash mode proc_reboot reboot', 'procedures': ['proc_reboot'], 'sequence_length': 2}","{'text': 'encounter error_encountered error_exception exception handover hardware log measurement modem module module_hardware platform_ro.mediatek.platform routine suggest testing timeout', 'platforms': ['ro.mediatek.platform'], 'codes': [], 'hw_module': 'hardware', 'tech_keywords': ['error_encountered', 'error_exception'], 'token_count': 16}",[TITLE] connectivity crash log mtk tech_connect tech_mtk [STEPS] developer device enable firmware flash mode proc_reboot reboot [DESC] encounter error_encountered error_exception exception handover hardware log measurement modem module module_hardware platform_ro.mediatek.platform routine suggest testing timeout [SEQ_LEN] 2,unknown,0,1,2
MTK-3025,MTK: PMIC thermal : ro.product.board,The wifi module on ro.board.platform encountered a mesh protocol state machine error during routine testing. Logs suggest a hardware exception.,flash firmware → connect to adb → run logcat,"{'text': 'module_ro.product.board mtk platform_ro.product.board pmic tech_mtk thermal', 'platforms': ['ro.product.board'], 'codes': [], 'hw_module': 'ro.product.board', 'tech_keywords': ['tech_mtk']}","{'text': 'adb connect firmware flash logcat proc_run logcat run to', 'procedures': ['proc_run logcat'], 'sequence_length': 2}","{'text': 'encounter error error_encountered error_error error_exception exception hardware log machine mesh module module_ro.board.platform platform_ro.board.platform protocol routine state suggest tech_wifi testing wifi', 'platforms': ['ro.board.platform'], 'codes': [], 'hw_module': 'ro.board.platform', 'tech_keywords': ['error_encountered', 'error_error', 'tech_wifi', 'error_exception'], 'token_count': 20}",[TITLE] module_ro.product.board mtk platform_ro.product.board pmic tech_mtk thermal [STEPS] adb connect firmware flash logcat proc_run logcat run to [DESC] encounter error error_encountered error_error error_exception exception hardware log machine mesh module module_ro.board.platform platform_ro.board.platform protocol routine state suggest tech_wifi testing wifi [MODULE] ro.product.board [PLATFORM] ro.product.board [SEQ_LEN] 2,ro.product.board,1,1,2
MTK-3026,Critical Failure: device orientation - MTK Flag: ro.mediatek.platform,The bluetooth module on ro.product.board encountered a audio sync drift compensation failure during routine testing. Logs suggest a hardware exception.,connect to adb → enable developer mode → reboot device,"{'text': 'critical device error_failure failure flag module_device mtk orientation platform_ro.mediatek.platform tech_mtk', 'platforms': ['ro.mediatek.platform'], 'codes': [], 'hw_module': 'device', 'tech_keywords': ['error_failure', 'tech_mtk']}","{'text': 'adb connect developer device enable mode proc_reboot reboot to', 'procedures': ['proc_reboot'], 'sequence_length': 2}","{'text': 'audio bluetooth compensation drift encounter error_encountered error_exception error_failure exception failure hardware log module module_ro.product.board platform_ro.product.board routine suggest sync testing', 'platforms': ['ro.product.board'], 'codes': [], 'hw_module': 'ro.product.board', 'tech_keywords': ['error_failure', 'error_encountered', 'error_exception'], 'token_count': 19}",[TITLE] critical device error_failure failure flag module_device mtk orientation platform_ro.mediatek.platform tech_mtk [STEPS] adb connect developer device enable mode proc_reboot reboot to [DESC] audio bluetooth compensation drift encounter error_encountered error_exception error_failure exception failure hardware log module module_ro.product.board platform_ro.product.board routine suggest sync testing [MODULE] device [PLATFORM] ro.mediatek.platform [SEQ_LEN] 2,device,1,1,2
MTK-3027,Error: DDRC training failure - ro.board.platform,The touchscreen module on ro.mediatek.platform encountered a stylus pressure curve calibration error during routine testing. Logs suggest a hardware exception.,enable developer mode → run logcat → flash firmware,"{'text': 'ddrc error error_error error_failure failure module_ro.board.platform platform_ro.board.platform training', 'platforms': ['ro.board.platform'], 'codes': [], 'hw_module': 'ro.board.platform', 'tech_keywords': ['error_failure', 'error_error']}","{'text': 'developer enable firmware flash logcat mode proc_run logcat run', 'procedures': ['proc_run logcat'], 'sequence_length': 2}","{'text': 'calibration curve encounter error error_encountered error_error error_exception exception hardware log module module_hardware platform_ro.mediatek.platform pressure routine stylus suggest testing touchscreen', 'platforms': ['ro.mediatek.platform'], 'codes': [], 'hw_module': 'hardware', 'tech_keywords': ['error_encountered', 'error_error', 'error_exception'], 'token_count': 19}",[TITLE] ddrc error error_error error_failure failure module_ro.board.platform platform_ro.board.platform training [STEPS] developer enable firmware flash logcat mode proc_run logcat run [DESC] calibration curve encounter error error_encountered error_error error_exception exception hardware log module module_hardware platform_ro.mediatek.platform pressure routine stylus suggest testing touchscreen [MODULE] ro.board.platform [PLATFORM] ro.board.platform [SEQ_LEN] 2,ro.board.platform,1,1,2
MTK-3028,MTK: GCE secure timeout,The audio module on ro.product.board encountered a surround virtualizer processing hang during routine testing. Logs suggest a hardware exception.,run logcat → flash firmware → connect to adb,"{'text': 'gce mtk secure tech_mtk timeout', 'platforms': [], 'codes': [], 'hw_module': 'unknown', 'tech_keywords': ['tech_mtk']}","{'text': 'adb connect firmware flash logcat proc_run logcat run to', 'procedures': ['proc_run logcat'], 'sequence_length': 2}","{'text': 'audio encounter error_encountered error_exception exception hang hardware log module module_ro.product.board platform_ro.product.board processing routine suggest surround testing virtualizer', 'platforms': ['ro.product.board'], 'codes': [], 'hw_module': 'ro.product.board', 'tech_keywords': ['error_encountered', 'error_exception'], 'token_count': 17}",[TITLE] gce mtk secure tech_mtk timeout [STEPS] adb connect firmware flash logcat proc_run logcat run to [DESC] audio encounter error_encountered error_exception exception hang hardware log module module_ro.product.board platform_ro.product.board processing routine suggest surround testing virtualizer [SEQ_LEN] 2,unknown,0,1,2
MTK-3029,MTK Crash Log - display,The camera module on ro.board.platform encountered a telephoto lens switching failure during routine testing. Logs suggest a hardware exception.,reboot device → connect to adb → enable developer mode,"{'text': 'crash display log mtk tech_mtk', 'platforms': [], 'codes': [], 'hw_module': 'unknown', 'tech_keywords': ['tech_mtk']}","{'text': 'adb connect developer device enable mode proc_reboot reboot to', 'procedures': ['proc_reboot'], 'sequence_length': 2}","{'text': 'camera encounter error_encountered error_exception error_failure exception failure hardware lens log module module_ro.board.platform platform_ro.board.platform routine suggest switch telephoto testing', 'platforms': ['ro.board.platform'], 'codes': [], 'hw_module': 'ro.board.platform', 'tech_keywords': ['error_failure', 'error_encountered', 'error_exception'], 'token_count': 18}",[TITLE] crash display log mtk tech_mtk [STEPS] adb connect developer device enable mode proc_reboot reboot to [DESC] camera encounter error_encountered error_exception error_failure exception failure hardware lens log module module_ro.board.platform platform_ro.board.platform routine suggest switch telephoto testing [SEQ_LEN] 2,unknown,0,1,2
MTK-3030,MTK: SSUSB U3 linkup failure,The display module on ro.mediatek.platform encountered a variable refresh rate transition glitch during routine testing. Logs suggest a hardware exception.,flash firmware → reboot device → run logcat,"{'text': 'error_failure failure linkup mtk ssusb tech_mtk u3', 'platforms': [], 'codes': [], 'hw_module': 'unknown', 'tech_keywords': ['error_failure', 'tech_mtk']}","{'text': 'device firmware flash logcat proc_reboot proc_run logcat reboot run', 'procedures': ['proc_reboot', 'proc_run logcat'], 'sequence_length': 2}","{'text': 'display encounter error_encountered error_exception exception glitch hardware log module module_hardware platform_ro.mediatek.platform rate refresh routine suggest testing transition variable', 'platforms': ['ro.mediatek.platform'], 'codes': [], 'hw_module': 'hardware', 'tech_keywords': ['error_encountered', 'error_exception'], 'token_count': 18}",[TITLE] error_failure failure linkup mtk ssusb tech_mtk u3 [STEPS] device firmware flash logcat proc_reboot proc_run logcat reboot run [DESC] display encounter error_encountered error_exception exception glitch hardware log module module_hardware platform_ro.mediatek.platform rate refresh routine suggest testing transition variable [SEQ_LEN] 2,unknown,0,2,2
MTK-3031,Critical Failure: motion detect - MTK Flag: ro.product.board,The modem module on ro.board.platform encountered a beam management procedure timeout during routine testing. Logs suggest a hardware exception.,connect to adb → enter bootloader → enable developer mode,"{'text': 'critical detect error_failure failure flag module_ro.product.board motion mtk platform_ro.product.board tech_mtk', 'platforms': ['ro.product.board'], 'codes': [], 'hw_module': 'ro.product.board', 'tech_keywords': ['error_failure', 'tech_mtk']}","{'text': 'adb bootloader connect developer enable enter mode to', 'procedures': [], 'sequence_length': 2}","{'text': 'beam encounter error_encountered error_exception exception hardware log management modem module module_ro.board.platform platform_ro.board.platform procedure routine suggest testing timeout', 'platforms': ['ro.board.platform'], 'codes': [], 'hw_module': 'ro.board.platform', 'tech_keywords': ['error_encountered', 'error_exception'], 'token_count': 17}",[TITLE] critical detect error_failure failure flag module_ro.product.board motion mtk platform_ro.product.board tech_mtk [STEPS] adb bootloader connect developer enable enter mode to [DESC] beam encounter error_encountered error_exception exception hardware log management modem module module_ro.board.platform platform_ro.board.platform procedure routine suggest testing timeout [MODULE] ro.product.board [PLATFORM] ro.product.board [SEQ_LEN] 2,ro.product.board,1,0,2
MTK-3032,Error: EFUSE voltage fault - ro.mediatek.platform,The wifi module on ro.product.board encountered a multi-user MIMO grouping failure during routine testing. Logs suggest a hardware exception.,enable developer mode → flash firmware → run logcat,"{'text': 'efuse error error_error fault platform_ro.mediatek.platform voltage', 'platforms': ['ro.mediatek.platform'], 'codes': [], 'hw_module': 'unknown', 'tech_keywords': ['error_error']}","{'text': 'developer enable firmware flash logcat mode proc_run logcat run', 'procedures': ['proc_run logcat'], 'sequence_length': 2}","{'text': 'encounter error_encountered error_exception error_failure exception failure group hardware log mimo module module_ro.product.board multi platform_ro.product.board routine suggest tech_wifi testing user wifi', 'platforms': ['ro.product.board'], 'codes': [], 'hw_module': 'ro.product.board', 'tech_keywords': ['error_failure', 'error_encountered', 'tech_wifi', 'error_exception'], 'token_count': 20}",[TITLE] efuse error error_error fault platform_ro.mediatek.platform voltage [STEPS] developer enable firmware flash logcat mode proc_run logcat run [DESC] encounter error_encountered error_exception error_failure exception failure group hardware log mimo module module_ro.product.board multi platform_ro.product.board routine suggest tech_wifi testing user wifi [PLATFORM] ro.mediatek.platform [SEQ_LEN] 2,unknown,1,1,2
MTK-3033,MTK: VDEC buffer underrun,The bluetooth module on ro.board.platform encountered a BR/EDR inquiry scan timeout during routine testing. Logs suggest a hardware exception.,run logcat → reboot device → connect to adb,"{'text': 'buffer mtk tech_mtk underrun vdec', 'platforms': [], 'codes': [], 'hw_module': 'unknown', 'tech_keywords': ['tech_mtk']}","{'text': 'adb connect device logcat proc_reboot proc_run logcat reboot run to', 'procedures': ['proc_reboot', 'proc_run logcat'], 'sequence_length': 2}","{'text': 'bluetooth edr encounter error_encountered error_exception exception hardware inquiry log module module_ro.board.platform platform_ro.board.platform routine scan suggest testing timeout', 'platforms': ['ro.board.platform'], 'codes': [], 'hw_module': 'ro.board.platform', 'tech_keywords': ['error_encountered', 'error_exception'], 'token_count': 17}",[TITLE] buffer mtk tech_mtk underrun vdec [STEPS] adb connect device logcat proc_reboot proc_run logcat reboot run to [DESC] bluetooth edr encounter error_encountered error_exception exception hardware inquiry log module module_ro.board.platform platform_ro.board.platform routine scan suggest testing timeout [SEQ_LEN] 2,unknown,0,2,2
MTK-3034,MTK Crash Log - power,The touchscreen module on ro.mediatek.platform encountered a force touch calibration drift during routine testing. Logs suggest a hardware exception.,reboot device → enable developer mode → flash firmware,"{'text': 'crash log mtk power tech_mtk', 'platforms': [], 'codes': [], 'hw_module': 'unknown', 'tech_keywords': ['tech_mtk']}","{'text': 'developer device enable firmware flash mode proc_reboot reboot', 'procedures': ['proc_reboot'], 'sequence_length': 2}","{'text': 'calibration drift encounter error_encountered error_exception exception force hardware log module module_hardware platform_ro.mediatek.platform routine suggest testing touch touchscreen', 'platforms': ['ro.mediatek.platform'], 'codes': [], 'hw_module': 'hardware', 'tech_keywords': ['error_encountered', 'error_exception'], 'token_count': 17}",[TITLE] crash log mtk power tech_mtk [STEPS] developer device enable firmware flash mode proc_reboot reboot [DESC] calibration drift encounter error_encountered error_exception exception force hardware log module module_hardware platform_ro.mediatek.platform routine suggest testing touch touchscreen [SEQ_LEN] 2,unknown,0,1,2
MTK-3035,MTK: DRAMC refresh violation,The audio module on ro.product.board encountered a noise gate threshold adaptation error during routine testing. Logs suggest a hardware exception.,flash firmware → connect to adb → run logcat,"{'text': 'dramc mtk refresh tech_mtk violation', 'platforms': [], 'codes': [], 'hw_module': 'unknown', 'tech_keywords': ['tech_mtk']}","{'text': 'adb connect firmware flash logcat proc_run logcat run to', 'procedures': ['proc_run logcat'], 'sequence_length': 2}","{'text': 'adaptation audio encounter error error_encountered error_error error_exception exception gate hardware log module module_ro.product.board noise platform_ro.product.board routine suggest testing threshold', 'platforms': ['ro.product.board'], 'codes': [], 'hw_module': 'ro.product.board', 'tech_keywords': ['error_encountered', 'error_error', 'error_exception'], 'token_count': 19}",[TITLE] dramc mtk refresh tech_mtk violation [STEPS] adb connect firmware flash logcat proc_run logcat run to [DESC] adaptation audio encounter error error_encountered error_error error_exception exception gate hardware log module module_ro.product.board noise platform_ro.product.board routine suggest testing threshold [SEQ_LEN] 2,unknown,0,1,2
MTK-3036,Critical Failure: stationary detect - MTK Flag: ro.board.platform,The camera module on ro.mediatek.platform encountered a sensor crop region calculation error during routine testing. Logs suggest a hardware exception.,connect to adb → run logcat → reboot device,"{'text': 'critical detect error_failure failure flag module_ro.board.platform mtk platform_ro.board.platform stationary tech_mtk', 'platforms': ['ro.board.platform'], 'codes': [], 'hw_module': 'ro.board.platform', 'tech_keywords': ['error_failure', 'tech_mtk']}","{'text': 'adb connect device logcat proc_reboot proc_run logcat reboot run to', 'procedures': ['proc_reboot', 'proc_run logcat'], 'sequence_length': 2}","{'text': 'calculation camera crop encounter error error_encountered error_error error_exception exception hardware log module module_hardware platform_ro.mediatek.platform region routine sensor suggest testing', 'platforms': ['ro.mediatek.platform'], 'codes': [], 'hw_module': 'hardware', 'tech_keywords': ['error_encountered', 'error_error', 'error_exception'], 'token_count': 19}",[TITLE] critical detect error_failure failure flag module_ro.board.platform mtk platform_ro.board.platform stationary tech_mtk [STEPS] adb connect device logcat proc_reboot proc_run logcat reboot run to [DESC] calculation camera crop encounter error error_encountered error_error error_exception exception hardware log module module_hardware platform_ro.mediatek.platform region routine sensor suggest testing [MODULE] ro.board.platform [PLATFORM] ro.board.platform [SEQ_LEN] 2,ro.board.platform,1,2,2
MTK-3037,Error: PWM duty cycle fault - ro.vendor.mediatek,The display module on ro.product.board encountered a DCI-P3 color space conversion failure during routine testing. Logs suggest a hardware exception.,enable developer mode → reboot device → flash firmware,"{'text': 'cycle duty error error_error fault platform_ro.vendor.mediatek pwm', 'platforms': ['ro.vendor.mediatek'], 'codes': [], 'hw_module': 'unknown', 'tech_keywords': ['error_error']}","{'text': 'developer device enable firmware flash mode proc_reboot reboot', 'procedures': ['proc_reboot'], 'sequence_length': 2}","{'text': 'color conversion dci display encounter error_encountered error_exception error_failure exception failure hardware log module module_ro.product.board platform_ro.product.board routine space suggest testing', 'platforms': ['ro.product.board'], 'codes': [], 'hw_module': 'ro.product.board', 'tech_keywords': ['error_failure', 'error_encountered', 'error_exception'], 'token_count': 19}",[TITLE] cycle duty error error_error fault platform_ro.vendor.mediatek pwm [STEPS] developer device enable firmware flash mode proc_reboot reboot [DESC] color conversion dci display encounter error_encountered error_exception error_failure exception failure hardware log module module_ro.product.board platform_ro.product.board routine space suggest testing [PLATFORM] ro.vendor.mediatek [SEQ_LEN] 2,unknown,1,1,2
MTK-3038,MTK: INFRACFG timeout : ro.board.platform,The modem module on ro.mediatek.platform encountered a uplink power control algorithm failure during routine testing. Logs suggest a hardware exception.,run logcat → flash firmware → connect to adb,"{'text': 'infracfg module_ro.board.platform mtk platform_ro.board.platform tech_mtk timeout', 'platforms': ['ro.board.platform'], 'codes': [], 'hw_module': 'ro.board.platform', 'tech_keywords': ['tech_mtk']}","{'text': 'adb connect firmware flash logcat proc_run logcat run to', 'procedures': ['proc_run logcat'], 'sequence_length': 2}","{'text': 'algorithm control encounter error_encountered error_exception error_failure exception failure hardware log modem module module_hardware platform_ro.mediatek.platform power routine suggest testing uplink', 'platforms': ['ro.mediatek.platform'], 'codes': [], 'hw_module': 'hardware', 'tech_keywords': ['error_failure', 'error_encountered', 'error_exception'], 'token_count': 19}",[TITLE] infracfg module_ro.board.platform mtk platform_ro.board.platform tech_mtk timeout [STEPS] adb connect firmware flash logcat proc_run logcat run to [DESC] algorithm control encounter error_encountered error_exception error_failure exception failure hardware log modem module module_hardware platform_ro.mediatek.platform power routine suggest testing uplink [MODULE] ro.board.platform [PLATFORM] ro.board.platform [SEQ_LEN] 2,ro.board.platform,1,1,2
MTK-3039,MTK Crash Log - security,The wifi module on ro.product.board encountered a OFDMA resource allocation error during routine testing. Logs suggest a hardware exception.,reboot device → connect to adb → enable developer mode,"{'text': 'crash log mtk security tech_mtk', 'platforms': [], 'codes': [], 'hw_module': 'unknown', 'tech_keywords': ['tech_mtk']}","{'text': 'adb connect developer device enable mode proc_reboot reboot to', 'procedures': ['proc_reboot'], 'sequence_length': 2}","{'text': 'allocation encounter error error_encountered error_error error_exception exception hardware log module module_ro.product.board ofdma platform_ro.product.board resource routine suggest tech_wifi testing wifi', 'platforms': ['ro.product.board'], 'codes': [], 'hw_module': 'ro.product.board', 'tech_keywords': ['error_encountered', 'error_error', 'tech_wifi', 'error_exception'], 'token_count': 19}",[TITLE] crash log mtk security tech_mtk [STEPS] adb connect developer device enable mode proc_reboot reboot to [DESC] allocation encounter error error_encountered error_error error_exception exception hardware log module module_ro.product.board ofdma platform_ro.product.board resource routine suggest tech_wifi testing wifi [SEQ_LEN] 2,unknown,0,1,2
MTK-3040,MTK: VENC bitrate overshoot,The bluetooth module on ro.board.platform encountered a mesh relay node discovery timeout during routine testing. Logs suggest a hardware exception.,flash firmware → enter bootloader → run logcat,"{'text': 'bitrate mtk overshoot tech_mtk venc', 'platforms': [], 'codes': [], 'hw_module': 'unknown', 'tech_keywords': ['tech_mtk']}","{'text': 'bootloader enter firmware flash logcat proc_run logcat run', 'procedures': ['proc_run logcat'], 'sequence_length': 2}","{'text': 'bluetooth discovery encounter error_encountered error_exception exception hardware log mesh module module_ro.board.platform node platform_ro.board.platform relay routine suggest testing timeout', 'platforms': ['ro.board.platform'], 'codes': [], 'hw_module': 'ro.board.platform', 'tech_keywords': ['error_encountered', 'error_exception'], 'token_count': 18}",[TITLE] bitrate mtk overshoot tech_mtk venc [STEPS] bootloader enter firmware flash logcat proc_run logcat run [DESC] bluetooth discovery encounter error_encountered error_exception exception hardware log mesh module module_ro.board.platform node platform_ro.board.platform relay routine suggest testing timeout [SEQ_LEN] 2,unknown,0,1,2
MTK-3041,Critical Failure: face down - MTK Flag: ro.mediatek.platform,The touchscreen module on ro.product.board encountered a hover detection sensitivity error during routine testing. Logs suggest a hardware exception.,connect to adb → reboot device → flash firmware,"{'text': 'critical down error_failure face failure flag mtk platform_ro.mediatek.platform tech_mtk', 'platforms': ['ro.mediatek.platform'], 'codes': [], 'hw_module': 'unknown', 'tech_keywords': ['error_failure', 'tech_mtk']}","{'text': 'adb connect device firmware flash proc_reboot reboot to', 'procedures': ['proc_reboot'], 'sequence_length': 2}","{'text': 'detection encounter error error_encountered error_error error_exception exception hardware hover log module module_ro.product.board platform_ro.product.board routine sensitivity suggest testing touchscreen', 'platforms': ['ro.product.board'], 'codes': [], 'hw_module': 'ro.product.board', 'tech_keywords': ['error_encountered', 'error_error', 'error_exception'], 'token_count': 18}",[TITLE] critical down error_failure face failure flag mtk platform_ro.mediatek.platform tech_mtk [STEPS] adb connect device firmware flash proc_reboot reboot to [DESC] detection encounter error error_encountered error_error error_exception exception hardware hover log module module_ro.product.board platform_ro.product.board routine sensitivity suggest testing touchscreen [PLATFORM] ro.mediatek.platform [SEQ_LEN] 2,unknown,1,1,2
MTK-3042,Error: MIPI D-PHY sync - ro.board.platform,The audio module on ro.mediatek.platform encountered a dynamic range compressor hang during routine testing. Logs suggest a hardware exception.,enable developer mode → run logcat → connect to adb,"{'text': 'error error_error mipi module_ro.board.platform platform_ro.board.platform sync', 'platforms': ['ro.board.platform'], 'codes': [], 'hw_module': 'ro.board.platform', 'tech_keywords': ['error_error']}","{'text': 'adb connect developer enable logcat mode proc_run logcat run to', 'procedures': ['proc_run logcat'], 'sequence_length': 2}","{'text': 'audio compressor dynamic encounter error_encountered error_exception exception hang hardware log module module_hardware platform_ro.mediatek.platform range routine suggest testing', 'platforms': ['ro.mediatek.platform'], 'codes': [], 'hw_module': 'hardware', 'tech_keywords': ['error_encountered', 'error_exception'], 'token_count': 17}",[TITLE] error error_error mipi module_ro.board.platform platform_ro.board.platform sync [STEPS] adb connect developer enable logcat mode proc_run logcat run to [DESC] audio compressor dynamic encounter error_encountered error_exception exception hang hardware log module module_hardware platform_ro.mediatek.platform range routine suggest testing [MODULE] ro.board.platform [PLATFORM] ro.board.platform [SEQ_LEN] 2,ro.board.platform,1,1,2
MTK-3043,MTK: PMIF WACS timeout,The camera module on ro.product.board encountered a portrait segmentation algorithm failure during routine testing. Logs suggest a hardware exception.,run logcat → connect to adb → reboot device,"{'text': 'mtk pmif tech_mtk timeout wacs', 'platforms': [], 'codes': [], 'hw_module': 'unknown', 'tech_keywords': ['tech_mtk']}","{'text': 'adb connect device logcat proc_reboot proc_run logcat reboot run to', 'procedures': ['proc_reboot', 'proc_run logcat'], 'sequence_length': 2}","{'text': 'algorithm camera encounter error_encountered error_exception error_failure exception failure hardware log module module_ro.product.board platform_ro.product.board portrait routine segmentation suggest testing', 'platforms': ['ro.product.board'], 'codes': [], 'hw_module': 'ro.product.board', 'tech_keywords': ['error_failure', 'error_encountered', 'error_exception'], 'token_count': 18}",[TITLE] mtk pmif tech_mtk timeout wacs [STEPS] adb connect device logcat proc_reboot proc_run logcat reboot run to [DESC] algorithm camera encounter error_encountered error_exception error_failure exception failure hardware log module module_ro.product.board platform_ro.product.board portrait routine segmentation suggest testing [SEQ_LEN] 2,unknown,0,2,2
MTK-3044,MTK Crash Log - camera,The display module on ro.board.platform encountered a HDR metadata parsing error during routine testing. Logs suggest a hardware exception.,reboot device → flash firmware → enable developer mode,"{'text': 'camera crash log mtk tech_mtk', 'platforms': [], 'codes': [], 'hw_module': 'unknown', 'tech_keywords': ['tech_mtk']}","{'text': 'developer device enable firmware flash mode proc_reboot reboot', 'procedures': ['proc_reboot'], 'sequence_length': 2}","{'text': 'display encounter error error_encountered error_error error_exception exception hardware hdr log metadata module module_ro.board.platform parse platform_ro.board.platform routine suggest testing', 'platforms': ['ro.board.platform'], 'codes': [], 'hw_module': 'ro.board.platform', 'tech_keywords': ['error_encountered', 'error_error', 'error_exception'], 'token_count': 18}",[TITLE] camera crash log mtk tech_mtk [STEPS] developer device enable firmware flash mode proc_reboot reboot [DESC] display encounter error error_encountered error_error error_exception exception hardware hdr log metadata module module_ro.board.platform parse platform_ro.board.platform routine suggest testing [SEQ_LEN] 2,unknown,0,1,2
MTK-3045,MTK: CPUFREQ governor fault,The modem module on ro.mediatek.platform encountered a network slice admission control failure during routine testing. Logs suggest a hardware exception.,flash firmware → enable developer mode → run logcat,"{'text': 'cpufreq fault governor mtk tech_mtk', 'platforms': [], 'codes': [], 'hw_module': 'unknown', 'tech_keywords': ['tech_mtk']}","{'text': 'developer enable firmware flash logcat mode proc_run logcat run', 'procedures': ['proc_run logcat'], 'sequence_length': 2}","{'text': 'admission control encounter error_encountered error_exception error_failure exception failure hardware log modem module module_hardware network platform_ro.mediatek.platform routine slice suggest testing', 'platforms': ['ro.mediatek.platform'], 'codes': [], 'hw_module': 'hardware', 'tech_keywords': ['error_failure', 'error_encountered', 'error_exception'], 'token_count': 19}",[TITLE] cpufreq fault governor mtk tech_mtk [STEPS] developer enable firmware flash logcat mode proc_run logcat run [DESC] admission control encounter error_encountered error_exception error_failure exception failure hardware log modem module module_hardware network platform_ro.mediatek.platform routine slice suggest testing [SEQ_LEN] 2,unknown,0,1,2
MTK-3046,Critical Failure: face up - MTK Flag: ro.product.board,The wifi module on ro.board.platform encountered a BSS transition candidate evaluation error during routine testing. Logs suggest a hardware exception.,connect to adb → run logcat → flash firmware,"{'text': 'critical error_failure face failure flag module_ro.product.board mtk platform_ro.product.board tech_mtk up', 'platforms': ['ro.product.board'], 'codes': [], 'hw_module': 'ro.product.board', 'tech_keywords': ['error_failure', 'tech_mtk']}","{'text': 'adb connect firmware flash logcat proc_run logcat run to', 'procedures': ['proc_run logcat'], 'sequence_length': 2}","{'text': 'bss candidate encounter error error_encountered error_error error_exception evaluation exception hardware log module module_ro.board.platform platform_ro.board.platform routine suggest tech_wifi testing transition wifi', 'platforms': ['ro.board.platform'], 'codes': [], 'hw_module': 'ro.board.platform', 'tech_keywords': ['error_encountered', 'error_error', 'tech_wifi', 'error_exception'], 'token_count': 20}",[TITLE] critical error_failure face failure flag module_ro.product.board mtk platform_ro.product.board tech_mtk up [STEPS] adb connect firmware flash logcat proc_run logcat run to [DESC] bss candidate encounter error error_encountered error_error error_exception evaluation exception hardware log module module_ro.board.platform platform_ro.board.platform routine suggest tech_wifi testing transition wifi [MODULE] ro.product.board [PLATFORM] ro.product.board [SEQ_LEN] 2,ro.product.board,1,1,2
MTK-3047,Error: SPMI arbitration timeout - ro.mediatek.platform,The bluetooth module on ro.product.board encountered a codec parameter negotiation hang during routine testing. Logs suggest a hardware exception.,enable developer mode → reboot device → connect to adb,"{'text': 'arbitration error error_error platform_ro.mediatek.platform spmi timeout', 'platforms': ['ro.mediatek.platform'], 'codes': [], 'hw_module': 'unknown', 'tech_keywords': ['error_error']}","{'text': 'adb connect developer device enable mode proc_reboot reboot to', 'procedures': ['proc_reboot'], 'sequence_length': 2}","{'text': 'bluetooth codec encounter error_encountered error_exception exception hang hardware log module module_ro.product.board negotiation parameter platform_ro.product.board routine suggest testing', 'platforms': ['ro.product.board'], 'codes': [], 'hw_module': 'ro.product.board', 'tech_keywords': ['error_encountered', 'error_exception'], 'token_count': 17}",[TITLE] arbitration error error_error platform_ro.mediatek.platform spmi timeout [STEPS] adb connect developer device enable mode proc_reboot reboot to [DESC] bluetooth codec encounter error_encountered error_exception exception hang hardware log module module_ro.product.board negotiation parameter platform_ro.product.board routine suggest testing [PLATFORM] ro.mediatek.platform [SEQ_LEN] 2,unknown,1,1,2
MTK-3048,MTK: DRAM MRR failure : ro.vendor.mediatek,The touchscreen module on ro.board.platform encountered a edge swipe gesture recognition error during routine testing. Logs suggest a hardware exception.,run logcat → flash firmware → reboot device,"{'text': 'dram error_failure failure mrr mtk platform_ro.vendor.mediatek tech_mtk', 'platforms': ['ro.vendor.mediatek'], 'codes': [], 'hw_module': 'unknown', 'tech_keywords': ['error_failure', 'tech_mtk']}","{'text': 'device firmware flash logcat proc_reboot proc_run logcat reboot run', 'procedures': ['proc_reboot', 'proc_run logcat'], 'sequence_length': 2}","{'text': 'edge encounter error error_encountered error_error error_exception exception gesture hardware log module module_ro.board.platform platform_ro.board.platform recognition routine suggest swipe testing touchscreen', 'platforms': ['ro.board.platform'], 'codes': [], 'hw_module': 'ro.board.platform', 'tech_keywords': ['error_encountered', 'error_error', 'error_exception'], 'token_count': 19}",[TITLE] dram error_failure failure mrr mtk platform_ro.vendor.mediatek tech_mtk [STEPS] device firmware flash logcat proc_reboot proc_run logcat reboot run [DESC] edge encounter error error_encountered error_error error_exception exception gesture hardware log module module_ro.board.platform platform_ro.board.platform recognition routine suggest swipe testing touchscreen [PLATFORM] ro.vendor.mediatek [SEQ_LEN] 2,unknown,1,2,2
MTK-3049,MTK Crash Log - fingerprint,The audio module on ro.mediatek.platform encountered a binaural rendering processing timeout during routine testing. Logs suggest a hardware exception.,reboot device → connect to adb → run logcat,"{'text': 'crash fingerprint log mtk tech_mtk', 'platforms': [], 'codes': [], 'hw_module': 'unknown', 'tech_keywords': ['tech_mtk']}","{'text': 'adb connect device logcat proc_reboot proc_run logcat reboot run to', 'procedures': ['proc_reboot', 'proc_run logcat'], 'sequence_length': 2}","{'text': 'audio binaural encounter error_encountered error_exception exception hardware log module module_hardware platform_ro.mediatek.platform processing rendering routine suggest testing timeout', 'platforms': ['ro.mediatek.platform'], 'codes': [], 'hw_module': 'hardware', 'tech_keywords': ['error_encountered', 'error_exception'], 'token_count': 17}",[TITLE] crash fingerprint log mtk tech_mtk [STEPS] adb connect device logcat proc_reboot proc_run logcat reboot run to [DESC] audio binaural encounter error_encountered error_exception exception hardware log module module_hardware platform_ro.mediatek.platform processing rendering routine suggest testing timeout [SEQ_LEN] 2,unknown,0,2,2
MTK-3050,MTK: VCORE scaling timeout,The camera module on ro.product.board encountered a low light fusion algorithm hang during routine testing. Logs suggest a hardware exception.,flash firmware → run logcat → enable developer mode,"{'text': 'mtk scaling tech_mtk timeout vcore', 'platforms': [], 'codes': [], 'hw_module': 'unknown', 'tech_keywords': ['tech_mtk']}","{'text': 'developer enable firmware flash logcat mode proc_run logcat run', 'procedures': ['proc_run logcat'], 'sequence_length': 2}","{'text': 'algorithm camera encounter error_encountered error_exception exception fusion hang hardware light log low module module_ro.product.board platform_ro.product.board routine suggest testing', 'platforms': ['ro.product.board'], 'codes': [], 'hw_module': 'ro.product.board', 'tech_keywords': ['error_encountered', 'error_exception'], 'token_count': 18}",[TITLE] mtk scaling tech_mtk timeout vcore [STEPS] developer enable firmware flash logcat mode proc_run logcat run [DESC] algorithm camera encounter error_encountered error_exception exception fusion hang hardware light log low module module_ro.product.board platform_ro.product.board routine suggest testing [SEQ_LEN] 2,unknown,0,1,2
MTK-3051,Critical Failure: in pocket - MTK Flag: ro.board.platform,The display module on ro.mediatek.platform encountered a pwm backlight dimming curve error during routine testing. Logs suggest a hardware exception.,connect to adb → enable developer mode → flash firmware,"{'text': 'critical error_failure failure flag in module_ro.board.platform mtk platform_ro.board.platform pocket tech_mtk', 'platforms': ['ro.board.platform'], 'codes': [], 'hw_module': 'ro.board.platform', 'tech_keywords': ['error_failure', 'tech_mtk']}","{'text': 'adb connect developer enable firmware flash mode to', 'procedures': [], 'sequence_length': 2}","{'text': 'backlight curve dim display encounter error error_encountered error_error error_exception exception hardware log module module_hardware platform_ro.mediatek.platform pwm routine suggest testing', 'platforms': ['ro.mediatek.platform'], 'codes': [], 'hw_module': 'hardware', 'tech_keywords': ['error_encountered', 'error_error', 'error_exception'], 'token_count': 19}",[TITLE] critical error_failure failure flag in module_ro.board.platform mtk platform_ro.board.platform pocket tech_mtk [STEPS] adb connect developer enable firmware flash mode to [DESC] backlight curve dim display encounter error error_encountered error_error error_exception exception hardware log module module_hardware platform_ro.mediatek.platform pwm routine suggest testing [MODULE] ro.board.platform [PLATFORM] ro.board.platform [SEQ_LEN] 2,ro.board.platform,1,0,2
MTK-3052,Error: CLDMA queue full - ro.product.board,The modem module on ro.board.platform encountered a inter-RAT measurement configuration failure during routine testing. Logs suggest a hardware exception.,enable developer mode → enter bootloader → run logcat,"{'text': 'cldma error error_error full module_ro.product.board platform_ro.product.board queue', 'platforms': ['ro.product.board'], 'codes': [], 'hw_module': 'ro.product.board', 'tech_keywords': ['error_error']}","{'text': 'bootloader developer enable enter logcat mode proc_run logcat run', 'procedures': ['proc_run logcat'], 'sequence_length': 2}","{'text': 'configuration encounter error_encountered error_exception error_failure exception failure hardware inter log measurement modem module module_ro.board.platform platform_ro.board.platform rat routine suggest testing', 'platforms': ['ro.board.platform'], 'codes': [], 'hw_module': 'ro.board.platform', 'tech_keywords': ['error_failure', 'error_encountered', 'error_exception'], 'token_count': 19}",[TITLE] cldma error error_error full module_ro.product.board platform_ro.product.board queue [STEPS] bootloader developer enable enter logcat mode proc_run logcat run [DESC] configuration encounter error_encountered error_exception error_failure exception failure hardware inter log measurement modem module module_ro.board.platform platform_ro.board.platform rat routine suggest testing [MODULE] ro.product.board [PLATFORM] ro.product.board [SEQ_LEN] 2,ro.product.board,1,1,2
MTK-3053,MTK: SSPM MBOX timeout,The wifi module on ro.mediatek.platform encountered a 802.11ax trigger frame parsing error during routine testing. Logs suggest a hardware exception.,run logcat → reboot device → connect to adb,"{'text': 'mbox mtk sspm tech_mtk timeout', 'platforms': [], 'codes': [], 'hw_module': 'unknown', 'tech_keywords': ['tech_mtk']}","{'text': 'adb connect device logcat proc_reboot proc_run logcat reboot run to', 'procedures': ['proc_reboot', 'proc_run logcat'], 'sequence_length': 2}","{'text': 'encounter error error_encountered error_error error_exception exception frame hardware log module module_hardware parse platform_ro.mediatek.platform routine suggest tech_wifi testing trigger wifi', 'platforms': ['ro.mediatek.platform'], 'codes': [], 'hw_module': 'hardware', 'tech_keywords': ['error_encountered', 'error_error', 'tech_wifi', 'error_exception'], 'token_count': 19}",[TITLE] mbox mtk sspm tech_mtk timeout [STEPS] adb connect device logcat proc_reboot proc_run logcat reboot run to [DESC] encounter error error_encountered error_error error_exception exception frame hardware log module module_hardware parse platform_ro.mediatek.platform routine suggest tech_wifi testing trigger wifi [SEQ_LEN] 2,unknown,0,2,2
MTK-3054,MTK Crash Log - thermal,The bluetooth module on ro.product.board encountered a mesh friendship establishment timeout during routine testing. Logs suggest a hardware exception.,reboot device → flash firmware → enable developer mode,"{'text': 'crash log mtk tech_mtk thermal', 'platforms': [], 'codes': [], 'hw_module': 'unknown', 'tech_keywords': ['tech_mtk']}","{'text': 'developer device enable firmware flash mode proc_reboot reboot', 'procedures': ['proc_reboot'], 'sequence_length': 2}","{'text': 'bluetooth encounter error_encountered error_exception establishment exception friendship hardware log mesh module module_ro.product.board platform_ro.product.board routine suggest testing timeout', 'platforms': ['ro.product.board'], 'codes': [], 'hw_module': 'ro.product.board', 'tech_keywords': ['error_encountered', 'error_exception'], 'token_count': 17}",[TITLE] crash log mtk tech_mtk thermal [STEPS] developer device enable firmware flash mode proc_reboot reboot [DESC] bluetooth encounter error_encountered error_exception establishment exception friendship hardware log mesh module module_ro.product.board platform_ro.product.board routine suggest testing timeout [SEQ_LEN] 2,unknown,0,1,2
MTK-3055,MTK: GPU shader timeout : ro.board.platform,The touchscreen module on ro.mediatek.platform encountered a capacitive sensing noise filtering failure during routine testing. Logs suggest a hardware exception.,flash firmware → connect to adb → run logcat,"{'text': 'gpu module_ro.board.platform mtk platform_ro.board.platform shader tech_mtk timeout', 'platforms': ['ro.board.platform'], 'codes': [], 'hw_module': 'ro.board.platform', 'tech_keywords': ['tech_mtk']}","{'text': 'adb connect firmware flash logcat proc_run logcat run to', 'procedures': ['proc_run logcat'], 'sequence_length': 2}","{'text': 'capacitive encounter error_encountered error_exception error_failure exception failure filter hardware log module module_hardware noise platform_ro.mediatek.platform routine sensing suggest testing touchscreen', 'platforms': ['ro.mediatek.platform'], 'codes': [], 'hw_module': 'hardware', 'tech_keywords': ['error_failure', 'error_encountered', 'error_exception'], 'token_count': 19}",[TITLE] gpu module_ro.board.platform mtk platform_ro.board.platform shader tech_mtk timeout [STEPS] adb connect firmware flash logcat proc_run logcat run to [DESC] capacitive encounter error_encountered error_exception error_failure exception failure filter hardware log module module_hardware noise platform_ro.mediatek.platform routine sensing suggest testing touchscreen [MODULE] ro.board.platform [PLATFORM] ro.board.platform [SEQ_LEN] 2,ro.board.platform,1,1,2
MTK-3056,Critical Failure: glance gesture - MTK Flag: ro.vendor.mediatek,The audio module on ro.product.board encountered a adaptive EQ frequency response error during routine testing. Logs suggest a hardware exception.,connect to adb → run logcat → reboot device,"{'text': 'critical error_failure failure flag gesture glance mtk platform_ro.vendor.mediatek tech_mtk', 'platforms': ['ro.vendor.mediatek'], 'codes': [], 'hw_module': 'unknown', 'tech_keywords': ['error_failure', 'tech_mtk']}","{'text': 'adb connect device logcat proc_reboot proc_run logcat reboot run to', 'procedures': ['proc_reboot', 'proc_run logcat'], 'sequence_length': 2}","{'text': 'adaptive audio encounter error error_encountered error_error error_exception exception frequency hardware log module module_ro.product.board platform_ro.product.board response routine suggest testing', 'platforms': ['ro.product.board'], 'codes': [], 'hw_module': 'ro.product.board', 'tech_keywords': ['error_encountered', 'error_error', 'error_exception'], 'token_count': 18}",[TITLE] critical error_failure failure flag gesture glance mtk platform_ro.vendor.mediatek tech_mtk [STEPS] adb connect device logcat proc_reboot proc_run logcat reboot run to [DESC] adaptive audio encounter error error_encountered error_error error_exception exception frequency hardware log module module_ro.product.board platform_ro.product.board response routine suggest testing [PLATFORM] ro.vendor.mediatek [SEQ_LEN] 2,unknown,1,2,2
MTK-3057,Error: MCUCFG bus fault - ro.mediatek.platform,The camera module on ro.board.platform encountered a multi-frame noise reduction hang during routine testing. Logs suggest a hardware exception.,enable developer mode → reboot device → flash firmware,"{'text': 'bus error error_error fault mcucfg platform_ro.mediatek.platform', 'platforms': ['ro.mediatek.platform'], 'codes': [], 'hw_module': 'unknown', 'tech_keywords': ['error_error']}","{'text': 'developer device enable firmware flash mode proc_reboot reboot', 'procedures': ['proc_reboot'], 'sequence_length': 2}","{'text': 'camera encounter error_encountered error_exception exception frame hang hardware log module module_ro.board.platform multi noise platform_ro.board.platform reduction routine suggest testing', 'platforms': ['ro.board.platform'], 'codes': [], 'hw_module': 'ro.board.platform', 'tech_keywords': ['error_encountered', 'error_exception'], 'token_count': 18}",[TITLE] bus error error_error fault mcucfg platform_ro.mediatek.platform [STEPS] developer device enable firmware flash mode proc_reboot reboot [DESC] camera encounter error_encountered error_exception exception frame hang hardware log module module_ro.board.platform multi noise platform_ro.board.platform reduction routine suggest testing [PLATFORM] ro.mediatek.platform [SEQ_LEN] 2,unknown,1,1,2
MTK-3058,MTK: CONNSYS EMI timeout,The display module on ro.product.board encountered a quantum dot color enhancement failure during routine testing. Logs suggest a hardware exception.,run logcat → flash firmware → connect to adb,"{'text': 'connsys emi mtk tech_mtk timeout', 'platforms': [], 'codes': [], 'hw_module': 'unknown', 'tech_keywords': ['tech_mtk']}","{'text': 'adb connect firmware flash logcat proc_run logcat run to', 'procedures': ['proc_run logcat'], 'sequence_length': 2}","{'text': 'color display dot encounter enhancement error_encountered error_exception error_failure exception failure hardware log module module_ro.product.board platform_ro.product.board quantum routine suggest testing', 'platforms': ['ro.product.board'], 'codes': [], 'hw_module': 'ro.product.board', 'tech_keywords': ['error_failure', 'error_encountered', 'error_exception'], 'token_count': 19}",[TITLE] connsys emi mtk tech_mtk timeout [STEPS] adb connect firmware flash logcat proc_run logcat run to [DESC] color display dot encounter enhancement error_encountered error_exception error_failure exception failure hardware log module module_ro.product.board platform_ro.product.board quantum routine suggest testing [SEQ_LEN] 2,unknown,0,1,2
MTK-3059,MTK Crash Log - connectivity,The modem module on ro.mediatek.platform encountered a beamforming codebook selection error during routine testing. Logs suggest a hardware exception.,reboot device → connect to adb → enable developer mode,"{'text': 'connectivity crash log mtk tech_connect tech_mtk', 'platforms': [], 'codes': [], 'hw_module': 'unknown', 'tech_keywords': ['tech_connect', 'tech_mtk']}","{'text': 'adb connect developer device enable mode proc_reboot reboot to', 'procedures': ['proc_reboot'], 'sequence_length': 2}","{'text': 'beamforme codebook encounter error error_encountered error_error error_exception exception hardware log modem module module_hardware platform_ro.mediatek.platform routine selection suggest testing', 'platforms': ['ro.mediatek.platform'], 'codes': [], 'hw_module': 'hardware', 'tech_keywords': ['error_encountered', 'error_error', 'error_exception'], 'token_count': 18}",[TITLE] connectivity crash log mtk tech_connect tech_mtk [STEPS] adb connect developer device enable mode proc_reboot reboot to [DESC] beamforme codebook encounter error error_encountered error_error error_exception exception hardware log modem module module_hardware platform_ro.mediatek.platform routine selection suggest testing [SEQ_LEN] 2,unknown,0,1,2
MTK-3060,MTK: LPDDR4 MR read timeout,The wifi module on ro.board.platform encountered a spatial stream allocation optimization failure during routine testing. Logs suggest a hardware exception.,flash firmware → enable developer mode → run logcat,"{'text': 'lpddr4 mr mtk read tech_mtk timeout', 'platforms': [], 'codes': [], 'hw_module': 'unknown', 'tech_keywords': ['tech_mtk']}","{'text': 'developer enable firmware flash logcat mode proc_run logcat run', 'procedures': ['proc_run logcat'], 'sequence_length': 2}","{'text': 'allocation encounter error_encountered error_exception error_failure exception failure hardware log module module_ro.board.platform optimization platform_ro.board.platform routine spatial stream suggest tech_wifi testing wifi', 'platforms': ['ro.board.platform'], 'codes': [], 'hw_module': 'ro.board.platform', 'tech_keywords': ['error_failure', 'error_encountered', 'tech_wifi', 'error_exception'], 'token_count': 20}",[TITLE] lpddr4 mr mtk read tech_mtk timeout [STEPS] developer enable firmware flash logcat mode proc_run logcat run [DESC] allocation encounter error_encountered error_exception error_failure exception failure hardware log module module_ro.board.platform optimization platform_ro.board.platform routine spatial stream suggest tech_wifi testing wifi [SEQ_LEN] 2,unknown,0,1,2
MTK-3061,Critical Failure: wrist tilt - MTK Flag: ro.product.board,The bluetooth module on ro.mediatek.platform encountered a audio quality indicator calculation error during routine testing. Logs suggest a hardware exception.,connect to adb → reboot device → flash firmware,"{'text': 'critical error_failure failure flag module_ro.product.board mtk platform_ro.product.board tech_mtk tilt wrist', 'platforms': ['ro.product.board'], 'codes': [], 'hw_module': 'ro.product.board', 'tech_keywords': ['error_failure', 'tech_mtk']}","{'text': 'adb connect device firmware flash proc_reboot reboot to', 'procedures': ['proc_reboot'], 'sequence_length': 2}","{'text': 'audio bluetooth calculation encounter error error_encountered error_error error_exception exception hardware indicator log module module_hardware platform_ro.mediatek.platform quality routine suggest testing', 'platforms': ['ro.mediatek.platform'], 'codes': [], 'hw_module': 'hardware', 'tech_keywords': ['error_encountered', 'error_error', 'error_exception'], 'token_count': 19}",[TITLE] critical error_failure failure flag module_ro.product.board mtk platform_ro.product.board tech_mtk tilt wrist [STEPS] adb connect device firmware flash proc_reboot reboot to [DESC] audio bluetooth calculation encounter error error_encountered error_error error_exception exception hardware indicator log module module_hardware platform_ro.mediatek.platform quality routine suggest testing [MODULE] ro.product.board [PLATFORM] ro.product.board [SEQ_LEN] 2,ro.product.board,1,1,2
MTK-3062,Error: DEVINFO read failure - ro.board.platform,The touchscreen module on ro.product.board encountered a wet finger detection algorithm failure during routine testing. Logs suggest a hardware exception.,enable developer mode → run logcat → connect to adb,"{'text': 'devinfo error error_error error_failure failure module_ro.board.platform platform_ro.board.platform read', 'platforms': ['ro.board.platform'], 'codes': [], 'hw_module': 'ro.board.platform', 'tech_keywords': ['error_failure', 'error_error']}","{'text': 'adb connect developer enable logcat mode proc_run logcat run to', 'procedures': ['proc_run logcat'], 'sequence_length': 2}","{'text': 'algorithm detection encounter error_encountered error_exception error_failure exception failure finger hardware log module module_ro.product.board platform_ro.product.board routine suggest testing touchscreen wet', 'platforms': ['ro.product.board'], 'codes': [], 'hw_module': 'ro.product.board', 'tech_keywords': ['error_failure', 'error_encountered', 'error_exception'], 'token_count': 19}",[TITLE] devinfo error error_error error_failure failure module_ro.board.platform platform_ro.board.platform read [STEPS] adb connect developer enable logcat mode proc_run logcat run to [DESC] algorithm detection encounter error_encountered error_exception error_failure exception failure finger hardware log module module_ro.product.board platform_ro.product.board routine suggest testing touchscreen wet [MODULE] ro.board.platform [PLATFORM] ro.board.platform [SEQ_LEN] 2,ro.board.platform,1,1,2
MTK-3063,MTK: VDEC frame corrupt,The audio module on ro.mediatek.platform encountered a multi-zone audio rendering hang during routine testing. Logs suggest a hardware exception.,run logcat → enter bootloader → reboot device,"{'text': 'corrupt frame mtk tech_mtk vdec', 'platforms': [], 'codes': [], 'hw_module': 'unknown', 'tech_keywords': ['tech_mtk']}","{'text': 'bootloader device enter logcat proc_reboot proc_run logcat reboot run', 'procedures': ['proc_reboot', 'proc_run logcat'], 'sequence_length': 2}","{'text': 'audio encounter error_encountered error_exception exception hang hardware log module module_hardware multi platform_ro.mediatek.platform render routine suggest testing zone', 'platforms': ['ro.mediatek.platform'], 'codes': [], 'hw_module': 'hardware', 'tech_keywords': ['error_encountered', 'error_exception'], 'token_count': 17}",[TITLE] corrupt frame mtk tech_mtk vdec [STEPS] bootloader device enter logcat proc_reboot proc_run logcat reboot run [DESC] audio encounter error_encountered error_exception exception hang hardware log module module_hardware multi platform_ro.mediatek.platform render routine suggest testing zone [SEQ_LEN] 2,unknown,0,2,2
MTK-3064,MTK Crash Log - display,The camera module on ro.board.platform encountered a super night mode processing timeout during routine testing. Logs suggest a hardware exception.,reboot device → flash firmware → connect to adb,"{'text': 'crash display log mtk tech_mtk', 'platforms': [], 'codes': [], 'hw_module': 'unknown', 'tech_keywords': ['tech_mtk']}","{'text': 'adb connect device firmware flash proc_reboot reboot to', 'procedures': ['proc_reboot'], 'sequence_length': 2}","{'text': 'camera encounter error_encountered error_exception exception hardware log mode module module_ro.board.platform night platform_ro.board.platform processing routine suggest super testing timeout', 'platforms': ['ro.board.platform'], 'codes': [], 'hw_module': 'ro.board.platform', 'tech_keywords': ['error_encountered', 'error_exception'], 'token_count': 18}",[TITLE] crash display log mtk tech_mtk [STEPS] adb connect device firmware flash proc_reboot reboot to [DESC] camera encounter error_encountered error_exception exception hardware log mode module module_ro.board.platform night platform_ro.board.platform processing routine suggest super testing timeout [SEQ_LEN] 2,unknown,0,1,2
MTK-3065,MTK: PMIC LDO fault : ro.vendor.mediatek,The display module on ro.product.board encountered a adaptive sync frame pacing error during routine testing. Logs suggest a hardware exception.,flash firmware → connect to adb → enable developer mode,"{'text': 'fault ldo mtk platform_ro.vendor.mediatek pmic tech_mtk', 'platforms': ['ro.vendor.mediatek'], 'codes': [], 'hw_module': 'unknown', 'tech_keywords': ['tech_mtk']}","{'text': 'adb connect developer enable firmware flash mode to', 'procedures': [], 'sequence_length': 2}","{'text': 'adaptive display encounter error error_encountered error_error error_exception exception frame hardware log module module_ro.product.board pace platform_ro.product.board routine suggest sync testing', 'platforms': ['ro.product.board'], 'codes': [], 'hw_module': 'ro.product.board', 'tech_keywords': ['error_encountered', 'error_error', 'error_exception'], 'token_count': 19}",[TITLE] fault ldo mtk platform_ro.vendor.mediatek pmic tech_mtk [STEPS] adb connect developer enable firmware flash mode to [DESC] adaptive display encounter error error_encountered error_error error_exception exception frame hardware log module module_ro.product.board pace platform_ro.product.board routine suggest sync testing [PLATFORM] ro.vendor.mediatek [SEQ_LEN] 2,unknown,1,0,2
MTK-3066,Critical Failure: double tap - MTK Flag: ro.mediatek.platform,The modem module on ro.board.platform encountered a uplink scheduling request timeout during routine testing. Logs suggest a hardware exception.,connect to adb → run logcat → flash firmware,"{'text': 'critical double error_failure failure flag mtk platform_ro.mediatek.platform tap tech_mtk', 'platforms': ['ro.mediatek.platform'], 'codes': [], 'hw_module': 'unknown', 'tech_keywords': ['error_failure', 'tech_mtk']}","{'text': 'adb connect firmware flash logcat proc_run logcat run to', 'procedures': ['proc_run logcat'], 'sequence_length': 2}","{'text': 'encounter error_encountered error_exception exception hardware log modem module module_ro.board.platform platform_ro.board.platform request routine scheduling suggest testing timeout uplink', 'platforms': ['ro.board.platform'], 'codes': [], 'hw_module': 'ro.board.platform', 'tech_keywords': ['error_encountered', 'error_exception'], 'token_count': 17}",[TITLE] critical double error_failure failure flag mtk platform_ro.mediatek.platform tap tech_mtk [STEPS] adb connect firmware flash logcat proc_run logcat run to [DESC] encounter error_encountered error_exception exception hardware log modem module module_ro.board.platform platform_ro.board.platform request routine scheduling suggest testing timeout uplink [PLATFORM] ro.mediatek.platform [SEQ_LEN] 2,unknown,1,1,2
MTK-3067,Error: MSDC DAT timeout - ro.product.board,The wifi module on ro.mediatek.platform encountered a WPA3 SAE authentication protocol error during routine testing. Logs suggest a hardware exception.,enable developer mode → reboot device → run logcat,"{'text': 'dat error error_error module_ro.product.board msdc platform_ro.product.board timeout', 'platforms': ['ro.product.board'], 'codes': [], 'hw_module': 'ro.product.board', 'tech_keywords': ['error_error']}","{'text': 'developer device enable logcat mode proc_reboot proc_run logcat reboot run', 'procedures': ['proc_reboot', 'proc_run logcat'], 'sequence_length': 2}","{'text': 'authentication encounter error error_encountered error_error error_exception exception hardware log module module_hardware platform_ro.mediatek.platform protocol routine sae suggest tech_wifi testing wifi wpa3', 'platforms': ['ro.mediatek.platform'], 'codes': [], 'hw_module': 'hardware', 'tech_keywords': ['error_encountered', 'error_error', 'tech_wifi', 'error_exception'], 'token_count': 20}",[TITLE] dat error error_error module_ro.product.board msdc platform_ro.product.board timeout [STEPS] developer device enable logcat mode proc_reboot proc_run logcat reboot run [DESC] authentication encounter error error_encountered error_error error_exception exception hardware log module module_hardware platform_ro.mediatek.platform protocol routine sae suggest tech_wifi testing wifi wpa3 [MODULE] ro.product.board [PLATFORM] ro.product.board [SEQ_LEN] 2,ro.product.board,1,2,2
MTK-3068,MTK: CMDQ secure timeout,The bluetooth module on ro.board.platform encountered a periodic advertising sync timeout during routine testing. Logs suggest a hardware exception.,run logcat → flash firmware → reboot device,"{'text': 'cmdq mtk secure tech_mtk timeout', 'platforms': [], 'codes': [], 'hw_module': 'unknown', 'tech_keywords': ['tech_mtk']}","{'text': 'device firmware flash logcat proc_reboot proc_run logcat reboot run', 'procedures': ['proc_reboot', 'proc_run logcat'], 'sequence_length': 2}","{'text': 'advertising bluetooth encounter error_encountered error_exception exception hardware log module module_ro.board.platform periodic platform_ro.board.platform routine suggest sync testing timeout', 'platforms': ['ro.board.platform'], 'codes': [], 'hw_module': 'ro.board.platform', 'tech_keywords': ['error_encountered', 'error_exception'], 'token_count': 17}",[TITLE] cmdq mtk secure tech_mtk timeout [STEPS] device firmware flash logcat proc_reboot proc_run logcat reboot run [DESC] advertising bluetooth encounter error_encountered error_exception exception hardware log module module_ro.board.platform periodic platform_ro.board.platform routine suggest sync testing timeout [SEQ_LEN] 2,unknown,0,2,2
MTK-3069,MTK Crash Log - power,The touchscreen module on ro.mediatek.platform encountered a stylus battery level detection error during routine testing. Logs suggest a hardware exception.,reboot device → connect to adb → enable developer mode,"{'text': 'crash log mtk power tech_mtk', 'platforms': [], 'codes': [], 'hw_module': 'unknown', 'tech_keywords': ['tech_mtk']}","{'text': 'adb connect developer device enable mode proc_reboot reboot to', 'procedures': ['proc_reboot'], 'sequence_length': 2}","{'text': 'battery detection encounter error error_encountered error_error error_exception exception hardware level log module module_hardware platform_ro.mediatek.platform routine stylus suggest testing touchscreen', 'platforms': ['ro.mediatek.platform'], 'codes': [], 'hw_module': 'hardware', 'tech_keywords': ['error_encountered', 'error_error', 'error_exception'], 'token_count': 19}",[TITLE] crash log mtk power tech_mtk [STEPS] adb connect developer device enable mode proc_reboot reboot to [DESC] battery detection encounter error error_encountered error_error error_exception exception hardware level log module module_hardware platform_ro.mediatek.platform routine stylus suggest testing touchscreen [SEQ_LEN] 2,unknown,0,1,2
MTK-3070,MTK: DRAMC ZQ calibration failure,The audio module on ro.product.board encountered a room correction filter adaptation timeout during routine testing. Logs suggest a hardware exception.,flash firmware → run logcat → connect to adb,"{'text': 'calibration dramc error_failure failure mtk tech_mtk zq', 'platforms': [], 'codes': [], 'hw_module': 'unknown', 'tech_keywords': ['error_failure', 'tech_mtk']}","{'text': 'adb connect firmware flash logcat proc_run logcat run to', 'procedures': ['proc_run logcat'], 'sequence_length': 2}","{'text': 'adaptation audio correction encounter error_encountered error_exception exception filter hardware log module module_ro.product.board platform_ro.product.board room routine suggest testing timeout', 'platforms': ['ro.product.board'], 'codes': [], 'hw_module': 'ro.product.board', 'tech_keywords': ['error_encountered', 'error_exception'], 'token_count': 18}",[TITLE] calibration dramc error_failure failure mtk tech_mtk zq [STEPS] adb connect firmware flash logcat proc_run logcat run to [DESC] adaptation audio correction encounter error_encountered error_exception exception filter hardware log module module_ro.product.board platform_ro.product.board room routine suggest testing timeout [SEQ_LEN] 2,unknown,0,1,2
MTK-3071,Critical Failure: lift gesture - MTK Flag: ro.board.platform,The camera module on ro.mediatek.platform encountered a focus stacking algorithm hang during routine testing. Logs suggest a hardware exception.,connect to adb → enable developer mode → flash firmware,"{'text': 'critical error_failure failure flag gesture lift module_ro.board.platform mtk platform_ro.board.platform tech_mtk', 'platforms': ['ro.board.platform'], 'codes': [], 'hw_module': 'ro.board.platform', 'tech_keywords': ['error_failure', 'tech_mtk']}","{'text': 'adb connect developer enable firmware flash mode to', 'procedures': [], 'sequence_length': 2}","{'text': 'algorithm camera encounter error_encountered error_exception exception focus hang hardware log module module_hardware platform_ro.mediatek.platform routine stack suggest testing', 'platforms': ['ro.mediatek.platform'], 'codes': [], 'hw_module': 'hardware', 'tech_keywords': ['error_encountered', 'error_exception'], 'token_count': 17}",[TITLE] critical error_failure failure flag gesture lift module_ro.board.platform mtk platform_ro.board.platform tech_mtk [STEPS] adb connect developer enable firmware flash mode to [DESC] algorithm camera encounter error_encountered error_exception exception focus hang hardware log module module_hardware platform_ro.mediatek.platform routine stack suggest testing [MODULE] ro.board.platform [PLATFORM] ro.board.platform [SEQ_LEN] 2,ro.board.platform,1,0,2
MTK-3072,Error: CCF mux select fault - ro.vendor.mediatek,The display module on ro.product.board encountered a mini LED local dimming calculation error during routine testing. Logs suggest a hardware exception.,enable developer mode → enter bootloader → run logcat,"{'text': 'ccf error error_error fault mux platform_ro.vendor.mediatek select', 'platforms': ['ro.vendor.mediatek'], 'codes': [], 'hw_module': 'unknown', 'tech_keywords': ['error_error']}","{'text': 'bootloader developer enable enter logcat mode proc_run logcat run', 'procedures': ['proc_run logcat'], 'sequence_length': 2}","{'text': 'calculation dim display encounter error error_encountered error_error error_exception exception hardware lead local log mini module module_ro.product.board platform_ro.product.board routine suggest testing', 'platforms': ['ro.product.board'], 'codes': [], 'hw_module': 'ro.product.board', 'tech_keywords': ['error_encountered', 'error_error', 'error_exception'], 'token_count': 20}",[TITLE] ccf error error_error fault mux platform_ro.vendor.mediatek select [STEPS] bootloader developer enable enter logcat mode proc_run logcat run [DESC] calculation dim display encounter error error_encountered error_error error_exception exception hardware lead local log mini module module_ro.product.board platform_ro.product.board routine suggest testing [PLATFORM] ro.vendor.mediatek [SEQ_LEN] 2,unknown,1,1,2
MTK-3073,MTK: SSUSB LTSSM timeout,The modem module on ro.board.platform encountered a mobility management entity selection failure during routine testing. Logs suggest a hardware exception.,run logcat → reboot device → connect to adb,"{'text': 'ltssm mtk ssusb tech_mtk timeout', 'platforms': [], 'codes': [], 'hw_module': 'unknown', 'tech_keywords': ['tech_mtk']}","{'text': 'adb connect device logcat proc_reboot proc_run logcat reboot run to', 'procedures': ['proc_reboot', 'proc_run logcat'], 'sequence_length': 2}","{'text': 'encounter entity error_encountered error_exception error_failure exception failure hardware log management mobility modem module module_ro.board.platform platform_ro.board.platform routine selection suggest testing', 'platforms': ['ro.board.platform'], 'codes': [], 'hw_module': 'ro.board.platform', 'tech_keywords': ['error_failure', 'error_encountered', 'error_exception'], 'token_count': 19}",[TITLE] ltssm mtk ssusb tech_mtk timeout [STEPS] adb connect device logcat proc_reboot proc_run logcat reboot run to [DESC] encounter entity error_encountered error_exception error_failure exception failure hardware log management mobility modem module module_ro.board.platform platform_ro.board.platform routine selection suggest testing [SEQ_LEN] 2,unknown,0,2,2
MTK-3074,MTK Crash Log - security,The wifi module on ro.mediatek.platform encountered a multi-link operation setup timeout during routine testing. Logs suggest a hardware exception.,reboot device → flash firmware → enable developer mode,"{'text': 'crash log mtk security tech_mtk', 'platforms': [], 'codes': [], 'hw_module': 'unknown', 'tech_keywords': ['tech_mtk']}","{'text': 'developer device enable firmware flash mode proc_reboot reboot', 'procedures': ['proc_reboot'], 'sequence_length': 2}","{'text': 'encounter error_encountered error_exception exception hardware link log module module_hardware multi operation platform_ro.mediatek.platform routine setup suggest tech_wifi testing timeout wifi', 'platforms': ['ro.mediatek.platform'], 'codes': [], 'hw_module': 'hardware', 'tech_keywords': ['error_encountered', 'tech_wifi', 'error_exception'], 'token_count': 19}",[TITLE] crash log mtk security tech_mtk [STEPS] developer device enable firmware flash mode proc_reboot reboot [DESC] encounter error_encountered error_exception exception hardware link log module module_hardware multi operation platform_ro.mediatek.platform routine setup suggest tech_wifi testing timeout wifi [SEQ_LEN] 2,unknown,0,1,2
MTK-3075,MTK: VENC GOP structure error,The bluetooth module on ro.product.board encountered a broadcast isochronous stream hang during routine testing. Logs suggest a hardware exception.,flash firmware → connect to adb → run logcat,"{'text': 'error error_error gop mtk structure tech_mtk venc', 'platforms': [], 'codes': [], 'hw_module': 'unknown', 'tech_keywords': ['tech_mtk', 'error_error']}","{'text': 'adb connect firmware flash logcat proc_run logcat run to', 'procedures': ['proc_run logcat'], 'sequence_length': 2}","{'text': 'bluetooth broadcast encounter error_encountered error_exception exception hang hardware isochronous log module module_ro.product.board platform_ro.product.board routine stream suggest testing', 'platforms': ['ro.product.board'], 'codes': [], 'hw_module': 'ro.product.board', 'tech_keywords': ['error_encountered', 'error_exception'], 'token_count': 17}",[TITLE] error error_error gop mtk structure tech_mtk venc [STEPS] adb connect firmware flash logcat proc_run logcat run to [DESC] bluetooth broadcast encounter error_encountered error_exception exception hang hardware isochronous log module module_ro.product.board platform_ro.product.board routine stream suggest testing [SEQ_LEN] 2,unknown,0,1,2
MTK-3076,Critical Failure: orientation - MTK Flag: ro.mediatek.platform,The touchscreen module on ro.board.platform encountered a pressure sensitive area calibration drift during routine testing. Logs suggest a hardware exception.,connect to adb → run logcat → reboot device,"{'text': 'critical error_failure failure flag mtk orientation platform_ro.mediatek.platform tech_mtk', 'platforms': ['ro.mediatek.platform'], 'codes': [], 'hw_module': 'unknown', 'tech_keywords': ['error_failure', 'tech_mtk']}","{'text': 'adb connect device logcat proc_reboot proc_run logcat reboot run to', 'procedures': ['proc_reboot', 'proc_run logcat'], 'sequence_length': 2}","{'text': 'area calibration drift encounter error_encountered error_exception exception hardware log module module_ro.board.platform platform_ro.board.platform pressure routine sensitive suggest testing touchscreen', 'platforms': ['ro.board.platform'], 'codes': [], 'hw_module': 'ro.board.platform', 'tech_keywords': ['error_encountered', 'error_exception'], 'token_count': 18}",[TITLE] critical error_failure failure flag mtk orientation platform_ro.mediatek.platform tech_mtk [STEPS] adb connect device logcat proc_reboot proc_run logcat reboot run to [DESC] area calibration drift encounter error_encountered error_exception exception hardware log module module_ro.board.platform platform_ro.board.platform pressure routine sensitive suggest testing touchscreen [PLATFORM] ro.mediatek.platform [SEQ_LEN] 2,unknown,1,2,2
MTK-3077,Error: AUXADC FIFO overflow - ro.product.board,The audio module on ro.mediatek.platform encountered a personalized audio profile synthesis error during routine testing. Logs suggest a hardware exception.,enable developer mode → reboot device → flash firmware,"{'text': 'auxadc error error_error fifo module_ro.product.board overflow platform_ro.product.board', 'platforms': ['ro.product.board'], 'codes': [], 'hw_module': 'ro.product.board', 'tech_keywords': ['error_error']}","{'text': 'developer device enable firmware flash mode proc_reboot reboot', 'procedures': ['proc_reboot'], 'sequence_length': 2}","{'text': 'audio encounter error error_encountered error_error error_exception exception hardware log module module_hardware personalized platform_ro.mediatek.platform profile routine suggest synthesis testing', 'platforms': ['ro.mediatek.platform'], 'codes': [], 'hw_module': 'hardware', 'tech_keywords': ['error_encountered', 'error_error', 'error_exception'], 'token_count': 18}",[TITLE] auxadc error error_error fifo module_ro.product.board overflow platform_ro.product.board [STEPS] developer device enable firmware flash mode proc_reboot reboot [DESC] audio encounter error error_encountered error_error error_exception exception hardware log module module_hardware personalized platform_ro.mediatek.platform profile routine suggest synthesis testing [MODULE] ro.product.board [PLATFORM] ro.product.board [SEQ_LEN] 2,ro.product.board,1,1,2
MTK-3078,MTK: PMICSPI read timeout,The camera module on ro.board.platform encountered a computational raw processing hang during routine testing. Logs suggest a hardware exception.,run logcat → flash firmware → connect to adb,"{'text': 'mtk pmicspi read tech_mtk timeout', 'platforms': [], 'codes': [], 'hw_module': 'unknown', 'tech_keywords': ['tech_mtk']}","{'text': 'adb connect firmware flash logcat proc_run logcat run to', 'procedures': ['proc_run logcat'], 'sequence_length': 2}","{'text': 'camera computational encounter error_encountered error_exception exception hang hardware log module module_ro.board.platform platform_ro.board.platform processing raw routine suggest testing', 'platforms': ['ro.board.platform'], 'codes': [], 'hw_module': 'ro.board.platform', 'tech_keywords': ['error_encountered', 'error_exception'], 'token_count': 17}",[TITLE] mtk pmicspi read tech_mtk timeout [STEPS] adb connect firmware flash logcat proc_run logcat run to [DESC] camera computational encounter error_encountered error_exception exception hang hardware log module module_ro.board.platform platform_ro.board.platform processing raw routine suggest testing [SEQ_LEN] 2,unknown,0,1,2
MTK-3079,MTK Crash Log - camera,The display module on ro.mediatek.platform encountered a variable rate shading optimization failure during routine testing. Logs suggest a hardware exception.,reboot device → connect to adb → enable developer mode,"{'text': 'camera crash log mtk tech_mtk', 'platforms': [], 'codes': [], 'hw_module': 'unknown', 'tech_keywords': ['tech_mtk']}","{'text': 'adb connect developer device enable mode proc_reboot reboot to', 'procedures': ['proc_reboot'], 'sequence_length': 2}","{'text': 'display encounter error_encountered error_exception error_failure exception failure hardware log module module_hardware optimization platform_ro.mediatek.platform rate routine shade suggest testing variable', 'platforms': ['ro.mediatek.platform'], 'codes': [], 'hw_module': 'hardware', 'tech_keywords': ['error_failure', 'error_encountered', 'error_exception'], 'token_count': 19}",[TITLE] camera crash log mtk tech_mtk [STEPS] adb connect developer device enable mode proc_reboot reboot to [DESC] display encounter error_encountered error_exception error_failure exception failure hardware log module module_hardware optimization platform_ro.mediatek.platform rate routine shade suggest testing variable [SEQ_LEN] 2,unknown,0,1,2
MTK-3080,MTK: GCE thread timeout : ro.board.platform,The modem module on ro.product.board encountered a network function chaining error during routine testing. Logs suggest a hardware exception.,flash firmware → enable developer mode → run logcat,"{'text': 'gce module_ro.board.platform mtk platform_ro.board.platform tech_mtk thread timeout', 'platforms': ['ro.board.platform'], 'codes': [], 'hw_module': 'ro.board.platform', 'tech_keywords': ['tech_mtk']}","{'text': 'developer enable firmware flash logcat mode proc_run logcat run', 'procedures': ['proc_run logcat'], 'sequence_length': 2}","{'text': 'chain encounter error error_encountered error_error error_exception exception function hardware log modem module module_ro.product.board network platform_ro.product.board routine suggest testing', 'platforms': ['ro.product.board'], 'codes': [], 'hw_module': 'ro.product.board', 'tech_keywords': ['error_encountered', 'error_error', 'error_exception'], 'token_count': 18}",[TITLE] gce module_ro.board.platform mtk platform_ro.board.platform tech_mtk thread timeout [STEPS] developer enable firmware flash logcat mode proc_run logcat run [DESC] chain encounter error error_encountered error_error error_exception exception function hardware log modem module module_ro.product.board network platform_ro.product.board routine suggest testing [MODULE] ro.board.platform [PLATFORM] ro.board.platform [SEQ_LEN] 2,ro.board.platform,1,1,2
MTK-3081,Critical Failure: ambient temperature - MTK Flag: ro.vendor.mediatek,The wifi module on ro.mediatek.platform encountered a cognitive radio spectrum sensing failure during routine testing. Logs suggest a hardware exception.,connect to adb → reboot device → flash firmware,"{'text': 'ambient critical error_failure failure flag mtk platform_ro.vendor.mediatek tech_mtk temperature', 'platforms': ['ro.vendor.mediatek'], 'codes': [], 'hw_module': 'unknown', 'tech_keywords': ['error_failure', 'tech_mtk']}","{'text': 'adb connect device firmware flash proc_reboot reboot to', 'procedures': ['proc_reboot'], 'sequence_length': 2}","{'text': 'cognitive encounter error_encountered error_exception error_failure exception failure hardware log module module_hardware platform_ro.mediatek.platform radio routine sense spectrum suggest tech_wifi testing wifi', 'platforms': ['ro.mediatek.platform'], 'codes': [], 'hw_module': 'hardware', 'tech_keywords': ['error_failure', 'error_encountered', 'tech_wifi', 'error_exception'], 'token_count': 20}",[TITLE] ambient critical error_failure failure flag mtk platform_ro.vendor.mediatek tech_mtk temperature [STEPS] adb connect device firmware flash proc_reboot reboot to [DESC] cognitive encounter error_encountered error_exception error_failure exception failure hardware log module module_hardware platform_ro.mediatek.platform radio routine sense spectrum suggest tech_wifi testing wifi [PLATFORM] ro.vendor.mediatek [SEQ_LEN] 2,unknown,1,1,2
MTK-3082,Error: INFRACFG bus hang - ro.board.platform,The bluetooth module on ro.product.board encountered a mesh proxy filter configuration error during routine testing. Logs suggest a hardware exception.,enable developer mode → run logcat → connect to adb,"{'text': 'bus error error_error hang infracfg module_ro.board.platform platform_ro.board.platform', 'platforms': ['ro.board.platform'], 'codes': [], 'hw_module': 'ro.board.platform', 'tech_keywords': ['error_error']}","{'text': 'adb connect developer enable logcat mode proc_run logcat run to', 'procedures': ['proc_run logcat'], 'sequence_length': 2}","{'text': 'bluetooth configuration encounter error error_encountered error_error error_exception exception filter hardware log mesh module module_ro.product.board platform_ro.product.board proxy routine suggest testing', 'platforms': ['ro.product.board'], 'codes': [], 'hw_module': 'ro.product.board', 'tech_keywords': ['error_encountered', 'error_error', 'error_exception'], 'token_count': 19}",[TITLE] bus error error_error hang infracfg module_ro.board.platform platform_ro.board.platform [STEPS] adb connect developer enable logcat mode proc_run logcat run to [DESC] bluetooth configuration encounter error error_encountered error_error error_exception exception filter hardware log mesh module module_ro.product.board platform_ro.product.board proxy routine suggest testing [MODULE] ro.board.platform [PLATFORM] ro.board.platform [SEQ_LEN] 2,ro.board.platform,1,1,2
MTK-3083,MTK: DVFS frequency lock,The touchscreen module on ro.mediatek.platform encountered a active stylus communication protocol timeout during routine testing. Logs suggest a hardware exception.,run logcat → enter bootloader → reboot device,"{'text': 'dvfs frequency lock mtk tech_mtk', 'platforms': [], 'codes': [], 'hw_module': 'unknown', 'tech_keywords': ['tech_mtk']}","{'text': 'bootloader device enter logcat proc_reboot proc_run logcat reboot run', 'procedures': ['proc_reboot', 'proc_run logcat'], 'sequence_length': 2}","{'text': 'active communication encounter error_encountered error_exception exception hardware log module module_hardware platform_ro.mediatek.platform protocol routine stylus suggest testing timeout touchscreen', 'platforms': ['ro.mediatek.platform'], 'codes': [], 'hw_module': 'hardware', 'tech_keywords': ['error_encountered', 'error_exception'], 'token_count': 18}",[TITLE] dvfs frequency lock mtk tech_mtk [STEPS] bootloader device enter logcat proc_reboot proc_run logcat reboot run [DESC] active communication encounter error_encountered error_exception exception hardware log module module_hardware platform_ro.mediatek.platform protocol routine stylus suggest testing timeout touchscreen [SEQ_LEN] 2,unknown,0,2,2
MTK-3084,MTK Crash Log - fingerprint,The audio module on ro.board.platform encountered a immersive audio object rendering hang during routine testing. Logs suggest a hardware exception.,reboot device → flash firmware → connect to adb,"{'text': 'crash fingerprint log mtk tech_mtk', 'platforms': [], 'codes': [], 'hw_module': 'unknown', 'tech_keywords': ['tech_mtk']}","{'text': 'adb connect device firmware flash proc_reboot reboot to', 'procedures': ['proc_reboot'], 'sequence_length': 2}","{'text': 'audio encounter error_encountered error_exception exception hang hardware immersive log module module_ro.board.platform object platform_ro.board.platform render routine suggest testing', 'platforms': ['ro.board.platform'], 'codes': [], 'hw_module': 'ro.board.platform', 'tech_keywords': ['error_encountered', 'error_exception'], 'token_count': 17}",[TITLE] crash fingerprint log mtk tech_mtk [STEPS] adb connect device firmware flash proc_reboot reboot to [DESC] audio encounter error_encountered error_exception exception hang hardware immersive log module module_ro.board.platform object platform_ro.board.platform render routine suggest testing [SEQ_LEN] 2,unknown,0,1,2
MTK-3085,MTK: MSDC CRC retry exceed,The camera module on ro.product.board encountered a periscope lens actuator positioning error during routine testing. Logs suggest a hardware exception.,flash firmware → connect to adb → enable developer mode,"{'text': 'crc exceed msdc mtk retry tech_mtk', 'platforms': [], 'codes': [], 'hw_module': 'unknown', 'tech_keywords': ['tech_mtk']}","{'text': 'adb connect developer enable firmware flash mode to', 'procedures': [], 'sequence_length': 2}","{'text': 'actuator camera encounter error error_encountered error_error error_exception exception hardware lens log module module_ro.product.board periscope platform_ro.product.board position routine suggest testing', 'platforms': ['ro.product.board'], 'codes': [], 'hw_module': 'ro.product.board', 'tech_keywords': ['error_encountered', 'error_error', 'error_exception'], 'token_count': 19}",[TITLE] crc exceed msdc mtk retry tech_mtk [STEPS] adb connect developer enable firmware flash mode to [DESC] actuator camera encounter error error_encountered error_error error_exception exception hardware lens log module module_ro.product.board periscope platform_ro.product.board position routine suggest testing [SEQ_LEN] 2,unknown,0,0,2
MTK-3086,Critical Failure: step detector - MTK Flag: ro.mediatek.platform,The display module on ro.board.platform encountered a micro-LED pixel uniformity compensation failure during routine testing. Logs suggest a hardware exception.,connect to adb → run logcat → flash firmware,"{'text': 'critical detector error_failure failure flag mtk platform_ro.mediatek.platform step tech_mtk', 'platforms': ['ro.mediatek.platform'], 'codes': [], 'hw_module': 'unknown', 'tech_keywords': ['error_failure', 'tech_mtk']}","{'text': 'adb connect firmware flash logcat proc_run logcat run to', 'procedures': ['proc_run logcat'], 'sequence_length': 2}","{'text': 'compensation display encounter error_encountered error_exception error_failure exception failure hardware lead log micro module module_ro.board.platform pixel platform_ro.board.platform routine suggest testing uniformity', 'platforms': ['ro.board.platform'], 'codes': [], 'hw_module': 'ro.board.platform', 'tech_keywords': ['error_failure', 'error_encountered', 'error_exception'], 'token_count': 20}",[TITLE] critical detector error_failure failure flag mtk platform_ro.mediatek.platform step tech_mtk [STEPS] adb connect firmware flash logcat proc_run logcat run to [DESC] compensation display encounter error_encountered error_exception error_failure exception failure hardware lead log micro module module_ro.board.platform pixel platform_ro.board.platform routine suggest testing uniformity [PLATFORM] ro.mediatek.platform [SEQ_LEN] 2,unknown,1,1,2
MTK-3087,Error: SPMI read parity - ro.product.board,The modem module on ro.mediatek.platform encountered a beamforming weight vector calculation timeout during routine testing. Logs suggest a hardware exception.,enable developer mode → reboot device → run logcat,"{'text': 'error error_error module_ro.product.board parity platform_ro.product.board read spmi', 'platforms': ['ro.product.board'], 'codes': [], 'hw_module': 'ro.product.board', 'tech_keywords': ['error_error']}","{'text': 'developer device enable logcat mode proc_reboot proc_run logcat reboot run', 'procedures': ['proc_reboot', 'proc_run logcat'], 'sequence_length': 2}","{'text': 'beamforme calculation encounter error_encountered error_exception exception hardware log modem module module_hardware platform_ro.mediatek.platform routine suggest testing timeout vector weight', 'platforms': ['ro.mediatek.platform'], 'codes': [], 'hw_module': 'hardware', 'tech_keywords': ['error_encountered', 'error_exception'], 'token_count': 18}",[TITLE] error error_error module_ro.product.board parity platform_ro.product.board read spmi [STEPS] developer device enable logcat mode proc_reboot proc_run logcat reboot run [DESC] beamforme calculation encounter error_encountered error_exception exception hardware log modem module module_hardware platform_ro.mediatek.platform routine suggest testing timeout vector weight [MODULE] ro.product.board [PLATFORM] ro.product.board [SEQ_LEN] 2,ro.product.board,1,2,2
MTK-3088,MTK: CONNSYS wake lock,The wifi module on ro.board.platform encountered a 802.11be multi-RU allocation error during routine testing. Logs suggest a hardware exception.,run logcat → flash firmware → reboot device,"{'text': 'connsys lock mtk tech_mtk wake', 'platforms': [], 'codes': [], 'hw_module': 'unknown', 'tech_keywords': ['tech_mtk']}","{'text': 'device firmware flash logcat proc_reboot proc_run logcat reboot run', 'procedures': ['proc_reboot', 'proc_run logcat'], 'sequence_length': 2}","{'text': 'allocation encounter error error_encountered error_error error_exception exception hardware log module module_ro.board.platform multi platform_ro.board.platform routine suggest tech_wifi testing wifi', 'platforms': ['ro.board.platform'], 'codes': [], 'hw_module': 'ro.board.platform', 'tech_keywords': ['error_encountered', 'error_error', 'tech_wifi', 'error_exception'], 'token_count': 18}",[TITLE] connsys lock mtk tech_mtk wake [STEPS] device firmware flash logcat proc_reboot proc_run logcat reboot run [DESC] allocation encounter error error_encountered error_error error_exception exception hardware log module module_ro.board.platform multi platform_ro.board.platform routine suggest tech_wifi testing wifi [SEQ_LEN] 2,unknown,0,2,2
MTK-3089,MTK Crash Log - thermal,The bluetooth module on ro.mediatek.platform encountered a unicast audio stream quality adaptation failure during routine testing. Logs suggest a hardware exception.,reboot device → connect to adb → enable developer mode,"{'text': 'crash log mtk tech_mtk thermal', 'platforms': [], 'codes': [], 'hw_module': 'unknown', 'tech_keywords': ['tech_mtk']}","{'text': 'adb connect developer device enable mode proc_reboot reboot to', 'procedures': ['proc_reboot'], 'sequence_length': 2}","{'text': 'adaptation audio bluetooth encounter error_encountered error_exception error_failure exception failure hardware log module module_hardware platform_ro.mediatek.platform quality routine stream suggest testing unicast', 'platforms': ['ro.mediatek.platform'], 'codes': [], 'hw_module': 'hardware', 'tech_keywords': ['error_failure', 'error_encountered', 'error_exception'], 'token_count': 20}",[TITLE] crash log mtk tech_mtk thermal [STEPS] adb connect developer device enable mode proc_reboot reboot to [DESC] adaptation audio bluetooth encounter error_encountered error_exception error_failure exception failure hardware log module module_hardware platform_ro.mediatek.platform quality routine stream suggest testing unicast [SEQ_LEN] 2,unknown,0,1,2
MTK-3090,MTK: VDEC slice timeout : ro.vendor.mediatek,The touchscreen module on ro.product.board encountered a haptic waveform synthesis error during routine testing. Logs suggest a hardware exception.,flash firmware → run logcat → connect to adb,"{'text': 'mtk platform_ro.vendor.mediatek slice tech_mtk timeout vdec', 'platforms': ['ro.vendor.mediatek'], 'codes': [], 'hw_module': 'unknown', 'tech_keywords': ['tech_mtk']}","{'text': 'adb connect firmware flash logcat proc_run logcat run to', 'procedures': ['proc_run logcat'], 'sequence_length': 2}","{'text': 'encounter error error_encountered error_error error_exception exception haptic hardware log module module_ro.product.board platform_ro.product.board routine suggest synthesis testing touchscreen waveform', 'platforms': ['ro.product.board'], 'codes': [], 'hw_module': 'ro.product.board', 'tech_keywords': ['error_encountered', 'error_error', 'error_exception'], 'token_count': 18}",[TITLE] mtk platform_ro.vendor.mediatek slice tech_mtk timeout vdec [STEPS] adb connect firmware flash logcat proc_run logcat run to [DESC] encounter error error_encountered error_error error_exception exception haptic hardware log module module_ro.product.board platform_ro.product.board routine suggest synthesis testing touchscreen waveform [PLATFORM] ro.vendor.mediatek [SEQ_LEN] 2,unknown,1,1,2
MTK-3091,Critical Failure: heart beat - MTK Flag: ro.board.platform,The audio module on ro.mediatek.platform encountered a neural audio enhancement processing hang during routine testing. Logs suggest a hardware exception.,connect to adb → enable developer mode → flash firmware,"{'text': 'beat critical error_failure failure flag heart module_ro.board.platform mtk platform_ro.board.platform tech_mtk', 'platforms': ['ro.board.platform'], 'codes': [], 'hw_module': 'ro.board.platform', 'tech_keywords': ['error_failure', 'tech_mtk']}","{'text': 'adb connect developer enable firmware flash mode to', 'procedures': [], 'sequence_length': 2}","{'text': 'audio encounter enhancement error_encountered error_exception exception hang hardware log module module_hardware neural platform_ro.mediatek.platform processing routine suggest testing', 'platforms': ['ro.mediatek.platform'], 'codes': [], 'hw_module': 'hardware', 'tech_keywords': ['error_encountered', 'error_exception'], 'token_count': 17}",[TITLE] beat critical error_failure failure flag heart module_ro.board.platform mtk platform_ro.board.platform tech_mtk [STEPS] adb connect developer enable firmware flash mode to [DESC] audio encounter enhancement error_encountered error_exception exception hang hardware log module module_hardware neural platform_ro.mediatek.platform processing routine suggest testing [MODULE] ro.board.platform [PLATFORM] ro.board.platform [SEQ_LEN] 2,ro.board.platform,1,0,2
MTK-3092,Error: PMIF channel busy - ro.mediatek.platform,The camera module on ro.product.board encountered a light field capture algorithm timeout during routine testing. Logs suggest a hardware exception.,enable developer mode → enter bootloader → run logcat,"{'text': 'busy channel error error_error platform_ro.mediatek.platform pmif', 'platforms': ['ro.mediatek.platform'], 'codes': [], 'hw_module': 'unknown', 'tech_keywords': ['error_error']}","{'text': 'bootloader developer enable enter logcat mode proc_run logcat run', 'procedures': ['proc_run logcat'], 'sequence_length': 2}","{'text': 'algorithm camera capture encounter error_encountered error_exception exception field hardware light log module module_ro.product.board platform_ro.product.board routine suggest testing timeout', 'platforms': ['ro.product.board'], 'codes': [], 'hw_module': 'ro.product.board', 'tech_keywords': ['error_encountered', 'error_exception'], 'token_count': 18}",[TITLE] busy channel error error_error platform_ro.mediatek.platform pmif [STEPS] bootloader developer enable enter logcat mode proc_run logcat run [DESC] algorithm camera capture encounter error_encountered error_exception exception field hardware light log module module_ro.product.board platform_ro.product.board routine suggest testing timeout [PLATFORM] ro.mediatek.platform [SEQ_LEN] 2,unknown,1,1,2
MTK-3093,MTK: GPU memory bandwidth exceed,The display module on ro.board.platform encountered a foveated rendering tracking error during routine testing. Logs suggest a hardware exception.,run logcat → reboot device → connect to adb,"{'text': 'bandwidth exceed gpu memory mtk tech_mtk', 'platforms': [], 'codes': [], 'hw_module': 'unknown', 'tech_keywords': ['tech_mtk']}","{'text': 'adb connect device logcat proc_reboot proc_run logcat reboot run to', 'procedures': ['proc_reboot', 'proc_run logcat'], 'sequence_length': 2}","{'text': 'display encounter error error_encountered error_error error_exception exception foveate hardware log module module_ro.board.platform platform_ro.board.platform render routine suggest testing tracking', 'platforms': ['ro.board.platform'], 'codes': [], 'hw_module': 'ro.board.platform', 'tech_keywords': ['error_encountered', 'error_error', 'error_exception'], 'token_count': 18}",[TITLE] bandwidth exceed gpu memory mtk tech_mtk [STEPS] adb connect device logcat proc_reboot proc_run logcat reboot run to [DESC] display encounter error error_encountered error_error error_exception exception foveate hardware log module module_ro.board.platform platform_ro.board.platform render routine suggest testing tracking [SEQ_LEN] 2,unknown,0,2,2
MTK-3094,MTK Crash Log - connectivity,The modem module on ro.mediatek.platform encountered a machine learning based scheduling failure during routine testing. Logs suggest a hardware exception.,reboot device → flash firmware → enable developer mode,"{'text': 'connectivity crash log mtk tech_connect tech_mtk', 'platforms': [], 'codes': [], 'hw_module': 'unknown', 'tech_keywords': ['tech_connect', 'tech_mtk']}","{'text': 'developer device enable firmware flash mode proc_reboot reboot', 'procedures': ['proc_reboot'], 'sequence_length': 2}","{'text': 'base encounter error_encountered error_exception error_failure exception failure hardware learn log machine modem module module_hardware platform_ro.mediatek.platform routine scheduling suggest testing', 'platforms': ['ro.mediatek.platform'], 'codes': [], 'hw_module': 'hardware', 'tech_keywords': ['error_failure', 'error_encountered', 'error_exception'], 'token_count': 19}",[TITLE] connectivity crash log mtk tech_connect tech_mtk [STEPS] developer device enable firmware flash mode proc_reboot reboot [DESC] base encounter error_encountered error_exception error_failure exception failure hardware learn log machine modem module module_hardware platform_ro.mediatek.platform routine scheduling suggest testing [SEQ_LEN] 2,unknown,0,1,2
MTK-3095,MTK: LPDDR5 training timeout,The wifi module on ro.product.board encountered a distributed beamforming coordination error during routine testing. Logs suggest a hardware exception.,flash firmware → connect to adb → run logcat,"{'text': 'lpddr5 mtk tech_mtk timeout training', 'platforms': [], 'codes': [], 'hw_module': 'unknown', 'tech_keywords': ['tech_mtk']}","{'text': 'adb connect firmware flash logcat proc_run logcat run to', 'procedures': ['proc_run logcat'], 'sequence_length': 2}","{'text': 'beamforme coordination distribute encounter error error_encountered error_error error_exception exception hardware log module module_ro.product.board platform_ro.product.board routine suggest tech_wifi testing wifi', 'platforms': ['ro.product.board'], 'codes': [], 'hw_module': 'ro.product.board', 'tech_keywords': ['error_encountered', 'error_error', 'tech_wifi', 'error_exception'], 'token_count': 19}",[TITLE] lpddr5 mtk tech_mtk timeout training [STEPS] adb connect firmware flash logcat proc_run logcat run to [DESC] beamforme coordination distribute encounter error error_encountered error_error error_exception exception hardware log module module_ro.product.board platform_ro.product.board routine suggest tech_wifi testing wifi [SEQ_LEN] 2,unknown,0,1,2
MTK-3096,Critical Failure: rotation matrix - MTK Flag: ro.mediatek.platform,The bluetooth module on ro.board.platform encountered a extended advertising data fragmentation failure during routine testing. Logs suggest a hardware exception.,connect to adb → run logcat → reboot device,"{'text': 'critical error_failure failure flag matrix mtk platform_ro.mediatek.platform rotation tech_mtk', 'platforms': ['ro.mediatek.platform'], 'codes': [], 'hw_module': 'unknown', 'tech_keywords': ['error_failure', 'tech_mtk']}","{'text': 'adb connect device logcat proc_reboot proc_run logcat reboot run to', 'procedures': ['proc_reboot', 'proc_run logcat'], 'sequence_length': 2}","{'text': 'advertising bluetooth datum encounter error_encountered error_exception error_failure exception extended failure fragmentation hardware log module module_ro.board.platform platform_ro.board.platform routine suggest testing', 'platforms': ['ro.board.platform'], 'codes': [], 'hw_module': 'ro.board.platform', 'tech_keywords': ['error_failure', 'error_encountered', 'error_exception'], 'token_count': 19}",[TITLE] critical error_failure failure flag matrix mtk platform_ro.mediatek.platform rotation tech_mtk [STEPS] adb connect device logcat proc_reboot proc_run logcat reboot run to [DESC] advertising bluetooth datum encounter error_encountered error_exception error_failure exception extended failure fragmentation hardware log module module_ro.board.platform platform_ro.board.platform routine suggest testing [PLATFORM] ro.mediatek.platform [SEQ_LEN] 2,unknown,1,2,2
MTK-3097,Error: DEVMPU region fault - ro.product.board,The touchscreen module on ro.mediatek.platform encountered a multi-modal input fusion algorithm error during routine testing. Logs suggest a hardware exception.,enable developer mode → reboot device → flash firmware,"{'text': 'devmpu error error_error fault module_ro.product.board platform_ro.product.board region', 'platforms': ['ro.product.board'], 'codes': [], 'hw_module': 'ro.product.board', 'tech_keywords': ['error_error']}","{'text': 'developer device enable firmware flash mode proc_reboot reboot', 'procedures': ['proc_reboot'], 'sequence_length': 2}","{'text': 'algorithm encounter error error_encountered error_error error_exception exception fusion hardware input log modal module module_hardware multi platform_ro.mediatek.platform routine suggest testing touchscreen', 'platforms': ['ro.mediatek.platform'], 'codes': [], 'hw_module': 'hardware', 'tech_keywords': ['error_encountered', 'error_error', 'error_exception'], 'token_count': 20}",[TITLE] devmpu error error_error fault module_ro.product.board platform_ro.product.board region [STEPS] developer device enable firmware flash mode proc_reboot reboot [DESC] algorithm encounter error error_encountered error_error error_exception exception fusion hardware input log modal module module_hardware multi platform_ro.mediatek.platform routine suggest testing touchscreen [MODULE] ro.product.board [PLATFORM] ro.product.board [SEQ_LEN] 2,ro.product.board,1,1,2
MTK-3098,MTK: MCUPM IPI timeout,The audio module on ro.board.platform encountered a spatial audio head tracking calibration failure during routine testing. Logs suggest a hardware exception.,run logcat → flash firmware → connect to adb,"{'text': 'ipi mcupm mtk tech_mtk timeout', 'platforms': [], 'codes': [], 'hw_module': 'unknown', 'tech_keywords': ['tech_mtk']}","{'text': 'adb connect firmware flash logcat proc_run logcat run to', 'procedures': ['proc_run logcat'], 'sequence_length': 2}","{'text': 'audio calibration encounter error_encountered error_exception error_failure exception failure hardware head log module module_ro.board.platform platform_ro.board.platform routine spatial suggest testing track', 'platforms': ['ro.board.platform'], 'codes': [], 'hw_module': 'ro.board.platform', 'tech_keywords': ['error_failure', 'error_encountered', 'error_exception'], 'token_count': 19}",[TITLE] ipi mcupm mtk tech_mtk timeout [STEPS] adb connect firmware flash logcat proc_run logcat run to [DESC] audio calibration encounter error_encountered error_exception error_failure exception failure hardware head log module module_ro.board.platform platform_ro.board.platform routine spatial suggest testing track [SEQ_LEN] 2,unknown,0,1,2
MTK-3099,MTK Crash Log - display,The camera module on ro.mediatek.platform encountered a AI-powered scene optimization hang during routine testing. Logs suggest a hardware exception.,reboot device → connect to adb → enable developer mode,"{'text': 'crash display log mtk tech_mtk', 'platforms': [], 'codes': [], 'hw_module': 'unknown', 'tech_keywords': ['tech_mtk']}","{'text': 'adb connect developer device enable mode proc_reboot reboot to', 'procedures': ['proc_reboot'], 'sequence_length': 2}","{'text': 'camera encounter error_encountered error_exception exception hang hardware log module module_hardware optimization platform_ro.mediatek.platform power routine scene suggest testing', 'platforms': ['ro.mediatek.platform'], 'codes': [], 'hw_module': 'hardware', 'tech_keywords': ['error_encountered', 'error_exception'], 'token_count': 17}",[TITLE] crash display log mtk tech_mtk [STEPS] adb connect developer device enable mode proc_reboot reboot to [DESC] camera encounter error_encountered error_exception exception hang hardware log module module_hardware optimization platform_ro.mediatek.platform power routine scene suggest testing [SEQ_LEN] 2,unknown,0,1,2
MTK-3100,UFS read errors on long video record,"Recording 4K video for ten minutes throws ufs read retries on k689v1_64 board running ALPS.K2.MP1.V1.3, the file ends up corrupt. Smart report shows err_ufs_9102 with 0xF01A status.",run iostat → reboot to recovery → wipe cache,"{'text': 'error_error errors long on read record ufs video', 'platforms': [], 'codes': [], 'hw_module': 'unknown', 'tech_keywords': ['error_error']}","{'text': 'cache iostat proc_reboot reboot recovery run to wipe', 'procedures': ['proc_reboot'], 'sequence_length': 2}","{'text': '0xf01a board code_0xf01a code_err_ufs_9102 corrupt end err_ufs_9102 file k689v1_64 minute read record report retrie run show smart status throw ufs video', 'platforms': [], 'codes': ['err_ufs_9102', '0xf01a'], 'hw_module': 'unknown', 'tech_keywords': [], 'token_count': 21}",[TITLE] error_error errors long on read record ufs video [STEPS] cache iostat proc_reboot reboot recovery run to wipe [DESC] 0xf01a board code_0xf01a code_err_ufs_9102 corrupt end err_ufs_9102 file k689v1_64 minute read record report retrie run show smart status throw ufs video [SEQ_LEN] 2,unknown,0,1,2
MTK-3101,Phone freezes copying big files,"Copying a 3GB file to internal storage stalls at 90 percent on MT6896, the ufs link resets twice a minute. Kernel log shows UFSHCD timeout 0xF02B.",connect to adb → run iostat → reboot device,"{'text': 'big copying files freezes phone tech_phone', 'platforms': [], 'codes': [], 'hw_module': 'unknown', 'tech_keywords': ['tech_phone']}","{'text': 'adb connect device iostat proc_reboot reboot run to', 'procedures': ['proc_reboot'], 'sequence_length': 2}","{'text': 'code_0xf02b copy file internal kernel link log minute mt6896 percent platform_mt6896 reset show stall storage timeout twice ufs ufshcd', 'platforms': ['mt6896'], 'codes': ['0xf02b'], 'hw_module': 'unknown', 'tech_keywords': [], 'token_count': 19}",[TITLE] big copying files freezes phone tech_phone [STEPS] adb connect device iostat proc_reboot reboot run to [DESC] code_0xf02b copy file internal kernel link log minute mt6896 percent platform_mt6896 reset show stall storage timeout twice ufs ufshcd [SEQ_LEN] 2,unknown,0,1,2
MTK-3102,App installs hang at 100 percent,"Every Play Store install sticks at 100 percent on ro.product.board, package manager waits on storage. Dmesg keeps repeating err_ufs_9104.",wipe cache → reboot to recovery → retry install,"{'text': '100 app at hang installs percent', 'platforms': [], 'codes': [], 'hw_module': 'unknown', 'tech_keywords': []}","{'text': 'cache install proc_reboot reboot recovery retry to wipe', 'procedures': ['proc_reboot'], 'sequence_length': 2}","{'text': '100 code_err_ufs_9104 dmesg err_ufs_9104 install keep manager module_ro.product.board package percent platform_ro.product.board play repeat stick storage store wait', 'platforms': ['ro.product.board'], 'codes': ['err_ufs_9104'], 'hw_module': 'ro.product.board', 'tech_keywords': [], 'token_count': 17}",[TITLE] 100 app at hang installs percent [STEPS] cache install proc_reboot reboot recovery retry to wipe [DESC] 100 code_err_ufs_9104 dmesg err_ufs_9104 install keep manager module_ro.product.board package percent platform_ro.product.board play repeat stick storage store wait [SEQ_LEN] 2,unknown,0,1,2
MTK-3103,OTA sideload fails writing system,"Sideloading the OTA aborts while writing system on Dimensity 9300, recovery reports a ufs write abort. Last line before failure is 0xF033.",free storage → reboot to recovery → sideload ota,"{'text': 'fails ota sideload system writing', 'platforms': [], 'codes': [], 'hw_module': 'unknown', 'tech_keywords': []}","{'text': 'free ota proc_reboot reboot recovery sideload storage to', 'procedures': ['proc_reboot'], 'sequence_length': 2}","{'text': '0xf033 9300 abort code_0xf033 dimensity error_failure failure line ota recovery report sideloade system ufs write', 'platforms': [], 'codes': ['0xf033'], 'hw_module': 'unknown', 'tech_keywords': ['error_failure'], 'token_count': 15}",[TITLE] fails ota sideload system writing [STEPS] free ota proc_reboot reboot recovery sideload storage to [DESC] 0xf033 9300 abort code_0xf033 dimensity error_failure failure line ota recovery report sideloade system ufs write [SEQ_LEN] 2,unknown,0,1,2
MTK-3104,Gallery thumbnails never load,"Thumbnails stay grey after every reboot on ro.board.platform, the fbo garbage collector looks stuck. Media scanner logs err_ufs_9104 twice.",wipe cache → reboot device → run logcat,"{'text': 'gallery load never thumbnails', 'platforms': [], 'codes': [], 'hw_module': 'unknown', 'tech_keywords': []}","{'text': 'cache device logcat proc_reboot proc_run logcat reboot run wipe', 'procedures': ['proc_reboot', 'proc_run logcat'], 'sequence_length': 2}","{'text': 'code_err_ufs_9104 collector err_ufs_9104 fbo garbage grey log look medium module_ro.board.platform platform_ro.board.platform reboot scanner stay stuck thumbnail twice', 'platforms': ['ro.board.platform'], 'codes': ['err_ufs_9104'], 'hw_module': 'ro.board.platform', 'tech_keywords': [], 'token_count': 17}",[TITLE] gallery load never thumbnails [STEPS] cache device logcat proc_reboot proc_run logcat reboot run wipe [DESC] code_err_ufs_9104 collector err_ufs_9104 fbo garbage grey log look medium module_ro.board.platform platform_ro.board.platform reboot scanner stay stuck thumbnail twice [SEQ_LEN] 2,unknown,0,2,2
MTK-3105,Cold boot takes six minutes,"From power button to lock screen takes six minutes on k689v1_64, ufs init alone eats four. Boot log ends with err_ufs_9110.",enter bootloader → reflash preloader → reboot device,"{'text': 'boot cold minutes six takes', 'platforms': [], 'codes': [], 'hw_module': 'unknown', 'tech_keywords': []}","{'text': 'bootloader device enter preloader proc_reboot reboot reflash', 'procedures': ['proc_reboot'], 'sequence_length': 2}","{'text': 'boot button code_err_ufs_9110 eat end err_ufs_9110 init k689v1_64 lock log minute power screen take ufs', 'platforms': [], 'codes': ['err_ufs_9110'], 'hw_module': 'unknown', 'tech_keywords': [], 'token_count': 15}",[TITLE] boot cold minutes six takes [STEPS] bootloader device enter preloader proc_reboot reboot reflash [DESC] boot button code_err_ufs_9110 eat end err_ufs_9110 init k689v1_64 lock log minute power screen take ufs [SEQ_LEN] 2,unknown,0,1,2
MTK-3106,Random reboots with full storage,"Below 500MB free the phone reboots itself on ro.mediatek.platform, always during background dexopt. Crash reason is 0xF044.",free storage → wipe cache → reboot device,"{'text': 'full random reboots storage with', 'platforms': [], 'codes': [], 'hw_module': 'unknown', 'tech_keywords': []}","{'text': 'cache device free proc_reboot reboot storage wipe', 'procedures': ['proc_reboot'], 'sequence_length': 2}","{'text': '0xf044 500 background code_0xf044 crash dexopt free phone platform_ro.mediatek.platform reason reboot tech_phone', 'platforms': ['ro.mediatek.platform'], 'codes': ['0xf044'], 'hw_module': 'unknown', 'tech_keywords': ['tech_phone'], 'token_count': 12}",[TITLE] full random reboots storage with [STEPS] cache device free proc_reboot reboot storage wipe [DESC] 0xf044 500 background code_0xf044 crash dexopt free phone platform_ro.mediatek.platform reason reboot tech_phone [SEQ_LEN] 2,unknown,0,1,2
MTK-3107,Second user profile cannot be created,"Adding a work profile fails instantly on MT6989 running ALPS.W0.MP.V1, user service crashes. Logcat shows err_ufs_9115.",factory reset → recreate profile → run logcat,"{'text': 'be cannot created profile second user', 'platforms': [], 'codes': [], 'hw_module': 'unknown', 'tech_keywords': []}","{'text': 'factory logcat proc_run logcat profile recreate reset run', 'procedures': ['proc_run logcat'], 'sequence_length': 2}","{'text': 'add code_err_ufs_9115 crash err_ufs_9115 fail instantly logcat mt6989 platform_mt6989 profile run service show tech_logcat user work', 'platforms': ['mt6989'], 'codes': ['err_ufs_9115'], 'hw_module': 'unknown', 'tech_keywords': ['tech_logcat'], 'token_count': 16}",[TITLE] be cannot created profile second user [STEPS] factory logcat proc_run logcat profile recreate reset run [DESC] add code_err_ufs_9115 crash err_ufs_9115 fail instantly logcat mt6989 platform_mt6989 profile run service show tech_logcat user work [SEQ_LEN] 2,unknown,0,1,2
MTK-3108,Encrypted files unreadable after update,"Photos taken before the update open as grey blocks on ro.vendor.mediatek, the file key unwrap fails. Keymaster returns 0xF051.",reflash boot → reboot to recovery → run logcat,"{'text': 'after encrypted files unreadable update', 'platforms': [], 'codes': [], 'hw_module': 'unknown', 'tech_keywords': []}","{'text': 'boot logcat proc_reboot proc_run logcat reboot recovery reflash run to', 'procedures': ['proc_reboot', 'proc_run logcat'], 'sequence_length': 2}","{'text': '0xf051 block code_0xf051 error_turn fail file grey key keymaster open photo platform_ro.vendor.mediatek return take unwrap update', 'platforms': ['ro.vendor.mediatek'], 'codes': ['0xf051'], 'hw_module': 'unknown', 'tech_keywords': ['error_turn'], 'token_count': 16}",[TITLE] after encrypted files unreadable update [STEPS] boot logcat proc_reboot proc_run logcat reboot recovery reflash run to [DESC] 0xf051 block code_0xf051 error_turn fail file grey key keymaster open photo platform_ro.vendor.mediatek return take unwrap update [SEQ_LEN] 2,unknown,0,2,2
MTK-3109,Storage benchmark halved overnight,AndroBench sequential read dropped from 1800 to 800 MB/s on Dimensity 8300 with no new apps. Only clue is err_ufs_9120 in dmesg.,cool device → rerun benchmark → run logcat,"{'text': 'benchmark halved overnight storage', 'platforms': [], 'codes': [], 'hw_module': 'unknown', 'tech_keywords': []}","{'text': 'benchmark cool device logcat proc_run logcat rerun run', 'procedures': ['proc_run logcat'], 'sequence_length': 2}","{'text': '1800 800 8300 androbench app clue code_err_ufs_9120 dimensity dmesg drop err_ufs_9120 new read sequential', 'platforms': [], 'codes': ['err_ufs_9120'], 'hw_module': 'unknown', 'tech_keywords': [], 'token_count': 14}",[TITLE] benchmark halved overnight storage [STEPS] benchmark cool device logcat proc_run logcat rerun run [DESC] 1800 800 8300 androbench app clue code_err_ufs_9120 dimensity dmesg drop err_ufs_9120 new read sequential [SEQ_LEN] 2,unknown,0,1,2
MTK-3110,Netflix stuck at SD after update,"Netflix maxes out at SD since the security patch on ro.product.board, the app says device not secure. Drm info shows ERR_DRM_3301, L1 gone.",check drm info → factory reset → reprovision keys,"{'text': 'after at netflix sd stuck update', 'platforms': [], 'codes': [], 'hw_module': 'unknown', 'tech_keywords': []}","{'text': 'check drm factory info keys reprovision reset', 'procedures': [], 'sequence_length': 2}","{'text': 'app code_err_drm_3301 device drm err_drm_3301 go info maxe module_ro.product.board netflix patch platform_ro.product.board say secure security show', 'platforms': ['ro.product.board'], 'codes': ['err_drm_3301'], 'hw_module': 'ro.product.board', 'tech_keywords': [], 'token_count': 16}",[TITLE] after at netflix sd stuck update [STEPS] check drm factory info keys reprovision reset [DESC] app code_err_drm_3301 device drm err_drm_3301 go info maxe module_ro.product.board netflix patch platform_ro.product.board say secure security show [SEQ_LEN] 2,unknown,0,0,2
MTK-3111,Disney+ HDCP error on clean boot,Disney+ throws an HDCP error on first launch after every reboot on MT6896. Hdcp handshake log ends with 0xD302.,reboot device → check drm info → run logcat,"{'text': 'boot clean disney error error_error hdcp on', 'platforms': [], 'codes': [], 'hw_module': 'unknown', 'tech_keywords': ['error_error']}","{'text': 'check device drm info logcat proc_reboot proc_run logcat reboot run', 'procedures': ['proc_reboot', 'proc_run logcat'], 'sequence_length': 2}","{'text': '0xd302 code_0xd302 end error error_error handshake hdcp launch log mt6896 platform_mt6896 reboot throw', 'platforms': ['mt6896'], 'codes': ['0xd302'], 'hw_module': 'unknown', 'tech_keywords': ['error_error'], 'token_count': 13}",[TITLE] boot clean disney error error_error hdcp on [STEPS] check device drm info logcat proc_reboot proc_run logcat reboot run [DESC] 0xd302 code_0xd302 end error error_error handshake hdcp launch log mt6896 platform_mt6896 reboot throw [SEQ_LEN] 2,unknown,0,2,2
MTK-3112,Downloaded shows refuse to play,Offline episodes fail with a license error on ro.board.platform even with valid rental. Keybox request returns ERR_DRM_3305.,clear app data → reprovision keys → reboot device,"{'text': 'downloaded play refuse shows to', 'platforms': [], 'codes': [], 'hw_module': 'unknown', 'tech_keywords': []}","{'text': 'app clear data device keys proc_reboot reboot reprovision', 'procedures': ['proc_reboot'], 'sequence_length': 2}","{'text': 'code_err_drm_3305 episode err_drm_3305 error error_error error_turn fail keybox license module_ro.board.platform offline platform_ro.board.platform rental request return valid', 'platforms': ['ro.board.platform'], 'codes': ['err_drm_3305'], 'hw_module': 'ro.board.platform', 'tech_keywords': ['error_error', 'error_turn'], 'token_count': 16}",[TITLE] downloaded play refuse shows to [STEPS] app clear data device keys proc_reboot reboot reprovision [DESC] code_err_drm_3305 episode err_drm_3305 error error_error error_turn fail keybox license module_ro.board.platform offline platform_ro.board.platform rental request return valid [SEQ_LEN] 2,unknown,0,1,2
MTK-3113,Prime Video screen goes black,"Audio plays but the picture is black in Prime Video on k689v1_64, screenshots come out black too. Secure path reports 0xD308.",toggle hdcp → update firmware → reboot device,"{'text': 'black goes prime screen video', 'platforms': [], 'codes': [], 'hw_module': 'unknown', 'tech_keywords': []}","{'text': 'device firmware hdcp proc_reboot reboot toggle update', 'procedures': ['proc_reboot'], 'sequence_length': 2}","{'text': '0xd308 audio black code_0xd308 come k689v1_64 path picture play prime report screenshot secure video', 'platforms': [], 'codes': ['0xd308'], 'hw_module': 'unknown', 'tech_keywords': [], 'token_count': 14}",[TITLE] black goes prime screen video [STEPS] device firmware hdcp proc_reboot reboot toggle update [DESC] 0xd308 audio black code_0xd308 come k689v1_64 path picture play prime report screenshot secure video [SEQ_LEN] 2,unknown,0,1,2
MTK-3114,Widevine test app reports L3 only,"The DRM test app shows L3 where L1 used to be on Dimensity 9300, nothing was flashed. Provisioning state reads ERR_DRM_3311.",factory reset → reprovision keys → check drm info,"{'text': 'app l3 only reports test widevine', 'platforms': [], 'codes': [], 'hw_module': 'unknown', 'tech_keywords': []}","{'text': 'check drm factory info keys reprovision reset', 'procedures': [], 'sequence_length': 2}","{'text': '9300 app code_err_drm_3311 dimensity drm err_drm_3311 flash provision read show state test', 'platforms': [], 'codes': ['err_drm_3311'], 'hw_module': 'unknown', 'tech_keywords': [], 'token_count': 12}",[TITLE] app l3 only reports test widevine [STEPS] check drm factory info keys reprovision reset [DESC] 9300 app code_err_drm_3311 dimensity drm err_drm_3311 flash provision read show state test [SEQ_LEN] 2,unknown,0,0,2
MTK-3115,Casting protected content fails,Casting Netflix to the TV errors out on ro.mediatek.platform while YouTube casts fine. Wvdrm session setup gives 0xD312.,reboot device → update firmware → run logcat,"{'text': 'casting content fails protected', 'platforms': [], 'codes': [], 'hw_module': 'unknown', 'tech_keywords': []}","{'text': 'device firmware logcat proc_reboot proc_run logcat reboot run update', 'procedures': ['proc_reboot', 'proc_run logcat'], 'sequence_length': 2}","{'text': '0xd312 cast code_0xd312 error error_error fine give netflix platform_ro.mediatek.platform session setup wvdrm youtube', 'platforms': ['ro.mediatek.platform'], 'codes': ['0xd312'], 'hw_module': 'unknown', 'tech_keywords': ['error_error'], 'token_count': 13}",[TITLE] casting content fails protected [STEPS] device firmware logcat proc_reboot proc_run logcat reboot run update [DESC] 0xd312 cast code_0xd312 error error_error fine give netflix platform_ro.mediatek.platform session setup wvdrm youtube [SEQ_LEN] 2,unknown,0,2,2
MTK-3116,Banking app says device not trusted,"The banking app refuses login after relocking the bootloader on MT6989, verdict is basic only. Attestation plus drm state ERR_DRM_3317.",relock bootloader → factory reset → run logcat,"{'text': 'app banking device module_device not says trusted', 'platforms': [], 'codes': [], 'hw_module': 'device', 'tech_keywords': []}","{'text': 'bootloader factory logcat proc_run logcat relock reset run', 'procedures': ['proc_run logcat'], 'sequence_length': 2}","{'text': 'app attestation banking basic bootloader code_err_drm_3317 drm err_drm_3317 login mt6989 platform_mt6989 plus refuse relocke state verdict', 'platforms': ['mt6989'], 'codes': ['err_drm_3317'], 'hw_module': 'unknown', 'tech_keywords': [], 'token_count': 16}",[TITLE] app banking device module_device not says trusted [STEPS] bootloader factory logcat proc_run logcat relock reset run [DESC] app attestation banking basic bootloader code_err_drm_3317 drm err_drm_3317 login mt6989 platform_mt6989 plus refuse relocke state verdict [MODULE] device [SEQ_LEN] 2,device,0,1,2
MTK-3117,YouTube TV 4K option missing,YouTube TV tops out at 1080p on ro.product.board although the panel is 1440p. Cobalt logs mention 0xD31A.,check drm info → update firmware → reboot device,"{'text': '4k missing option tv youtube', 'platforms': [], 'codes': [], 'hw_module': 'unknown', 'tech_keywords': []}","{'text': 'check device drm firmware info proc_reboot reboot update', 'procedures': ['proc_reboot'], 'sequence_length': 2}","{'text': '1080p 1440p cobalt code_0xd31a log mention module_ro.product.board panel platform_ro.product.board top youtube', 'platforms': ['ro.product.board'], 'codes': ['0xd31a'], 'hw_module': 'ro.product.board', 'tech_keywords': [], 'token_count': 11}",[TITLE] 4k missing option tv youtube [STEPS] check device drm firmware info proc_reboot reboot update [DESC] 1080p 1440p cobalt code_0xd31a log mention module_ro.product.board panel platform_ro.product.board top youtube [SEQ_LEN] 2,unknown,0,1,2
MTK-3118,Licenses wiped every single week,All streaming licenses vanish weekly on ro.board.platform and everything must redownload. License server replies ERR_DRM_3322.,reprovision keys → run logcat → flash firmware,"{'text': 'every licenses single week wiped', 'platforms': [], 'codes': [], 'hw_module': 'unknown', 'tech_keywords': []}","{'text': 'firmware flash keys logcat proc_run logcat reprovision run', 'procedures': ['proc_run logcat'], 'sequence_length': 2}","{'text': 'code_err_drm_3322 err_drm_3322 license module_ro.board.platform platform_ro.board.platform redownload reply server stream vanish weekly', 'platforms': ['ro.board.platform'], 'codes': ['err_drm_3322'], 'hw_module': 'ro.board.platform', 'tech_keywords': [], 'token_count': 11}",[TITLE] every licenses single week wiped [STEPS] firmware flash keys logcat proc_run logcat reprovision run [DESC] code_err_drm_3322 err_drm_3322 license module_ro.board.platform platform_ro.board.platform redownload reply server stream vanish weekly [SEQ_LEN] 2,unknown,0,1,2
MTK-3119,HBO Max buffers only in HDR,"HBO Max stalls exclusively on HDR titles on Dimensity 8300, SDR plays fine. Playback session logs 0xD325.",clear app data → check drm info → reboot device,"{'text': 'buffers hbo hdr in max only', 'platforms': [], 'codes': [], 'hw_module': 'unknown', 'tech_keywords': []}","{'text': 'app check clear data device drm info proc_reboot reboot', 'procedures': ['proc_reboot'], 'sequence_length': 2}","{'text': '0xd325 8300 code_0xd325 dimensity exclusively fine hbo hdr log max play playback sdr session stall title', 'platforms': [], 'codes': ['0xd325'], 'hw_module': 'unknown', 'tech_keywords': [], 'token_count': 16}",[TITLE] buffers hbo hdr in max only [STEPS] app check clear data device drm info proc_reboot reboot [DESC] 0xd325 8300 code_0xd325 dimensity exclusively fine hbo hdr log max play playback sdr session stall title [SEQ_LEN] 2,unknown,0,1,2
MTK-3120,Camera crashes the moment it opens,"Every camera app dies on launch on MT6896, tombstone blames the hal. Dmesg shows avc denied for scontext=u:r:hal_camera.",pull dmesg → audit2allow → reflash boot,"{'text': 'camera crashes it moment opens the', 'platforms': [], 'codes': [], 'hw_module': 'unknown', 'tech_keywords': []}","{'text': 'audit2allow boot dmesg pull reflash', 'procedures': [], 'sequence_length': 2}","{'text': 'app avc blame camera deny die dmesg hal hal_camera launch mt6896 platform_mt6896 scontext show tombstone', 'platforms': ['mt6896'], 'codes': [], 'hw_module': 'unknown', 'tech_keywords': [], 'token_count': 15}",[TITLE] camera crashes it moment opens the [STEPS] audit2allow boot dmesg pull reflash [DESC] app avc blame camera deny die dmesg hal hal_camera launch mt6896 platform_mt6896 scontext show tombstone [SEQ_LEN] 2,unknown,0,0,2
MTK-3121,Fingerprint enrollment denied,"Adding a fingerprint fails at 30 percent on ro.mediatek.platform, the tee refuses the template. Audit log shows avc denied on fp_data.",pull dmesg → reflash boot → re-enroll finger,"{'text': 'denied enrollment fingerprint', 'platforms': [], 'codes': [], 'hw_module': 'unknown', 'tech_keywords': []}","{'text': 'boot dmesg finger pull re-enroll reflash', 'procedures': [], 'sequence_length': 3}","{'text': 'add audit avc deny fail fingerprint fp_data log percent platform_ro.mediatek.platform refuse show tee template', 'platforms': ['ro.mediatek.platform'], 'codes': [], 'hw_module': 'unknown', 'tech_keywords': [], 'token_count': 14}",[TITLE] denied enrollment fingerprint [STEPS] boot dmesg finger pull re-enroll reflash [DESC] add audit avc deny fail fingerprint fp_data log percent platform_ro.mediatek.platform refuse show tee template [SEQ_LEN] 3,unknown,0,0,3
MTK-3122,Sensors stop after security patch,All sensors freeze ten minutes after boot on k689v1_64 running ALPS.K2.MP1.V1.3. Sensorservice is blocked by an avc denied rule.,pull dmesg → audit2allow → reboot device,"{'text': 'after patch security sensors stop', 'platforms': [], 'codes': [], 'hw_module': 'unknown', 'tech_keywords': []}","{'text': 'audit2allow device dmesg proc_reboot pull reboot', 'procedures': ['proc_reboot'], 'sequence_length': 2}","{'text': 'avc block boot deny freeze k689v1_64 minute rule run sensor sensorservice', 'platforms': [], 'codes': [], 'hw_module': 'unknown', 'tech_keywords': [], 'token_count': 11}",[TITLE] after patch security sensors stop [STEPS] audit2allow device dmesg proc_reboot pull reboot [DESC] avc block boot deny freeze k689v1_64 minute rule run sensor sensorservice [SEQ_LEN] 2,unknown,0,1,2
MTK-3123,NFC payment denied at terminal,"Tap to pay fails at every terminal on ro.product.board, the secure element never answers. Nfc stack logs avc denied twice.",pull dmesg → update firmware → run logcat,"{'text': 'at denied nfc payment terminal', 'platforms': [], 'codes': [], 'hw_module': 'unknown', 'tech_keywords': []}","{'text': 'dmesg firmware logcat proc_run logcat pull run update', 'procedures': ['proc_run logcat'], 'sequence_length': 2}","{'text': 'answer avc deny element fail log module_ro.product.board nfc pay platform_ro.product.board secure stack tap terminal twice', 'platforms': ['ro.product.board'], 'codes': [], 'hw_module': 'ro.product.board', 'tech_keywords': [], 'token_count': 15}",[TITLE] at denied nfc payment terminal [STEPS] dmesg firmware logcat proc_run logcat pull run update [DESC] answer avc deny element fail log module_ro.product.board nfc pay platform_ro.product.board secure stack tap terminal twice [SEQ_LEN] 2,unknown,0,1,2
MTK-3124,Mic blocked in third-party apps,"WhatsApp calls are silent while the dialer works on Dimensity 9300, permission is granted. Audio hal hits avc denied.",check permissions → pull dmesg → reboot device,"{'text': 'apps blocked in mic', 'platforms': [], 'codes': [], 'hw_module': 'unknown', 'tech_keywords': []}","{'text': 'check device dmesg permissions proc_reboot pull reboot', 'procedures': ['proc_reboot'], 'sequence_length': 2}","{'text': '9300 audio avc call deny dialer dimensity grant hal hit permission silent whatsapp work', 'platforms': [], 'codes': [], 'hw_module': 'unknown', 'tech_keywords': [], 'token_count': 14}",[TITLE] apps blocked in mic [STEPS] check device dmesg permissions proc_reboot pull reboot [DESC] 9300 audio avc call deny dialer dimensity grant hal hit permission silent whatsapp work [SEQ_LEN] 2,unknown,0,1,2
MTK-3125,GPS daemon killed on boot,"The gnss daemon dies seconds after boot on MT6989, location never starts. Init reports avc denied executing gnss_exec.",pull dmesg → reflash boot → open sky test,"{'text': 'boot daemon gps killed on', 'platforms': [], 'codes': [], 'hw_module': 'unknown', 'tech_keywords': []}","{'text': 'boot dmesg open pull reflash sky test', 'procedures': [], 'sequence_length': 2}","{'text': 'avc boot daemon deny die execute gnss gnss_exec init location mt6989 platform_mt6989 report second start', 'platforms': ['mt6989'], 'codes': [], 'hw_module': 'unknown', 'tech_keywords': [], 'token_count': 15}",[TITLE] boot daemon gps killed on [STEPS] boot dmesg open pull reflash sky test [DESC] avc boot daemon deny die execute gnss gnss_exec init location mt6989 platform_mt6989 report second start [SEQ_LEN] 2,unknown,0,0,2
MTK-3126,Bluetooth share force closes,Sending any file over Bluetooth crashes sharing on ro.board.platform. Bluetooth service is stopped by avc denied.,clear bluetooth storage → pull dmesg → reboot device,"{'text': 'bluetooth closes force share', 'platforms': [], 'codes': [], 'hw_module': 'unknown', 'tech_keywords': []}","{'text': 'bluetooth clear device dmesg proc_reboot pull reboot storage', 'procedures': ['proc_reboot'], 'sequence_length': 2}","{'text': 'avc bluetooth crash deny file module_ro.board.platform platform_ro.board.platform send service sharing stop', 'platforms': ['ro.board.platform'], 'codes': [], 'hw_module': 'ro.board.platform', 'tech_keywords': [], 'token_count': 11}",[TITLE] bluetooth closes force share [STEPS] bluetooth clear device dmesg proc_reboot pull reboot storage [DESC] avc bluetooth crash deny file module_ro.board.platform platform_ro.board.platform send service sharing stop [SEQ_LEN] 2,unknown,0,1,2
MTK-3127,Vibrator silent after policy update,Haptics died right after the policy-only OTA on ro.vendor.mediatek. Vibrator service logs avc denied on access.,run vibrator test → pull dmesg → reflash boot,"{'text': 'after policy silent update vibrator', 'platforms': [], 'codes': [], 'hw_module': 'unknown', 'tech_keywords': []}","{'text': 'boot dmesg pull reflash run test vibrator', 'procedures': [], 'sequence_length': 2}","{'text': 'access avc deny die haptic log ota platform_ro.vendor.mediatek policy right service vibrator', 'platforms': ['ro.vendor.mediatek'], 'codes': [], 'hw_module': 'unknown', 'tech_keywords': [], 'token_count': 12}",[TITLE] after policy silent update vibrator [STEPS] boot dmesg pull reflash run test vibrator [DESC] access avc deny die haptic log ota platform_ro.vendor.mediatek policy right service vibrator [SEQ_LEN] 2,unknown,0,0,2
MTK-3128,Charging daemon restarts in loop,The charger daemon restarts every minute on MT6878 and the led blinks. Health hal is denied with avc denied.,pull dmesg → flash firmware → run logcat,"{'text': 'charging daemon in loop restarts', 'platforms': [], 'codes': [], 'hw_module': 'unknown', 'tech_keywords': []}","{'text': 'dmesg firmware flash logcat proc_run logcat pull run', 'procedures': ['proc_run logcat'], 'sequence_length': 2}","{'text': 'avc blink charger daemon deny hal health lead minute mt6878 platform_mt6878 restart', 'platforms': ['mt6878'], 'codes': [], 'hw_module': 'unknown', 'tech_keywords': [], 'token_count': 12}",[TITLE] charging daemon in loop restarts [STEPS] dmesg firmware flash logcat proc_run logcat pull run [DESC] avc blink charger daemon deny hal health lead minute mt6878 platform_mt6878 restart [SEQ_LEN] 2,unknown,0,1,2
MTK-3129,Logcat itself gets permission denied,Even logcat prints permission denied on this user build of ro.mediatek.platform. Adbd is confined by avc denied.,enable developer mode → pull dmesg → reboot device,"{'text': 'denied gets itself logcat permission tech_logcat', 'platforms': [], 'codes': [], 'hw_module': 'unknown', 'tech_keywords': ['tech_logcat']}","{'text': 'developer device dmesg enable mode proc_reboot pull reboot', 'procedures': ['proc_reboot'], 'sequence_length': 2}","{'text': 'adbd avc build confine deny logcat permission platform_ro.mediatek.platform print tech_logcat user', 'platforms': ['ro.mediatek.platform'], 'codes': [], 'hw_module': 'unknown', 'tech_keywords': ['tech_logcat'], 'token_count': 11}",[TITLE] denied gets itself logcat permission tech_logcat [STEPS] developer device dmesg enable mode proc_reboot pull reboot [DESC] adbd avc build confine deny logcat permission platform_ro.mediatek.platform print tech_logcat user [SEQ_LEN] 2,unknown,0,1,2
MTK-3130,Phone reboots opening the camera,"Opening the camera reboots the whole phone on MT6896, no warning at all. Last_kmsg ends in KE_camera_isp with an AEE_DB entry.",pull last_kmsg → flash firmware → run logcat,"{'text': 'camera opening phone reboots tech_phone the', 'platforms': [], 'codes': [], 'hw_module': 'unknown', 'tech_keywords': ['tech_phone']}","{'text': 'firmware flash last_kmsg logcat proc_run logcat pull run', 'procedures': ['proc_run logcat'], 'sequence_length': 2}","{'text': 'aee_db camera code_ke_camera_isp end entry ke_camera_isp last_kmsg mt6896 open phone platform_mt6896 reboot tech_phone warning', 'platforms': ['mt6896'], 'codes': ['ke_camera_isp'], 'hw_module': 'unknown', 'tech_keywords': ['tech_phone'], 'token_count': 14}",[TITLE] camera opening phone reboots tech_phone the [STEPS] firmware flash last_kmsg logcat proc_run logcat pull run [DESC] aee_db camera code_ke_camera_isp end entry ke_camera_isp last_kmsg mt6896 open phone platform_mt6896 reboot tech_phone warning [SEQ_LEN] 2,unknown,0,1,2
MTK-3131,Reboot loop after second SIM inserted,"Inserting a second SIM bootloops the phone on Dimensity 8300, it never reaches setup. Modem dies with KE_modem_md1 and 0xC0050011.",remove sim2 → pull last_kmsg → flash firmware,"{'text': 'after inserted loop reboot second sim', 'platforms': [], 'codes': [], 'hw_module': 'unknown', 'tech_keywords': []}","{'text': 'firmware flash last_kmsg pull remove sim2', 'procedures': [], 'sequence_length': 2}","{'text': '0xc0050011 8300 bootloop code_0xc0050011 code_ke_modem_md1 die dimensity insert ke_modem_md1 modem phone reach second setup sim tech_phone', 'platforms': [], 'codes': ['ke_modem_md1', '0xc0050011'], 'hw_module': 'unknown', 'tech_keywords': ['tech_phone'], 'token_count': 16}",[TITLE] after inserted loop reboot second sim [STEPS] firmware flash last_kmsg pull remove sim2 [DESC] 0xc0050011 8300 bootloop code_0xc0050011 code_ke_modem_md1 die dimensity insert ke_modem_md1 modem phone reach second setup sim tech_phone [SEQ_LEN] 2,unknown,0,0,2
MTK-3132,Dies when the screen turns off,Locking the screen reboots the phone half the time on k689v1_64. Suspend path panics in KE_display_esd.,pull last_kmsg → update firmware → run logcat,"{'text': 'dies error_turn off screen the turns when', 'platforms': [], 'codes': [], 'hw_module': 'unknown', 'tech_keywords': ['error_turn']}","{'text': 'firmware last_kmsg logcat proc_run logcat pull run update', 'procedures': ['proc_run logcat'], 'sequence_length': 2}","{'text': 'code_ke_display_esd half k689v1_64 ke_display_esd lock panic path phone reboot screen suspend tech_phone time', 'platforms': [], 'codes': ['ke_display_esd'], 'hw_module': 'unknown', 'tech_keywords': ['tech_phone'], 'token_count': 13}",[TITLE] dies error_turn off screen the turns when [STEPS] firmware last_kmsg logcat proc_run logcat pull run update [DESC] code_ke_display_esd half k689v1_64 ke_display_esd lock panic path phone reboot screen suspend tech_phone time [SEQ_LEN] 2,unknown,0,1,2
MTK-3133,Reboot during 5G speedtest,Two minutes into a speedtest the phone reboots on MT6989 and comes back on 4G. Thermal zone trips KE_npu_thermal.,cool device → pull last_kmsg → flash firmware,"{'text': '5g during reboot speedtest', 'platforms': [], 'codes': [], 'hw_module': 'unknown', 'tech_keywords': []}","{'text': 'cool device firmware flash last_kmsg pull', 'procedures': [], 'sequence_length': 2}","{'text': 'code_ke_npu_thermal come ke_npu_thermal minute mt6989 phone platform_mt6989 reboot speedtest tech_phone thermal trip zone', 'platforms': ['mt6989'], 'codes': ['ke_npu_thermal'], 'hw_module': 'unknown', 'tech_keywords': ['tech_phone'], 'token_count': 13}",[TITLE] 5g during reboot speedtest [STEPS] cool device firmware flash last_kmsg pull [DESC] code_ke_npu_thermal come ke_npu_thermal minute mt6989 phone platform_mt6989 reboot speedtest tech_phone thermal trip zone [SEQ_LEN] 2,unknown,0,0,2
MTK-3134,Reboot while charging overnight,"Found the phone rebooted every morning on ro.product.board, always around 4am. Charger driver logged KE_pd_phy first.",try 65w charger → pull last_kmsg → flash firmware,"{'text': 'charging overnight reboot while', 'platforms': [], 'codes': [], 'hw_module': 'unknown', 'tech_keywords': []}","{'text': '65w charger firmware flash last_kmsg pull try', 'procedures': [], 'sequence_length': 2}","{'text': 'charger code_ke_pd_phy driver find ke_pd_phy log module_ro.product.board morning phone platform_ro.product.board reboot tech_phone', 'platforms': ['ro.product.board'], 'codes': ['ke_pd_phy'], 'hw_module': 'ro.product.board', 'tech_keywords': ['tech_phone'], 'token_count': 12}",[TITLE] charging overnight reboot while [STEPS] 65w charger firmware flash last_kmsg pull try [DESC] charger code_ke_pd_phy driver find ke_pd_phy log module_ro.product.board morning phone platform_ro.product.board reboot tech_phone [SEQ_LEN] 2,unknown,0,0,2
MTK-3135,Panic on incoming VoLTE call,"Answering a VoLTE call reboots the phone on ro.vendor.mediatek, normal calls are fine. Rtp path hits KE_ims_rtp.",toggle volte → pull last_kmsg → flash firmware,"{'text': 'call incoming on panic volte', 'platforms': [], 'codes': [], 'hw_module': 'unknown', 'tech_keywords': []}","{'text': 'firmware flash last_kmsg pull toggle volte', 'procedures': [], 'sequence_length': 2}","{'text': 'answer call code_ke_ims_rtp fine hit ke_ims_rtp normal path phone platform_ro.vendor.mediatek reboot rtp tech_phone volte', 'platforms': ['ro.vendor.mediatek'], 'codes': ['ke_ims_rtp'], 'hw_module': 'unknown', 'tech_keywords': ['tech_phone'], 'token_count': 14}",[TITLE] call incoming on panic volte [STEPS] firmware flash last_kmsg pull toggle volte [DESC] answer call code_ke_ims_rtp fine hit ke_ims_rtp normal path phone platform_ro.vendor.mediatek reboot rtp tech_phone volte [SEQ_LEN] 2,unknown,0,0,2
MTK-3136,Crash taking night-mode photo,Night mode crashes the camera daemon on Dimensity 9300 and takes the system down. Queue overflow logged as KEISP_que with AEE_DB and 0xC0050021.,pull last_kmsg → update camera fw → run logcat,"{'text': 'crash photo taking', 'platforms': [], 'codes': [], 'hw_module': 'unknown', 'tech_keywords': []}","{'text': 'camera fw last_kmsg logcat proc_run logcat pull run update', 'procedures': ['proc_run logcat'], 'sequence_length': 2}","{'text': '0xc0050021 9300 aee_db camera code_0xc0050021 crash daemon dimensity keisp_que log mode night overflow queue system take', 'platforms': [], 'codes': ['0xc0050021'], 'hw_module': 'unknown', 'tech_keywords': [], 'token_count': 16}",[TITLE] crash photo taking [STEPS] camera fw last_kmsg logcat proc_run logcat pull run update [DESC] 0xc0050021 9300 aee_db camera code_0xc0050021 crash daemon dimensity keisp_que log mode night overflow queue system take [SEQ_LEN] 2,unknown,0,1,2
MTK-3137,Reboot plugging in USB-C dock,"Docking the phone reboots it on MT6878, the monitor never gets a signal. Type-C controller raised KE_usb_pd.",inspect port → pull last_kmsg → flash firmware,"{'text': 'dock in plugging reboot', 'platforms': [], 'codes': [], 'hw_module': 'unknown', 'tech_keywords': []}","{'text': 'firmware flash inspect last_kmsg port pull', 'procedures': [], 'sequence_length': 2}","{'text': 'code_ke_usb_pd controller dock get ke_usb_pd monitor mt6878 phone platform_mt6878 raise reboot signal tech_phone type', 'platforms': ['mt6878'], 'codes': ['ke_usb_pd'], 'hw_module': 'unknown', 'tech_keywords': ['tech_phone'], 'token_count': 14}",[TITLE] dock in plugging reboot [STEPS] firmware flash inspect last_kmsg port pull [DESC] code_ke_usb_pd controller dock get ke_usb_pd monitor mt6878 phone platform_mt6878 raise reboot signal tech_phone type [SEQ_LEN] 2,unknown,0,0,2
MTK-3138,Dies rotating the phone fast,"Shaking or spinning the phone reboots it on ro.board.platform, gentle use is fine. Sensor hub firmware threw KE_sensor_hub.",run sensor test → pull last_kmsg → flash firmware,"{'text': 'dies fast phone rotating tech_phone the', 'platforms': [], 'codes': [], 'hw_module': 'unknown', 'tech_keywords': ['tech_phone']}","{'text': 'firmware flash last_kmsg pull run sensor test', 'procedures': [], 'sequence_length': 2}","{'text': 'code_ke_sensor_hub fine firmware gentle hub ke_sensor_hub module_ro.board.platform phone platform_ro.board.platform reboot sensor shake spin tech_phone throw use', 'platforms': ['ro.board.platform'], 'codes': ['ke_sensor_hub'], 'hw_module': 'ro.board.platform', 'tech_keywords': ['tech_phone'], 'token_count': 16}",[TITLE] dies fast phone rotating tech_phone the [STEPS] firmware flash last_kmsg pull run sensor test [DESC] code_ke_sensor_hub fine firmware gentle hub ke_sensor_hub module_ro.board.platform phone platform_ro.board.platform reboot sensor shake spin tech_phone throw use [SEQ_LEN] 2,unknown,0,0,2
MTK-3139,Panic exactly every 24 hours,"The phone reboots once a day at the same hour on ALPS.K2.MP1.V1.3, uptime never passes 24h. Watchdog bark logged as KE_wdt_bark.",check watchdog log → pull last_kmsg → flash firmware,"{'text': '24 every exactly hours panic', 'platforms': [], 'codes': [], 'hw_module': 'unknown', 'tech_keywords': []}","{'text': 'check firmware flash last_kmsg log pull watchdog', 'procedures': [], 'sequence_length': 2}","{'text': '24h bark code_ke_wdt_bark day hour ke_wdt_bark log pass phone reboot tech_phone uptime watchdog', 'platforms': [], 'codes': ['ke_wdt_bark'], 'hw_module': 'unknown', 'tech_keywords': ['tech_phone'], 'token_count': 13}",[TITLE] 24 every exactly hours panic [STEPS] check firmware flash last_kmsg log pull watchdog [DESC] 24h bark code_ke_wdt_bark day hour ke_wdt_bark log pass phone reboot tech_phone uptime watchdog [SEQ_LEN] 2,unknown,0,0,2
MTK-3140,Freezes then reboots after 30 seconds,"The screen freezes solid then the phone resets on MT6896, every single time. AuWDT fired with wdt_timeout in the logs.",check watchdog log → reboot device → flash firmware,"{'text': '30 after freezes reboots seconds then', 'platforms': [], 'codes': [], 'hw_module': 'unknown', 'tech_keywords': []}","{'text': 'check device firmware flash log proc_reboot reboot watchdog', 'procedures': ['proc_reboot'], 'sequence_length': 2}","{'text': 'auwdt fire freeze log mt6896 phone platform_mt6896 reset screen single solid tech_phone time wdt_timeout', 'platforms': ['mt6896'], 'codes': [], 'hw_module': 'unknown', 'tech_keywords': ['tech_phone'], 'token_count': 14}",[TITLE] 30 after freezes reboots seconds then [STEPS] check device firmware flash log proc_reboot reboot watchdog [DESC] auwdt fire freeze log mt6896 phone platform_mt6896 reset screen single solid tech_phone time wdt_timeout [SEQ_LEN] 2,unknown,0,1,2
MTK-3141,Watchdog reset during long gaming,"An hour of gaming ends in a sudden reboot on Dimensity 9300, the phone is warm but not hot. Smp stall logged with 0x9041.",cool device → check watchdog log → reboot device,"{'text': 'during gaming long reset watchdog', 'platforms': [], 'codes': [], 'hw_module': 'unknown', 'tech_keywords': []}","{'text': 'check cool device log proc_reboot reboot watchdog', 'procedures': ['proc_reboot'], 'sequence_length': 2}","{'text': '0x9041 9300 code_0x9041 dimensity end gaming hot hour log phone reboot smp stall sudden tech_phone warm', 'platforms': [], 'codes': ['0x9041'], 'hw_module': 'unknown', 'tech_keywords': ['tech_phone'], 'token_count': 16}",[TITLE] during gaming long reset watchdog [STEPS] check cool device log proc_reboot reboot watchdog [DESC] 0x9041 9300 code_0x9041 dimensity end gaming hot hour log phone reboot smp stall sudden tech_phone warm [SEQ_LEN] 2,unknown,0,1,2
MTK-3142,Mobile data resets itself daily,Data drops and returns once a day on ro.mediatek.platform with a silent modem restart. Modem watchdog md_wdt barked.,toggle airplane → check watchdog log → flash firmware,"{'text': 'daily data itself mobile resets', 'platforms': [], 'codes': [], 'hw_module': 'unknown', 'tech_keywords': []}","{'text': 'airplane check firmware flash log toggle watchdog', 'procedures': [], 'sequence_length': 2}","{'text': 'bark datum day drop error_turn md_wdt modem platform_ro.mediatek.platform restart return silent watchdog', 'platforms': ['ro.mediatek.platform'], 'codes': [], 'hw_module': 'unknown', 'tech_keywords': ['error_turn'], 'token_count': 12}",[TITLE] daily data itself mobile resets [STEPS] airplane check firmware flash log toggle watchdog [DESC] bark datum day drop error_turn md_wdt modem platform_ro.mediatek.platform restart return silent watchdog [SEQ_LEN] 2,unknown,0,0,2
MTK-3143,Maps navigation hangs the GPU,Ten minutes of navigation freezes the map on MT6989 then reboots. Gpu hang confirmed by 0x9044 before the reset.,clear cache → check watchdog log → reboot device,"{'text': 'gpu hangs maps navigation the', 'platforms': [], 'codes': [], 'hw_module': 'unknown', 'tech_keywords': []}","{'text': 'cache check clear device log proc_reboot reboot watchdog', 'procedures': ['proc_reboot'], 'sequence_length': 2}","{'text': '0x9044 code_0x9044 confirm freeze gpu hang map minute mt6989 navigation platform_mt6989 reboot reset', 'platforms': ['mt6989'], 'codes': ['0x9044'], 'hw_module': 'unknown', 'tech_keywords': [], 'token_count': 13}",[TITLE] gpu hangs maps navigation the [STEPS] cache check clear device log proc_reboot reboot watchdog [DESC] 0x9044 code_0x9044 confirm freeze gpu hang map minute mt6989 navigation platform_mt6989 reboot reset [SEQ_LEN] 2,unknown,0,1,2
MTK-3144,Sleep of death needs hard reset,"Overnight the phone will not wake on k689v1_64, only power+vol-up revives it. Spm watchdog spm_wdt never released suspend.",hold power 10s → check watchdog log → flash firmware,"{'text': 'death hard needs of reset sleep', 'platforms': [], 'codes': [], 'hw_module': 'unknown', 'tech_keywords': []}","{'text': '10s check firmware flash hold log power watchdog', 'procedures': [], 'sequence_length': 2}","{'text': 'k689v1_64 overnight phone release revive spm spm_wdt suspend tech_phone wake watchdog', 'platforms': [], 'codes': [], 'hw_module': 'unknown', 'tech_keywords': ['tech_phone'], 'token_count': 11}",[TITLE] death hard needs of reset sleep [STEPS] 10s check firmware flash hold log power watchdog [DESC] k689v1_64 overnight phone release revive spm spm_wdt suspend tech_phone wake watchdog [SEQ_LEN] 2,unknown,0,0,2
MTK-3145,Watchdog bark in slow-motion video,Recording 960fps slow-mo reboots the phone on Dimensity 8300 after 20 seconds. Isp stall logged with 0x9047.,update camera fw → check watchdog log → reboot device,"{'text': 'bark in video watchdog', 'platforms': [], 'codes': [], 'hw_module': 'unknown', 'tech_keywords': []}","{'text': 'camera check device fw log proc_reboot reboot update watchdog', 'procedures': ['proc_reboot'], 'sequence_length': 2}","{'text': '0x9047 8300 960fps code_0x9047 dimensity isp log phone reboot record second slow stall tech_phone', 'platforms': [], 'codes': ['0x9047'], 'hw_module': 'unknown', 'tech_keywords': ['tech_phone'], 'token_count': 14}",[TITLE] bark in video watchdog [STEPS] camera check device fw log proc_reboot reboot update watchdog [DESC] 0x9047 8300 960fps code_0x9047 dimensity isp log phone reboot record second slow stall tech_phone [SEQ_LEN] 2,unknown,0,1,2
MTK-3146,Reboots in pocket within an hour,"Carrying the phone in a pocket reboots it on ro.product.board, desk use is fine. Sar plus wdt fired together.",remove case → check watchdog log → calibrate,"{'text': 'an hour in pocket reboots within', 'platforms': [], 'codes': [], 'hw_module': 'unknown', 'tech_keywords': []}","{'text': 'calibrate case check log remove watchdog', 'procedures': [], 'sequence_length': 2}","{'text': 'carry desk fine fire module_ro.product.board phone platform_ro.product.board plus pocket reboot sar tech_phone use wdt', 'platforms': ['ro.product.board'], 'codes': [], 'hw_module': 'ro.product.board', 'tech_keywords': ['tech_phone'], 'token_count': 14}",[TITLE] an hour in pocket reboots within [STEPS] calibrate case check log remove watchdog [DESC] carry desk fine fire module_ro.product.board phone platform_ro.product.board plus pocket reboot sar tech_phone use wdt [SEQ_LEN] 2,unknown,0,0,2
MTK-3147,Watchdog fires only on 5G,Everything is stable on 4G but 5G reboots hourly on MT6878. Nr watchdog nr_wdt is the only trace.,lock 4g → check watchdog log → flash firmware,"{'text': '5g fires on only watchdog', 'platforms': [], 'codes': [], 'hw_module': 'unknown', 'tech_keywords': []}","{'text': '4g check firmware flash lock log watchdog', 'procedures': [], 'sequence_length': 2}","{'text': 'hourly mt6878 nr_wdt platform_mt6878 reboot stable trace watchdog', 'platforms': ['mt6878'], 'codes': [], 'hw_module': 'unknown', 'tech_keywords': [], 'token_count': 8}",[TITLE] 5g fires on only watchdog [STEPS] 4g check firmware flash lock log watchdog [DESC] hourly mt6878 nr_wdt platform_mt6878 reboot stable trace watchdog [SEQ_LEN] 2,unknown,0,0,2
MTK-3148,Bootloader watchdog after failed OTA,A failed update left the phone resetting in fastboot on ro.board.platform. Bootloader watchdog logged 0x9050.,enter bootloader → sideload ota → reboot device,"{'text': 'after bootloader failed ota watchdog', 'platforms': [], 'codes': [], 'hw_module': 'unknown', 'tech_keywords': []}","{'text': 'bootloader device enter ota proc_reboot reboot sideload', 'procedures': ['proc_reboot'], 'sequence_length': 2}","{'text': '0x9050 bootloader code_0x9050 fail fastboot leave log module_ro.board.platform phone platform_ro.board.platform resetting tech_phone update watchdog', 'platforms': ['ro.board.platform'], 'codes': ['0x9050'], 'hw_module': 'ro.board.platform', 'tech_keywords': ['tech_phone'], 'token_count': 14}",[TITLE] after bootloader failed ota watchdog [STEPS] bootloader device enter ota proc_reboot reboot sideload [DESC] 0x9050 bootloader code_0x9050 fail fastboot leave log module_ro.board.platform phone platform_ro.board.platform resetting tech_phone update watchdog [SEQ_LEN] 2,unknown,0,1,2
MTK-3149,Hourly kicks drain the battery,Battery drops 5 percent an hour idle on ro.vendor.mediatek with the screen off. Watchdog kicks hourly in batterystats.,run batterystats → check watchdog log → flash firmware,"{'text': 'battery drain hourly kicks the', 'platforms': [], 'codes': [], 'hw_module': 'unknown', 'tech_keywords': []}","{'text': 'batterystats check firmware flash log run watchdog', 'procedures': [], 'sequence_length': 2}","{'text': 'battery batterystat drop hour hourly idle kick percent platform_ro.vendor.mediatek screen watchdog', 'platforms': ['ro.vendor.mediatek'], 'codes': [], 'hw_module': 'unknown', 'tech_keywords': [], 'token_count': 11}",[TITLE] battery drain hourly kicks the [STEPS] batterystats check firmware flash log run watchdog [DESC] battery batterystat drop hour hourly idle kick percent platform_ro.vendor.mediatek screen watchdog [SEQ_LEN] 2,unknown,0,0,2
MTK-3150,eSIM download stalls at 80 percent,Adding the carrier QR code stalls at 80 percent on MT6896 and never finishes. Euicc download ends with ERR_ESIM_4407 and 0x2B11.,toggle airplane → reprovision esim → reboot device,"{'text': '80 at download esim percent stalls', 'platforms': [], 'codes': [], 'hw_module': 'unknown', 'tech_keywords': []}","{'text': 'airplane device esim proc_reboot reboot reprovision toggle', 'procedures': ['proc_reboot'], 'sequence_length': 2}","{'text': '0x2b11 add carrier code code_0x2b11 code_err_esim_4407 download end err_esim_4407 euicc finish mt6896 percent platform_mt6896 stall', 'platforms': ['mt6896'], 'codes': ['err_esim_4407', '0x2b11'], 'hw_module': 'unknown', 'tech_keywords': [], 'token_count': 15}",[TITLE] 80 at download esim percent stalls [STEPS] airplane device esim proc_reboot reboot reprovision toggle [DESC] 0x2b11 add carrier code code_0x2b11 code_err_esim_4407 download end err_esim_4407 euicc finish mt6896 percent platform_mt6896 stall [SEQ_LEN] 2,unknown,0,1,2
MTK-3151,Second line drops after reboot,The eSIM line vanishes on every reboot on Dimensity 9300 and must be toggled back. Profile attach fails silently.,reprovision esim → toggle airplane → run logcat,"{'text': 'after drops line reboot second', 'platforms': [], 'codes': [], 'hw_module': 'unknown', 'tech_keywords': []}","{'text': 'airplane esim logcat proc_run logcat reprovision run toggle', 'procedures': ['proc_run logcat'], 'sequence_length': 2}","{'text': '9300 attach dimensity esim fail line profile reboot silently toggle vanishe', 'platforms': [], 'codes': [], 'hw_module': 'unknown', 'tech_keywords': [], 'token_count': 11}",[TITLE] after drops line reboot second [STEPS] airplane esim logcat proc_run logcat reprovision run toggle [DESC] 9300 attach dimensity esim fail line profile reboot silently toggle vanishe [SEQ_LEN] 2,unknown,0,1,2
MTK-3152,QR activation says already in use,The carrier QR errors as already-used on a brand new eSIM on ro.product.board. Euicc reports the eid locked.,contact carrier → reset euicc → reboot device,"{'text': 'activation already in qr says use', 'platforms': [], 'codes': [], 'hw_module': 'unknown', 'tech_keywords': []}","{'text': 'carrier contact device euicc proc_reboot reboot reset', 'procedures': ['proc_reboot'], 'sequence_length': 2}","{'text': 'brand carrier eid error error_error esim euicc lock module_ro.product.board new platform_ro.product.board report', 'platforms': ['ro.product.board'], 'codes': [], 'hw_module': 'ro.product.board', 'tech_keywords': ['error_error'], 'token_count': 12}",[TITLE] activation already in qr says use [STEPS] carrier contact device euicc proc_reboot reboot reset [DESC] brand carrier eid error error_error esim euicc lock module_ro.product.board new platform_ro.product.board report [SEQ_LEN] 2,unknown,0,1,2
MTK-3153,Data dies switching SIMs,Switching data from SIM1 to eSIM kills all data on MT6989 until reboot. Dsda handover logged 0x2B14.,toggle airplane → reboot device → run logcat,"{'text': 'data dies sims switching', 'platforms': [], 'codes': [], 'hw_module': 'unknown', 'tech_keywords': []}","{'text': 'airplane device logcat proc_reboot proc_run logcat reboot run toggle', 'procedures': ['proc_reboot', 'proc_run logcat'], 'sequence_length': 2}","{'text': '0x2b14 code_0x2b14 datum dsda esim handover kill log mt6989 platform_mt6989 reboot sim1 switch', 'platforms': ['mt6989'], 'codes': ['0x2b14'], 'hw_module': 'unknown', 'tech_keywords': [], 'token_count': 13}",[TITLE] data dies sims switching [STEPS] airplane device logcat proc_reboot proc_run logcat reboot run toggle [DESC] 0x2b14 code_0x2b14 datum dsda esim handover kill log mt6989 platform_mt6989 reboot sim1 switch [SEQ_LEN] 2,unknown,0,2,2
MTK-3154,Roaming never attaches on eSIM,"Abroad the eSIM shows bars but no data on k689v1_64, physical SIMs roam fine. Attach rejected with ERR_ESIM_4417.",check apn → toggle airplane → reboot device,"{'text': 'attaches esim never on roaming', 'platforms': [], 'codes': [], 'hw_module': 'unknown', 'tech_keywords': []}","{'text': 'airplane apn check device proc_reboot reboot toggle', 'procedures': ['proc_reboot'], 'sequence_length': 2}","{'text': 'abroad attach bar code_err_esim_4417 datum err_esim_4417 esim fine k689v1_64 physical reject roam show sim', 'platforms': [], 'codes': ['err_esim_4417'], 'hw_module': 'unknown', 'tech_keywords': [], 'token_count': 14}",[TITLE] attaches esim never on roaming [STEPS] airplane apn check device proc_reboot reboot toggle [DESC] abroad attach bar code_err_esim_4417 datum err_esim_4417 esim fine k689v1_64 physical reject roam show sim [SEQ_LEN] 2,unknown,0,1,2
MTK-3155,eSIM vanished after factory reset,The eSIM profile is gone after a reset on ro.board.platform although erase-esim was off. No profile listed at all.,restore backup → reprovision esim → reboot device,"{'text': 'after esim factory reset vanished', 'platforms': [], 'codes': [], 'hw_module': 'unknown', 'tech_keywords': []}","{'text': 'backup device esim proc_reboot reboot reprovision restore', 'procedures': ['proc_reboot'], 'sequence_length': 2}","{'text': 'erase esim go list module_ro.board.platform platform_ro.board.platform profile reset', 'platforms': ['ro.board.platform'], 'codes': [], 'hw_module': 'ro.board.platform', 'tech_keywords': [], 'token_count': 8}",[TITLE] after esim factory reset vanished [STEPS] backup device esim proc_reboot reboot reprovision restore [DESC] erase esim go list module_ro.board.platform platform_ro.board.platform profile reset [SEQ_LEN] 2,unknown,0,1,2
MTK-3156,Calls work but no mobile data,"Voice calls go through yet data is dead on the eSIM on MT6878, apn looks right. Bearer setup returns 0x2B20.",check apn → toggle airplane → run logcat,"{'text': 'but calls data mobile no work', 'platforms': [], 'codes': [], 'hw_module': 'unknown', 'tech_keywords': []}","{'text': 'airplane apn check logcat proc_run logcat run toggle', 'procedures': ['proc_run logcat'], 'sequence_length': 2}","{'text': '0x2b20 apn bearer call code_0x2b20 datum dead error_turn esim look mt6878 platform_mt6878 return right setup voice', 'platforms': ['mt6878'], 'codes': ['0x2b20'], 'hw_module': 'unknown', 'tech_keywords': ['error_turn'], 'token_count': 16}",[TITLE] but calls data mobile no work [STEPS] airplane apn check logcat proc_run logcat run toggle [DESC] 0x2b20 apn bearer call code_0x2b20 datum dead error_turn esim look mt6878 platform_mt6878 return right setup voice [SEQ_LEN] 2,unknown,0,1,2
MTK-3157,Carrier app cannot find the eSIM,The carrier app says no eSIM present on Dimensity 8300 while settings shows it. App query gets ERR_ESIM_4423.,update carrier app → reprovision esim → reboot device,"{'text': 'app cannot carrier esim find the', 'platforms': [], 'codes': [], 'hw_module': 'unknown', 'tech_keywords': []}","{'text': 'app carrier device esim proc_reboot reboot reprovision update', 'procedures': ['proc_reboot'], 'sequence_length': 2}","{'text': '8300 app carrier code_err_esim_4423 dimensity err_esim_4423 esim get present query say setting show', 'platforms': [], 'codes': ['err_esim_4423'], 'hw_module': 'unknown', 'tech_keywords': [], 'token_count': 13}",[TITLE] app cannot carrier esim find the [STEPS] app carrier device esim proc_reboot reboot reprovision update [DESC] 8300 app carrier code_err_esim_4423 dimensity err_esim_4423 esim get present query say setting show [SEQ_LEN] 2,unknown,0,1,2
MTK-3158,Dual SIM standby eats the battery,"Two active SIMs drain 15 percent overnight idle on ro.mediatek.platform, one SIM is fine. Modem never sleeps per batterystats.",disable sim2 → run batterystats → reboot device,"{'text': 'battery dual eats sim standby the', 'platforms': [], 'codes': [], 'hw_module': 'unknown', 'tech_keywords': []}","{'text': 'batterystats device disable proc_reboot reboot run sim2', 'procedures': ['proc_reboot'], 'sequence_length': 2}","{'text': 'active batterystat drain fine idle modem overnight percent platform_ro.mediatek.platform sim sleep', 'platforms': ['ro.mediatek.platform'], 'codes': [], 'hw_module': 'unknown', 'tech_keywords': [], 'token_count': 11}",[TITLE] battery dual eats sim standby the [STEPS] batterystats device disable proc_reboot reboot run sim2 [DESC] active batterystat drain fine idle modem overnight percent platform_ro.mediatek.platform sim sleep [SEQ_LEN] 2,unknown,0,1,2
MTK-3159,Number transfer fails with error 8,Porting the number to eSIM fails at the last step on ro.vendor.mediatek. Activation server replied 0x2B27.,contact carrier → reboot device → run logcat,"{'text': 'error error_error fails number transfer with', 'platforms': [], 'codes': [], 'hw_module': 'unknown', 'tech_keywords': ['error_error']}","{'text': 'carrier contact device logcat proc_reboot proc_run logcat reboot run', 'procedures': ['proc_reboot', 'proc_run logcat'], 'sequence_length': 2}","{'text': '0x2b27 activation code_0x2b27 esim fail number platform_ro.vendor.mediatek port reply server step', 'platforms': ['ro.vendor.mediatek'], 'codes': ['0x2b27'], 'hw_module': 'unknown', 'tech_keywords': [], 'token_count': 11}",[TITLE] error error_error fails number transfer with [STEPS] carrier contact device logcat proc_reboot proc_run logcat reboot run [DESC] 0x2b27 activation code_0x2b27 esim fail number platform_ro.vendor.mediatek port reply server step [SEQ_LEN] 2,unknown,0,2,2
MTK-3160,No vibration on incoming calls,Calls ring silently with zero vibration on MT6896 although haptics test buzzes. Driver drv2624 probe logged ERR_HAPTIC_2205.,run vibrator test → reboot device → run logcat,"{'text': 'calls incoming no on vibration', 'platforms': [], 'codes': [], 'hw_module': 'unknown', 'tech_keywords': []}","{'text': 'device logcat proc_reboot proc_run logcat reboot run test vibrator', 'procedures': ['proc_reboot', 'proc_run logcat'], 'sequence_length': 2}","{'text': 'buzz call code_err_haptic_2205 driver drv2624 err_haptic_2205 haptic log mt6896 platform_mt6896 probe ring silently test vibration zero', 'platforms': ['mt6896'], 'codes': ['err_haptic_2205'], 'hw_module': 'unknown', 'tech_keywords': [], 'token_count': 16}",[TITLE] calls incoming no on vibration [STEPS] device logcat proc_reboot proc_run logcat reboot run test vibrator [DESC] buzz call code_err_haptic_2205 driver drv2624 err_haptic_2205 haptic log mt6896 platform_mt6896 probe ring silently test vibration zero [SEQ_LEN] 2,unknown,0,2,2
MTK-3161,Keyboard haptics feel mushy,Keypress buzz feels weak and late on Dimensity 9300 after the update. Strength reads 0x0A09 instead of the old value.,adjust intensity → run vibrator test → reboot device,"{'text': 'feel haptics keyboard mushy', 'platforms': [], 'codes': [], 'hw_module': 'unknown', 'tech_keywords': []}","{'text': 'adjust device intensity proc_reboot reboot run test vibrator', 'procedures': ['proc_reboot'], 'sequence_length': 2}","{'text': '0x0a09 9300 buzz code_0x0a09 dimensity feel instead keypress late old read strength update value weak', 'platforms': [], 'codes': ['0x0a09'], 'hw_module': 'unknown', 'tech_keywords': [], 'token_count': 15}",[TITLE] feel haptics keyboard mushy [STEPS] adjust device intensity proc_reboot reboot run test vibrator [DESC] 0x0a09 9300 buzz code_0x0a09 dimensity feel instead keypress late old read strength update value weak [SEQ_LEN] 2,unknown,0,1,2
MTK-3162,Haptics stop after ten minutes,Vibration dies ten minutes into use on MT6989 and returns after reboot. Driver overheats per ERR_HAPTIC_2211.,cool device → run vibrator test → reboot device,"{'text': 'after haptics minutes stop ten', 'platforms': [], 'codes': [], 'hw_module': 'unknown', 'tech_keywords': []}","{'text': 'cool device proc_reboot reboot run test vibrator', 'procedures': ['proc_reboot'], 'sequence_length': 2}","{'text': 'code_err_haptic_2211 die driver err_haptic_2211 error_turn minute mt6989 overheat platform_mt6989 reboot return use vibration', 'platforms': ['mt6989'], 'codes': ['err_haptic_2211'], 'hw_module': 'unknown', 'tech_keywords': ['error_turn'], 'token_count': 13}",[TITLE] after haptics minutes stop ten [STEPS] cool device proc_reboot reboot run test vibrator [DESC] code_err_haptic_2211 die driver err_haptic_2211 error_turn minute mt6989 overheat platform_mt6989 reboot return use vibration [SEQ_LEN] 2,unknown,0,1,2
MTK-3163,Alarm vibrates but calls don't,The alarm shakes the phone yet incoming calls do not on ro.product.board. Call path mute is stuck on.,check dnd → run vibrator test → reboot device,"{'text': 'alarm but calls don vibrates', 'platforms': [], 'codes': [], 'hw_module': 'unknown', 'tech_keywords': []}","{'text': 'check device dnd proc_reboot reboot run test vibrator', 'procedures': ['proc_reboot'], 'sequence_length': 2}","{'text': 'alarm call incoming module_ro.product.board mute path phone platform_ro.product.board shake stick tech_phone', 'platforms': ['ro.product.board'], 'codes': [], 'hw_module': 'ro.product.board', 'tech_keywords': ['tech_phone'], 'token_count': 11}",[TITLE] alarm but calls don vibrates [STEPS] check device dnd proc_reboot reboot run test vibrator [DESC] alarm call incoming module_ro.product.board mute path phone platform_ro.product.board shake stick tech_phone [SEQ_LEN] 2,unknown,0,1,2
MTK-3164,Gaming trigger stuck buzzing,A racing game leaves the motor buzzing after exit on k689v1_64 until force stop. Stuck effect id 0x0A15.,force stop game → run vibrator test → reboot device,"{'text': 'buzzing gaming stuck trigger', 'platforms': [], 'codes': [], 'hw_module': 'unknown', 'tech_keywords': []}","{'text': 'device force game proc_reboot reboot run stop test vibrator', 'procedures': ['proc_reboot'], 'sequence_length': 2}","{'text': '0x0a15 buzzing code_0x0a15 effect exit force game k689v1_64 leave motor racing stop stuck', 'platforms': [], 'codes': ['0x0a15'], 'hw_module': 'unknown', 'tech_keywords': [], 'token_count': 13}",[TITLE] buzzing gaming stuck trigger [STEPS] device force game proc_reboot reboot run stop test vibrator [DESC] 0x0a15 buzzing code_0x0a15 effect exit force game k689v1_64 leave motor racing stop stuck [SEQ_LEN] 2,unknown,0,1,2
MTK-3165,Vibration rattles the camera,Strong buzz makes an audible rattle near the camera on Dimensity 8300. Loose motor mount suspected with ERR_HAPTIC_2218.,tap test → run vibrator test → flash firmware,"{'text': 'camera rattles the vibration', 'platforms': [], 'codes': [], 'hw_module': 'unknown', 'tech_keywords': []}","{'text': 'firmware flash run tap test vibrator', 'procedures': [], 'sequence_length': 2}","{'text': '8300 audible buzz camera code_err_haptic_2218 dimensity err_haptic_2218 loose make motor mount near rattle strong suspect', 'platforms': [], 'codes': ['err_haptic_2218'], 'hw_module': 'unknown', 'tech_keywords': [], 'token_count': 15}",[TITLE] camera rattles the vibration [STEPS] firmware flash run tap test vibrator [DESC] 8300 audible buzz camera code_err_haptic_2218 dimensity err_haptic_2218 loose make motor mount near rattle strong suspect [SEQ_LEN] 2,unknown,0,0,2
MTK-3166,Haptic feedback delayed half a second,"Every tap buzzes noticeably late on MT6878, typing feels disconnected. Latency measured 0x0A1C ms-scale.",enable developer mode → run vibrator test → run logcat,"{'text': 'delayed feedback half haptic second', 'platforms': [], 'codes': [], 'hw_module': 'unknown', 'tech_keywords': []}","{'text': 'developer enable logcat mode proc_run logcat run test vibrator', 'procedures': ['proc_run logcat'], 'sequence_length': 2}","{'text': '0x0a1c buzz code_0x0a1c disconnect feel late latency measure mt6878 noticeably platform_mt6878 scale tap tech_connect typing', 'platforms': ['mt6878'], 'codes': ['0x0a1c'], 'hw_module': 'unknown', 'tech_keywords': ['tech_connect'], 'token_count': 15}",[TITLE] delayed feedback half haptic second [STEPS] developer enable logcat mode proc_run logcat run test vibrator [DESC] 0x0a1c buzz code_0x0a1c disconnect feel late latency measure mt6878 noticeably platform_mt6878 scale tap tech_connect typing [SEQ_LEN] 2,unknown,0,1,2
MTK-3167,Only left side buzzes in landscape,Landscape gaming buzzes on one side only on ro.board.platform. Effect routing table looks wrong.,run vibrator test → update firmware → reboot device,"{'text': 'buzzes in landscape left only side', 'platforms': [], 'codes': [], 'hw_module': 'unknown', 'tech_keywords': []}","{'text': 'device firmware proc_reboot reboot run test update vibrator', 'procedures': ['proc_reboot'], 'sequence_length': 2}","{'text': 'buzz effect gaming landscape look module_ro.board.platform platform_ro.board.platform route table wrong', 'platforms': ['ro.board.platform'], 'codes': [], 'hw_module': 'ro.board.platform', 'tech_keywords': [], 'token_count': 10}",[TITLE] buzzes in landscape left only side [STEPS] device firmware proc_reboot reboot run test update vibrator [DESC] buzz effect gaming landscape look module_ro.board.platform platform_ro.board.platform route table wrong [SEQ_LEN] 2,unknown,0,1,2
MTK-3168,Vibration too weak even at max,Max intensity feels like a whisper on ro.mediatek.platform. Calibration reads ERR_HAPTIC_2225.,set max intensity → run vibrator test → reboot device,"{'text': 'at even max too vibration weak', 'platforms': [], 'codes': [], 'hw_module': 'unknown', 'tech_keywords': []}","{'text': 'device intensity max proc_reboot reboot run set test vibrator', 'procedures': ['proc_reboot'], 'sequence_length': 2}","{'text': 'calibration code_err_haptic_2225 err_haptic_2225 feel intensity like max platform_ro.mediatek.platform read whisper', 'platforms': ['ro.mediatek.platform'], 'codes': ['err_haptic_2225'], 'hw_module': 'unknown', 'tech_keywords': [], 'token_count': 10}",[TITLE] at even max too vibration weak [STEPS] device intensity max proc_reboot reboot run set test vibrator [DESC] calibration code_err_haptic_2225 err_haptic_2225 feel intensity like max platform_ro.mediatek.platform read whisper [SEQ_LEN] 2,unknown,0,1,2
MTK-3169,Phone buzzes nonstop until reboot,The motor latches on full power randomly on MT6896 until a reboot. Latch state 0x0A28 in the driver log.,hold power 10s → run vibrator test → flash firmware,"{'text': 'buzzes nonstop phone reboot tech_phone until', 'platforms': [], 'codes': [], 'hw_module': 'unknown', 'tech_keywords': ['tech_phone']}","{'text': '10s firmware flash hold power run test vibrator', 'procedures': [], 'sequence_length': 2}","{'text': '0x0a28 code_0x0a28 driver latch log motor mt6896 platform_mt6896 power randomly reboot state', 'platforms': ['mt6896'], 'codes': ['0x0a28'], 'hw_module': 'unknown', 'tech_keywords': [], 'token_count': 12}",[TITLE] buzzes nonstop phone reboot tech_phone until [STEPS] 10s firmware flash hold power run test vibrator [DESC] 0x0a28 code_0x0a28 driver latch log motor mt6896 platform_mt6896 power randomly reboot state [SEQ_LEN] 2,unknown,0,0,2
MTK-3170,Flash tool stuck at red bar,"SP Flash Tool freezes on the red bar at 0 percent on k689v1_64, then times out. Tool reports S_FT_DOWNLOAD_FAIL 4008 with 0xC0050003.",install vcom driver → hold vol-down → retry flash,"{'text': 'at bar flash red stuck tool', 'platforms': [], 'codes': [], 'hw_module': 'unknown', 'tech_keywords': []}","{'text': 'driver flash hold install retry vcom vol-down', 'procedures': [], 'sequence_length': 3}","{'text': '0xc0050003 4008 bar code_0xc0050003 code_s_ft_download_fail flash freeze k689v1_64 percent red report s_ft_download_fail time tool', 'platforms': [], 'codes': ['s_ft_download_fail', '0xc0050003'], 'hw_module': 'unknown', 'tech_keywords': [], 'token_count': 14}",[TITLE] at bar flash red stuck tool [STEPS] driver flash hold install retry vcom vol-down [DESC] 0xc0050003 4008 bar code_0xc0050003 code_s_ft_download_fail flash freeze k689v1_64 percent red report s_ft_download_fail time tool [SEQ_LEN] 3,unknown,0,0,3
MTK-3171,DRAM check fails in flash tool,The flash tool fails the memory test on MT6989 before writing anything. Error is S_FT_ENABLE_DRAM_FAIL 4032.,change usb port → hold vol-down → retry flash,"{'text': 'check dram fails flash in tool', 'platforms': [], 'codes': [], 'hw_module': 'unknown', 'tech_keywords': []}","{'text': 'change flash hold port retry usb vol-down', 'procedures': [], 'sequence_length': 3}","{'text': '4032 code_s_ft_enable_dram_fail error error_error fail flash memory mt6989 platform_mt6989 s_ft_enable_dram_fail test tool write', 'platforms': ['mt6989'], 'codes': ['s_ft_enable_dram_fail'], 'hw_module': 'unknown', 'tech_keywords': ['error_error'], 'token_count': 13}",[TITLE] check dram fails flash in tool [STEPS] change flash hold port retry usb vol-down [DESC] 4032 code_s_ft_enable_dram_fail error error_error fail flash memory mt6989 platform_mt6989 s_ft_enable_dram_fail test tool write [SEQ_LEN] 3,unknown,0,0,3
MTK-3172,Scatter file rejected by new tool,The latest tool rejects the scatter file that worked last month on MT6878. Parser throws S_FT_INVALID_ADDR with 0xC0050008.,download matching rom → hold vol-down → retry flash,"{'text': 'by file new rejected scatter tool', 'platforms': [], 'codes': [], 'hw_module': 'unknown', 'tech_keywords': []}","{'text': 'download flash hold matching retry rom vol-down', 'procedures': [], 'sequence_length': 3}","{'text': '0xc0050008 code_0xc0050008 code_s_ft_invalid_addr file late month mt6878 parser platform_mt6878 reject s_ft_invalid_addr scatter throw tool work', 'platforms': ['mt6878'], 'codes': ['s_ft_invalid_addr', '0xc0050008'], 'hw_module': 'unknown', 'tech_keywords': [], 'token_count': 15}",[TITLE] by file new rejected scatter tool [STEPS] download flash hold matching retry rom vol-down [DESC] 0xc0050008 code_0xc0050008 code_s_ft_invalid_addr file late month mt6878 parser platform_mt6878 reject s_ft_invalid_addr scatter throw tool work [SEQ_LEN] 3,unknown,0,0,3
MTK-3173,Preloader flash ends black,"Flashing preloader turned the phone fully dead on Dimensity 8300, no vibration even. Da got no response: S_FT_DA_NO_RESPONSE 4001.",hold all buttons 20s → retry flash → run logcat,"{'text': 'black ends flash preloader', 'platforms': [], 'codes': [], 'hw_module': 'unknown', 'tech_keywords': []}","{'text': '20s all buttons flash hold logcat proc_run logcat retry run', 'procedures': ['proc_run logcat'], 'sequence_length': 2}","{'text': '4001 8300 code_s_ft_da_no_response dead dimensity error_turn flash fully get phone preloader response s_ft_da_no_response tech_phone turn vibration', 'platforms': [], 'codes': ['s_ft_da_no_response'], 'hw_module': 'unknown', 'tech_keywords': ['error_turn', 'tech_phone'], 'token_count': 16}",[TITLE] black ends flash preloader [STEPS] 20s all buttons flash hold logcat proc_run logcat retry run [DESC] 4001 8300 code_s_ft_da_no_response dead dimensity error_turn flash fully get phone preloader response s_ft_da_no_response tech_phone turn vibration [SEQ_LEN] 2,unknown,0,1,2
MTK-3174,Auth file error on secure device,Flashing a secure-boot phone fails auth on MT6896. Tool demands an auth file: S_FT_AUTH_FAIL 0xC0050009.,load auth file → hold vol-down → retry flash,"{'text': 'auth device error error_error file module_device on secure', 'platforms': [], 'codes': [], 'hw_module': 'device', 'tech_keywords': ['error_error']}","{'text': 'auth file flash hold load retry vol-down', 'procedures': [], 'sequence_length': 3}","{'text': '0xc0050009 auth boot code_0xc0050009 code_s_ft_auth_fail demand fail file flash mt6896 phone platform_mt6896 s_ft_auth_fail secure tech_phone tool', 'platforms': ['mt6896'], 'codes': ['s_ft_auth_fail', '0xc0050009'], 'hw_module': 'unknown', 'tech_keywords': ['tech_phone'], 'token_count': 16}",[TITLE] auth device error error_error file module_device on secure [STEPS] auth file flash hold load retry vol-down [DESC] 0xc0050009 auth boot code_0xc0050009 code_s_ft_auth_fail demand fail file flash mt6896 phone platform_mt6896 s_ft_auth_fail secure tech_phone tool [MODULE] device [SEQ_LEN] 3,device,0,0,3
MTK-3175,USB drops mid-flash at 60 percent,The usb device vanishes halfway through flashing on ro.product.board. Port reset logged S_FT_USB_TIMEOUT 0xC0050012.,change usb port → use usb2 hub → retry flash,"{'text': '60 at drops percent usb', 'platforms': [], 'codes': [], 'hw_module': 'unknown', 'tech_keywords': []}","{'text': 'change flash hub port retry usb usb2 use', 'procedures': [], 'sequence_length': 2}","{'text': '0xc0050012 code_0xc0050012 code_s_ft_usb_timeout device flash halfway log module_ro.product.board platform_ro.product.board port reset s_ft_usb_timeout usb vanishe', 'platforms': ['ro.product.board'], 'codes': ['0xc0050012', 's_ft_usb_timeout'], 'hw_module': 'ro.product.board', 'tech_keywords': [], 'token_count': 14}",[TITLE] 60 at drops percent usb [STEPS] change flash hub port retry usb usb2 use [DESC] 0xc0050012 code_0xc0050012 code_s_ft_usb_timeout device flash halfway log module_ro.product.board platform_ro.product.board port reset s_ft_usb_timeout usb vanishe [SEQ_LEN] 2,unknown,0,0,2
MTK-3176,Skipped backup lost the IMEI,The nvram backup step was skipped and now both IMEIs are gone on MT6989. Nvram write gave ERR_NV_1001.,backup nvram → retry flash → restore imei,"{'text': 'backup imei lost skipped the', 'platforms': [], 'codes': [], 'hw_module': 'unknown', 'tech_keywords': []}","{'text': 'backup flash imei nvram restore retry', 'procedures': [], 'sequence_length': 2}","{'text': 'backup code_err_nv_1001 err_nv_1001 give go imei mt6989 nvram platform_mt6989 skip step write', 'platforms': ['mt6989'], 'codes': ['err_nv_1001'], 'hw_module': 'unknown', 'tech_keywords': [], 'token_count': 12}",[TITLE] backup imei lost skipped the [STEPS] backup flash imei nvram restore retry [DESC] backup code_err_nv_1001 err_nv_1001 give go imei mt6989 nvram platform_mt6989 skip step write [SEQ_LEN] 2,unknown,0,0,2
MTK-3177,Format-all wiped sensor calibration,Format-all plus download erased proximity calibration on k689v1_64. Sensors now read constant zero.,backup nvram → retry flash → recalibrate sensors,"{'text': 'calibration sensor wiped', 'platforms': [], 'codes': [], 'hw_module': 'unknown', 'tech_keywords': []}","{'text': 'backup flash nvram recalibrate retry sensors', 'procedures': [], 'sequence_length': 2}","{'text': 'calibration constant download erase format k689v1_64 plus proximity read sensor zero', 'platforms': [], 'codes': [], 'hw_module': 'unknown', 'tech_keywords': [], 'token_count': 11}",[TITLE] calibration sensor wiped [STEPS] backup flash nvram recalibrate retry sensors [DESC] calibration constant download erase format k689v1_64 plus proximity read sensor zero [SEQ_LEN] 2,unknown,0,0,2
MTK-3178,Tool says chip mismatch,"The tool refuses, claiming MT6896 vs MT6989 mismatch on a Dimensity 9300 unit. Chip id check S_CHIP_MISMATCH failed.",download matching rom → verify chip → retry flash,"{'text': 'chip mismatch says tool', 'platforms': [], 'codes': [], 'hw_module': 'unknown', 'tech_keywords': []}","{'text': 'chip download flash matching retry rom verify', 'procedures': [], 'sequence_length': 2}","{'text': '9300 check chip claim dimensity fail mismatch mt6896 mt6989 platform_mt6896 platform_mt6989 refuse s_chip_mismatch tool unit', 'platforms': ['mt6989', 'mt6896'], 'codes': [], 'hw_module': 'unknown', 'tech_keywords': [], 'token_count': 15}",[TITLE] chip mismatch says tool [STEPS] chip download flash matching retry rom verify [DESC] 9300 check chip claim dimensity fail mismatch mt6896 mt6989 platform_mt6896 platform_mt6989 refuse s_chip_mismatch tool unit [SEQ_LEN] 2,unknown,0,0,2
MTK-3179,Linux tool cannot see the phone,The Linux flash tool lists no device on Ubuntu while lsusb shows it on MT6878. Missing udev rule suspected.,add udev rule → hold vol-down → retry flash,"{'text': 'cannot linux phone see tech_phone the tool', 'platforms': [], 'codes': [], 'hw_module': 'unknown', 'tech_keywords': ['tech_phone']}","{'text': 'add flash hold retry rule udev vol-down', 'procedures': [], 'sequence_length': 3}","{'text': 'device flash linux list lsusb miss module_device mt6878 platform_mt6878 rule show suspect tool ubuntu udev', 'platforms': ['mt6878'], 'codes': [], 'hw_module': 'device', 'tech_keywords': [], 'token_count': 15}",[TITLE] cannot linux phone see tech_phone the tool [STEPS] add flash hold retry rule udev vol-down [DESC] device flash linux list lsusb miss module_device mt6878 platform_mt6878 rule show suspect tool ubuntu udev [SEQ_LEN] 3,unknown,0,0,3
MTK-3180,WiFi and Bluetooth die together,Both radios went silent at once on MT6896 and toggles do nothing. Combo firmware conninfra_fw crashed with ERR_CONN_7710 and 0xC01A.,toggle wifi → clear cache → reboot device,"{'text': 'and bluetooth die tech_wifi together wifi', 'platforms': [], 'codes': [], 'hw_module': 'unknown', 'tech_keywords': ['tech_wifi']}","{'text': 'cache clear device proc_reboot reboot toggle wifi', 'procedures': ['proc_reboot'], 'sequence_length': 2}","{'text': 'code_0xc01a code_err_conn_7710 combo conninfra_fw crash err_conn_7710 firmware go module_firmware mt6896 platform_mt6896 radio silent toggle', 'platforms': ['mt6896'], 'codes': ['0xc01a', 'err_conn_7710'], 'hw_module': 'firmware', 'tech_keywords': [], 'token_count': 14}",[TITLE] and bluetooth die tech_wifi together wifi [STEPS] cache clear device proc_reboot reboot toggle wifi [DESC] code_0xc01a code_err_conn_7710 combo conninfra_fw crash err_conn_7710 firmware go module_firmware mt6896 platform_mt6896 radio silent toggle [SEQ_LEN] 2,unknown,0,1,2
MTK-3181,Bluetooth stutters when WiFi busy,Audio cuts out whenever downloading on Dimensity 9300. Coexistence table logged ERR_CONN_7713.,toggle wifi → unpair device → reboot device,"{'text': 'bluetooth busy stutters tech_wifi when wifi', 'platforms': [], 'codes': [], 'hw_module': 'unknown', 'tech_keywords': ['tech_wifi']}","{'text': 'device proc_reboot reboot toggle unpair wifi', 'procedures': ['proc_reboot'], 'sequence_length': 2}","{'text': '9300 audio code_err_conn_7713 coexistence cut dimensity download err_conn_7713 log table', 'platforms': [], 'codes': ['err_conn_7713'], 'hw_module': 'unknown', 'tech_keywords': [], 'token_count': 10}",[TITLE] bluetooth busy stutters tech_wifi when wifi [STEPS] device proc_reboot reboot toggle unpair wifi [DESC] 9300 audio code_err_conn_7713 coexistence cut dimensity download err_conn_7713 log table [SEQ_LEN] 2,unknown,0,1,2
MTK-3182,Hotspot turns itself off,The hotspot disables minutes after enabling on ro.product.board with devices connected. Tether daemon got 0xC01D.,reset network settings → reboot device → run logcat,"{'text': 'error_turn hotspot itself off turns', 'platforms': [], 'codes': [], 'hw_module': 'unknown', 'tech_keywords': ['error_turn']}","{'text': 'device logcat network proc_reboot proc_run logcat reboot reset run settings', 'procedures': ['proc_reboot', 'proc_run logcat'], 'sequence_length': 2}","{'text': 'code_0xc01d connect daemon device disable enable get hotspot minute module_ro.product.board platform_ro.product.board tech_connect tether', 'platforms': ['ro.product.board'], 'codes': ['0xc01d'], 'hw_module': 'ro.product.board', 'tech_keywords': ['tech_connect'], 'token_count': 13}",[TITLE] error_turn hotspot itself off turns [STEPS] device logcat network proc_reboot proc_run logcat reboot reset run settings [DESC] code_0xc01d connect daemon device disable enable get hotspot minute module_ro.product.board platform_ro.product.board tech_connect tether [SEQ_LEN] 2,unknown,0,2,2
MTK-3183,WiFi MAC is all zeros,MAC shows 02:00:00:00:00:00 on k689v1_64 after the update. Nvram wifi block reads ERR_CONN_7719.,restore nvram → reboot device → run logcat,"{'text': 'all is mac tech_wifi wifi zeros', 'platforms': [], 'codes': [], 'hw_module': 'unknown', 'tech_keywords': ['tech_wifi']}","{'text': 'device logcat nvram proc_reboot proc_run logcat reboot restore run', 'procedures': ['proc_reboot', 'proc_run logcat'], 'sequence_length': 2}","{'text': 'block code_err_conn_7719 err_conn_7719 k689v1_64 mac nvram read show tech_wifi update wifi', 'platforms': [], 'codes': ['err_conn_7719'], 'hw_module': 'unknown', 'tech_keywords': ['tech_wifi'], 'token_count': 11}",[TITLE] all is mac tech_wifi wifi zeros [STEPS] device logcat nvram proc_reboot proc_run logcat reboot restore run [DESC] block code_err_conn_7719 err_conn_7719 k689v1_64 mac nvram read show tech_wifi update wifi [SEQ_LEN] 2,unknown,0,2,2
MTK-3184,5GHz networks invisible,"Only 2.4GHz networks appear on MT6989, 5GHz vanished overnight. Band capability reports 0xC022.",forget network → toggle wifi → reboot device,"{'text': '5ghz invisible networks', 'platforms': [], 'codes': [], 'hw_module': 'unknown', 'tech_keywords': []}","{'text': 'device forget network proc_reboot reboot toggle wifi', 'procedures': ['proc_reboot'], 'sequence_length': 2}","{'text': '0xc022 5ghz appear band capability code_0xc022 mt6989 network overnight platform_mt6989 report vanish', 'platforms': ['mt6989'], 'codes': ['0xc022'], 'hw_module': 'unknown', 'tech_keywords': [], 'token_count': 12}",[TITLE] 5ghz invisible networks [STEPS] device forget network proc_reboot reboot toggle wifi [DESC] 0xc022 5ghz appear band capability code_0xc022 mt6989 network overnight platform_mt6989 report vanish [SEQ_LEN] 2,unknown,0,1,2
MTK-3185,Captive portal login never opens,Hotel wifi connects but the login page never pops on ro.board.platform. Portal detect times out silently.,forget network → toggle wifi → run logcat,"{'text': 'captive login never opens portal', 'platforms': [], 'codes': [], 'hw_module': 'unknown', 'tech_keywords': []}","{'text': 'forget logcat network proc_run logcat run toggle wifi', 'procedures': ['proc_run logcat'], 'sequence_length': 2}","{'text': 'connect detect hotel login module_ro.board.platform page platform_ro.board.platform pop portal silently tech_connect tech_wifi time wifi', 'platforms': ['ro.board.platform'], 'codes': [], 'hw_module': 'ro.board.platform', 'tech_keywords': ['tech_connect', 'tech_wifi'], 'token_count': 14}",[TITLE] captive login never opens portal [STEPS] forget logcat network proc_run logcat run toggle wifi [DESC] connect detect hotel login module_ro.board.platform page platform_ro.board.platform pop portal silently tech_connect tech_wifi time wifi [SEQ_LEN] 2,unknown,0,1,2
MTK-3186,WiFi calling drops every call,"Calls over wifi drop at exactly 5 minutes on Dimensity 8300, VoLTE calls hold. Wfc keepalive gave ERR_CONN_7726.",toggle volte → toggle wifi → reboot device,"{'text': 'call calling drops every tech_wifi wifi', 'platforms': [], 'codes': [], 'hw_module': 'unknown', 'tech_keywords': ['tech_wifi']}","{'text': 'device proc_reboot reboot toggle volte wifi', 'procedures': ['proc_reboot'], 'sequence_length': 2}","{'text': '8300 call code_err_conn_7726 dimensity drop err_conn_7726 exactly give hold keepalive minute tech_wifi volte wfc wifi', 'platforms': [], 'codes': ['err_conn_7726'], 'hw_module': 'unknown', 'tech_keywords': ['tech_wifi'], 'token_count': 15}",[TITLE] call calling drops every tech_wifi wifi [STEPS] device proc_reboot reboot toggle volte wifi [DESC] 8300 call code_err_conn_7726 dimensity drop err_conn_7726 exactly give hold keepalive minute tech_wifi volte wfc wifi [SEQ_LEN] 2,unknown,0,1,2
MTK-3187,Screen mirroring lags badly,"Miracast to the TV lags two seconds on MT6878, direct wifi is fast. Wfd session logged 0xC029.",reboot tv → toggle wifi → run logcat,"{'text': 'badly lags mirroring screen', 'platforms': [], 'codes': [], 'hw_module': 'unknown', 'tech_keywords': []}","{'text': 'logcat proc_reboot proc_run logcat reboot run toggle tv wifi', 'procedures': ['proc_reboot', 'proc_run logcat'], 'sequence_length': 2}","{'text': '0xc029 code_0xc029 direct fast lag log miracast mt6878 platform_mt6878 second session tech_wifi wfd wifi', 'platforms': ['mt6878'], 'codes': ['0xc029'], 'hw_module': 'unknown', 'tech_keywords': ['tech_wifi'], 'token_count': 14}",[TITLE] badly lags mirroring screen [STEPS] logcat proc_reboot proc_run logcat reboot run toggle tv wifi [DESC] 0xc029 code_0xc029 direct fast lag log miracast mt6878 platform_mt6878 second session tech_wifi wfd wifi [SEQ_LEN] 2,unknown,0,2,2
MTK-3188,Phone-to-phone share fails,Direct share between two MTK phones never connects on ro.mediatek.platform. P2p group formation timed out.,toggle wifi → reboot both → run logcat,"{'text': 'fails share tech_phone', 'platforms': [], 'codes': [], 'hw_module': 'unknown', 'tech_keywords': ['tech_phone']}","{'text': 'both logcat proc_reboot proc_run logcat reboot run toggle wifi', 'procedures': ['proc_reboot', 'proc_run logcat'], 'sequence_length': 2}","{'text': 'connect direct formation group mtk p2p phone platform_ro.mediatek.platform share tech_connect tech_mtk tech_phone time', 'platforms': ['ro.mediatek.platform'], 'codes': [], 'hw_module': 'unknown', 'tech_keywords': ['tech_connect', 'tech_mtk', 'tech_phone'], 'token_count': 13}",[TITLE] fails share tech_phone [STEPS] both logcat proc_reboot proc_run logcat reboot run toggle wifi [DESC] connect direct formation group mtk p2p phone platform_ro.mediatek.platform share tech_connect tech_mtk tech_phone time [SEQ_LEN] 2,unknown,0,2,2
MTK-3189,Airplane toggle leaves WiFi half-on,Toggling airplane mode leaves the wifi icon ghosted on ro.vendor.mediatek. State machine stuck at ERR_CONN_7732.,toggle airplane → reboot device → run logcat,"{'text': 'airplane leaves tech_wifi toggle wifi', 'platforms': [], 'codes': [], 'hw_module': 'unknown', 'tech_keywords': ['tech_wifi']}","{'text': 'airplane device logcat proc_reboot proc_run logcat reboot run toggle', 'procedures': ['proc_reboot', 'proc_run logcat'], 'sequence_length': 2}","{'text': 'airplane code_err_conn_7732 err_conn_7732 ghost icon leave machine mode platform_ro.vendor.mediatek state stick tech_wifi toggle wifi', 'platforms': ['ro.vendor.mediatek'], 'codes': ['err_conn_7732'], 'hw_module': 'unknown', 'tech_keywords': ['tech_wifi'], 'token_count': 14}",[TITLE] airplane leaves tech_wifi toggle wifi [STEPS] airplane device logcat proc_reboot proc_run logcat reboot run toggle [DESC] airplane code_err_conn_7732 err_conn_7732 ghost icon leave machine mode platform_ro.vendor.mediatek state stick tech_wifi toggle wifi [SEQ_LEN] 2,unknown,0,2,2
MTK-3190,6GHz network never appears,The 6GHz ssid never shows in scans on Dimensity 9300 though the router broadcasts it. Scan table missing 6ghz with ERR_WIFI6_7714 and 0x6E02.,forget network → toggle wifi → run logcat,"{'text': '6ghz appears network never', 'platforms': [], 'codes': [], 'hw_module': 'unknown', 'tech_keywords': []}","{'text': 'forget logcat network proc_run logcat run toggle wifi', 'procedures': ['proc_run logcat'], 'sequence_length': 2}","{'text': '0x6e02 6ghz 9300 broadcast code_0x6e02 dimensity err_wifi6_7714 miss router scan show ssid table tech_wifi', 'platforms': [], 'codes': ['0x6e02'], 'hw_module': 'unknown', 'tech_keywords': ['tech_wifi'], 'token_count': 14}",[TITLE] 6ghz appears network never [STEPS] forget logcat network proc_run logcat run toggle wifi [DESC] 0x6e02 6ghz 9300 broadcast code_0x6e02 dimensity err_wifi6_7714 miss router scan show ssid table tech_wifi [SEQ_LEN] 2,unknown,0,1,2
MTK-3191,320MHz falls back to 80,Link negotiates 320MHz then drops to 80 within seconds on MT6989. Bandwidth switch logged without error.,set auto channel → toggle wifi → reboot device,"{'text': '320mhz 80 back falls to', 'platforms': [], 'codes': [], 'hw_module': 'unknown', 'tech_keywords': []}","{'text': 'auto channel device proc_reboot reboot set toggle wifi', 'procedures': ['proc_reboot'], 'sequence_length': 2}","{'text': '320mhz bandwidth drop error error_error link log mt6989 negotiate platform_mt6989 second switch', 'platforms': ['mt6989'], 'codes': [], 'hw_module': 'unknown', 'tech_keywords': ['error_error'], 'token_count': 12}",[TITLE] 320mhz 80 back falls to [STEPS] auto channel device proc_reboot reboot set toggle wifi [DESC] 320mhz bandwidth drop error error_error link log mt6989 negotiate platform_mt6989 second switch [SEQ_LEN] 2,unknown,0,1,2
MTK-3192,MLO drops the second band,Multi-link connects then loses one band on k689v1_64. Second link teardown shows ERR_WIFI6_7719.,forget network → reboot router → reboot device,"{'text': 'band drops mlo second the', 'platforms': [], 'codes': [], 'hw_module': 'unknown', 'tech_keywords': []}","{'text': 'device forget network proc_reboot reboot router', 'procedures': ['proc_reboot'], 'sequence_length': 2}","{'text': 'band connect err_wifi6_7719 k689v1_64 link lose multi second show teardown tech_connect tech_wifi', 'platforms': [], 'codes': [], 'hw_module': 'unknown', 'tech_keywords': ['tech_connect', 'tech_wifi'], 'token_count': 12}",[TITLE] band drops mlo second the [STEPS] device forget network proc_reboot reboot router [DESC] band connect err_wifi6_7719 k689v1_64 link lose multi second show teardown tech_connect tech_wifi [SEQ_LEN] 2,unknown,0,1,2
MTK-3193,WPA3 rejects correct password,"The right password fails on WPA3-SAE on ro.product.board, WPA2 works. Handshake ends with 0x6E22.",forget network → re-enter password → run logcat,"{'text': 'correct password rejects wpa3', 'platforms': [], 'codes': [], 'hw_module': 'unknown', 'tech_keywords': []}","{'text': 'forget logcat network password proc_run logcat re-enter run', 'procedures': ['proc_run logcat'], 'sequence_length': 3}","{'text': '0x6e22 code_0x6e22 end fail handshake module_ro.product.board password platform_ro.product.board right sae work wpa2 wpa3', 'platforms': ['ro.product.board'], 'codes': ['0x6e22'], 'hw_module': 'ro.product.board', 'tech_keywords': [], 'token_count': 13}",[TITLE] correct password rejects wpa3 [STEPS] forget logcat network password proc_run logcat re-enter run [DESC] 0x6e22 code_0x6e22 end fail handshake module_ro.product.board password platform_ro.product.board right sae work wpa2 wpa3 [SEQ_LEN] 3,unknown,0,1,3
MTK-3194,Speed halves on WiFi 7 router,Throughput is half of the old phone on the same WiFi 7 router on MT6878. Rate control looks stuck.,toggle wifi → update firmware → run logcat,"{'text': 'halves on router speed tech_wifi wifi', 'platforms': [], 'codes': [], 'hw_module': 'unknown', 'tech_keywords': ['tech_wifi']}","{'text': 'firmware logcat proc_run logcat run toggle update wifi', 'procedures': ['proc_run logcat'], 'sequence_length': 2}","{'text': 'control half look mt6878 old phone platform_mt6878 rate router stuck tech_phone tech_wifi throughput wifi', 'platforms': ['mt6878'], 'codes': [], 'hw_module': 'unknown', 'tech_keywords': ['tech_wifi', 'tech_phone'], 'token_count': 14}",[TITLE] halves on router speed tech_wifi wifi [STEPS] firmware logcat proc_run logcat run toggle update wifi [DESC] control half look mt6878 old phone platform_mt6878 rate router stuck tech_phone tech_wifi throughput wifi [SEQ_LEN] 2,unknown,0,1,2
MTK-3195,Mesh roaming drops the call,Walking between mesh nodes drops VoWiFi calls on Dimensity 8300. Roam event logged ERR_WIFI6_7727.,forget network → toggle wifi → reboot device,"{'text': 'call drops mesh roaming the', 'platforms': [], 'codes': [], 'hw_module': 'unknown', 'tech_keywords': []}","{'text': 'device forget network proc_reboot reboot toggle wifi', 'procedures': ['proc_reboot'], 'sequence_length': 2}","{'text': '8300 call dimensity drop err_wifi6_7727 event log mesh node roam tech_wifi vowifi walk', 'platforms': [], 'codes': [], 'hw_module': 'unknown', 'tech_keywords': ['tech_wifi'], 'token_count': 13}",[TITLE] call drops mesh roaming the [STEPS] device forget network proc_reboot reboot toggle wifi [DESC] 8300 call dimensity drop err_wifi6_7727 event log mesh node roam tech_wifi vowifi walk [SEQ_LEN] 2,unknown,0,1,2
MTK-3196,6GHz works only next to router,6GHz connects within a meter of the router on MT6896 and dies beyond that. Sar backoff suspected.,remove case → toggle wifi → run logcat,"{'text': '6ghz next only router to works', 'platforms': [], 'codes': [], 'hw_module': 'unknown', 'tech_keywords': []}","{'text': 'case logcat proc_run logcat remove run toggle wifi', 'procedures': ['proc_run logcat'], 'sequence_length': 2}","{'text': '6ghz backoff connect die meter mt6896 platform_mt6896 router sar suspect tech_connect', 'platforms': ['mt6896'], 'codes': [], 'hw_module': 'unknown', 'tech_keywords': ['tech_connect'], 'token_count': 11}",[TITLE] 6ghz next only router to works [STEPS] case logcat proc_run logcat remove run toggle wifi [DESC] 6ghz backoff connect die meter mt6896 platform_mt6896 router sar suspect tech_connect [SEQ_LEN] 2,unknown,0,1,2
MTK-3197,Hotspot 6GHz invisible to laptop,"The phone hotspot on 6GHz never appears on the laptop on ro.board.platform. Softap beacon missing, 0x6E32.",reset network settings → reboot device → run logcat,"{'text': '6ghz hotspot invisible laptop to', 'platforms': [], 'codes': [], 'hw_module': 'unknown', 'tech_keywords': []}","{'text': 'device logcat network proc_reboot proc_run logcat reboot reset run settings', 'procedures': ['proc_reboot', 'proc_run logcat'], 'sequence_length': 2}","{'text': '0x6e32 6ghz appear beacon code_0x6e32 hotspot laptop miss module_ro.board.platform phone platform_ro.board.platform softap tech_phone', 'platforms': ['ro.board.platform'], 'codes': ['0x6e32'], 'hw_module': 'ro.board.platform', 'tech_keywords': ['tech_phone'], 'token_count': 13}",[TITLE] 6ghz hotspot invisible laptop to [STEPS] device logcat network proc_reboot proc_run logcat reboot reset run settings [DESC] 0x6e32 6ghz appear beacon code_0x6e32 hotspot laptop miss module_ro.board.platform phone platform_ro.board.platform softap tech_phone [SEQ_LEN] 2,unknown,0,2,2
MTK-3198,WiFi turns off overnight,WiFi is off every morning on ro.vendor.mediatek despite never touching it. Doze killed it for battery.,disable battery optimization → toggle wifi → reboot device,"{'text': 'error_turn off overnight tech_wifi turns wifi', 'platforms': [], 'codes': [], 'hw_module': 'unknown', 'tech_keywords': ['tech_wifi', 'error_turn']}","{'text': 'battery device disable optimization proc_reboot reboot toggle wifi', 'procedures': ['proc_reboot'], 'sequence_length': 2}","{'text': 'battery despite doze kill morning platform_ro.vendor.mediatek tech_wifi touch wifi', 'platforms': ['ro.vendor.mediatek'], 'codes': [], 'hw_module': 'unknown', 'tech_keywords': ['tech_wifi'], 'token_count': 9}",[TITLE] error_turn off overnight tech_wifi turns wifi [STEPS] battery device disable optimization proc_reboot reboot toggle wifi [DESC] battery despite doze kill morning platform_ro.vendor.mediatek tech_wifi touch wifi [SEQ_LEN] 2,unknown,0,1,2
MTK-3199,Passpoint auto-join loops login,Office passpoint network loops the login page forever on Dimensity 9300. Eap state stuck at ERR_WIFI6_7739.,forget network → disable auto-join → reboot device,"{'text': 'login loops passpoint', 'platforms': [], 'codes': [], 'hw_module': 'unknown', 'tech_keywords': []}","{'text': 'auto-join device disable forget network proc_reboot reboot', 'procedures': ['proc_reboot'], 'sequence_length': 3}","{'text': '9300 dimensity eap err_wifi6_7739 forever login loop network office page passpoint state stick tech_wifi', 'platforms': [], 'codes': [], 'hw_module': 'unknown', 'tech_keywords': ['tech_wifi'], 'token_count': 14}",[TITLE] login loops passpoint [STEPS] auto-join device disable forget network proc_reboot reboot [DESC] 9300 dimensity eap err_wifi6_7739 forever login loop network office page passpoint state stick tech_wifi [SEQ_LEN] 3,unknown,0,1,3
MTK-3200,LE earbuds stutter on walks,Music cuts out every block on the walk on MT6896 with LE earbuds. Auracast link logged ERR_BLE_7721 with 0x8EA4.,unpair device → clear bluetooth storage → re-pair,"{'text': 'earbuds le on stutter walks', 'platforms': [], 'codes': [], 'hw_module': 'unknown', 'tech_keywords': []}","{'text': 'bluetooth clear device re-pair storage unpair', 'procedures': [], 'sequence_length': 3}","{'text': '0x8ea4 auracast block code_0x8ea4 code_err_ble_7721 cut earbud err_ble_7721 link log mt6896 music platform_mt6896 walk', 'platforms': ['mt6896'], 'codes': ['err_ble_7721', '0x8ea4'], 'hw_module': 'unknown', 'tech_keywords': [], 'token_count': 14}",[TITLE] earbuds le on stutter walks [STEPS] bluetooth clear device re-pair storage unpair [DESC] 0x8ea4 auracast block code_0x8ea4 code_err_ble_7721 cut earbud err_ble_7721 link log mt6896 music platform_mt6896 walk [SEQ_LEN] 3,unknown,0,0,3
MTK-3201,Auracast broadcast never found,The airport broadcast never appears on Dimensity 9300 while other phones see it. Scan logged nothing at all.,rescan broadcasts → clear bluetooth storage → reboot device,"{'text': 'auracast broadcast found never', 'platforms': [], 'codes': [], 'hw_module': 'unknown', 'tech_keywords': []}","{'text': 'bluetooth broadcasts clear device proc_reboot reboot rescan storage', 'procedures': ['proc_reboot'], 'sequence_length': 2}","{'text': '9300 airport appear broadcast dimensity log phone scan tech_phone', 'platforms': [], 'codes': [], 'hw_module': 'unknown', 'tech_keywords': ['tech_phone'], 'token_count': 9}",[TITLE] auracast broadcast found never [STEPS] bluetooth broadcasts clear device proc_reboot reboot rescan storage [DESC] 9300 airport appear broadcast dimensity log phone scan tech_phone [SEQ_LEN] 2,unknown,0,1,2
MTK-3202,Watch disconnects every night,The watch unpairs itself overnight on ro.product.board and must be re-added daily. Link supervision gave ERR_BLE_7726.,disable battery optimization → re-pair → reboot device,"{'text': 'disconnects every night tech_connect watch', 'platforms': [], 'codes': [], 'hw_module': 'unknown', 'tech_keywords': ['tech_connect']}","{'text': 'battery device disable optimization proc_reboot re-pair reboot', 'procedures': ['proc_reboot'], 'sequence_length': 3}","{'text': 'add code_err_ble_7726 daily err_ble_7726 give link module_ro.product.board overnight platform_ro.product.board supervision unpairs watch', 'platforms': ['ro.product.board'], 'codes': ['err_ble_7726'], 'hw_module': 'ro.product.board', 'tech_keywords': [], 'token_count': 12}",[TITLE] disconnects every night tech_connect watch [STEPS] battery device disable optimization proc_reboot re-pair reboot [DESC] add code_err_ble_7726 daily err_ble_7726 give link module_ro.product.board overnight platform_ro.product.board supervision unpairs watch [SEQ_LEN] 3,unknown,0,1,3
MTK-3203,Car stereo pairs but no sound,"The car pairs fine but no audio comes out on MT6989, calls route to the earpiece. A2dp setup ended with 0x8EA9.",unpair device → re-pair → run logcat,"{'text': 'but car no pairs sound stereo', 'platforms': [], 'codes': [], 'hw_module': 'unknown', 'tech_keywords': []}","{'text': 'device logcat proc_run logcat re-pair run unpair', 'procedures': ['proc_run logcat'], 'sequence_length': 3}","{'text': '0x8ea9 a2dp audio call car code_0x8ea9 come earpiece end fine mt6989 pair platform_mt6989 route setup', 'platforms': ['mt6989'], 'codes': ['0x8ea9'], 'hw_module': 'unknown', 'tech_keywords': [], 'token_count': 15}",[TITLE] but car no pairs sound stereo [STEPS] device logcat proc_run logcat re-pair run unpair [DESC] 0x8ea9 a2dp audio call car code_0x8ea9 come earpiece end fine mt6989 pair platform_mt6989 route setup [SEQ_LEN] 3,unknown,0,1,3
MTK-3204,Two phones fight over speaker,Two paired phones keep stealing the speaker from each other on k689v1_64. Last-connected wins every minute.,unpair device → rename device → re-pair,"{'text': 'fight over phones speaker tech_phone two', 'platforms': [], 'codes': [], 'hw_module': 'unknown', 'tech_keywords': ['tech_phone']}","{'text': 'device re-pair rename unpair', 'procedures': [], 'sequence_length': 3}","{'text': 'connect k689v1_64 minute pair phone speaker steal tech_connect tech_phone win', 'platforms': [], 'codes': [], 'hw_module': 'unknown', 'tech_keywords': ['tech_connect', 'tech_phone'], 'token_count': 10}",[TITLE] fight over phones speaker tech_phone two [STEPS] device re-pair rename unpair [DESC] connect k689v1_64 minute pair phone speaker steal tech_connect tech_phone win [SEQ_LEN] 3,unknown,0,0,3
MTK-3205,Hearing aids drop in calls,"Hearing aids cut out mid-call on ro.board.platform, media streaming is fine. Asha link logged ERR_BLE_7733.",re-pair → toggle volte → run logcat,"{'text': 'aids calls drop hearing in', 'platforms': [], 'codes': [], 'hw_module': 'unknown', 'tech_keywords': []}","{'text': 'logcat proc_run logcat re-pair run toggle volte', 'procedures': ['proc_run logcat'], 'sequence_length': 3}","{'text': 'aid asha code_err_ble_7733 cut err_ble_7733 fine hear link log medium mid module_ro.board.platform platform_ro.board.platform streaming', 'platforms': ['ro.board.platform'], 'codes': ['err_ble_7733'], 'hw_module': 'ro.board.platform', 'tech_keywords': [], 'token_count': 14}",[TITLE] aids calls drop hearing in [STEPS] logcat proc_run logcat re-pair run toggle volte [DESC] aid asha code_err_ble_7733 cut err_ble_7733 fine hear link log medium mid module_ro.board.platform platform_ro.board.platform streaming [SEQ_LEN] 3,unknown,0,1,3
MTK-3206,Tracker out of range at 3 meters,The tag shows away while sitting on the desk on Dimensity 8300. Rssi collapses past 3m with 0x8E37.,remove case → re-pair → run logcat,"{'text': 'at meters of out range tracker', 'platforms': [], 'codes': [], 'hw_module': 'unknown', 'tech_keywords': []}","{'text': 'case logcat proc_run logcat re-pair remove run', 'procedures': ['proc_run logcat'], 'sequence_length': 3}","{'text': '0x8e37 8300 away code_0x8e37 collapse desk dimensity past rssi show sit tag', 'platforms': [], 'codes': ['0x8e37'], 'hw_module': 'unknown', 'tech_keywords': [], 'token_count': 12}",[TITLE] at meters of out range tracker [STEPS] case logcat proc_run logcat re-pair remove run [DESC] 0x8e37 8300 away code_0x8e37 collapse desk dimensity past rssi show sit tag [SEQ_LEN] 3,unknown,0,1,3
MTK-3207,Gamepad lags a full second,"Button presses land a second late on MT6878, unplayable for action games. Connection interval stuck high.",unpair device → enable game mode → re-pair,"{'text': 'full gamepad lags second', 'platforms': [], 'codes': [], 'hw_module': 'unknown', 'tech_keywords': []}","{'text': 'device enable game mode re-pair unpair', 'procedures': [], 'sequence_length': 3}","{'text': 'action button connection game high interval land late mt6878 platform_mt6878 press second stick tech_connect unplayable', 'platforms': ['mt6878'], 'codes': [], 'hw_module': 'unknown', 'tech_keywords': ['tech_connect'], 'token_count': 15}",[TITLE] full gamepad lags second [STEPS] device enable game mode re-pair unpair [DESC] action button connection game high interval land late mt6878 platform_mt6878 press second stick tech_connect unplayable [SEQ_LEN] 3,unknown,0,0,3
MTK-3208,Exposure app drains the battery,The tracing app kept ble scanning all day on ro.mediatek.platform and ate 20 percent. Scan duty never throttled.,restrict background → reboot device → run logcat,"{'text': 'app battery drains exposure the', 'platforms': [], 'codes': [], 'hw_module': 'unknown', 'tech_keywords': []}","{'text': 'background device logcat proc_reboot proc_run logcat reboot restrict run', 'procedures': ['proc_reboot', 'proc_run logcat'], 'sequence_length': 2}","{'text': 'app ble day duty eat keep percent platform_ro.mediatek.platform scan throttle trace', 'platforms': ['ro.mediatek.platform'], 'codes': [], 'hw_module': 'unknown', 'tech_keywords': [], 'token_count': 11}",[TITLE] app battery drains exposure the [STEPS] background device logcat proc_reboot proc_run logcat reboot restrict run [DESC] app ble day duty eat keep percent platform_ro.mediatek.platform scan throttle trace [SEQ_LEN] 2,unknown,0,2,2
MTK-3209,Watch transfer stalls halfway,Sending the watch face stalls at half on k689v1_64 every try. Gatt write got ERR_BLE_7741.,keep screen on → re-pair → run logcat,"{'text': 'halfway stalls transfer watch', 'platforms': [], 'codes': [], 'hw_module': 'unknown', 'tech_keywords': []}","{'text': 'keep logcat on proc_run logcat re-pair run screen', 'procedures': ['proc_run logcat'], 'sequence_length': 3}","{'text': 'code_err_ble_7741 err_ble_7741 face gatt get half k689v1_64 send stall try watch write', 'platforms': [], 'codes': ['err_ble_7741'], 'hw_module': 'unknown', 'tech_keywords': [], 'token_count': 12}",[TITLE] halfway stalls transfer watch [STEPS] keep logcat on proc_run logcat re-pair run screen [DESC] code_err_ble_7741 err_ble_7741 face gatt get half k689v1_64 send stall try watch write [SEQ_LEN] 3,unknown,0,1,3
MTK-3210,Maps spins in circles downtown,"Navigation spins between blocks downtown on MT6896, open road is fine. Multipath flagged with ERR_GNSS_5509.",open sky test → clear agps → reboot device,"{'text': 'circles downtown in maps spins', 'platforms': [], 'codes': [], 'hw_module': 'unknown', 'tech_keywords': []}","{'text': 'agps clear device open proc_reboot reboot sky test', 'procedures': ['proc_reboot'], 'sequence_length': 2}","{'text': 'block code_err_gnss_5509 downtown err_gnss_5509 fine flag mt6896 multipath navigation open platform_mt6896 road spin', 'platforms': ['mt6896'], 'codes': ['err_gnss_5509'], 'hw_module': 'unknown', 'tech_keywords': [], 'token_count': 13}",[TITLE] circles downtown in maps spins [STEPS] agps clear device open proc_reboot reboot sky test [DESC] block code_err_gnss_5509 downtown err_gnss_5509 fine flag mt6896 multipath navigation open platform_mt6896 road spin [SEQ_LEN] 2,unknown,0,1,2
MTK-3211,Cold start takes 12 minutes,First fix of the day takes twelve minutes on Dimensity 9300. Ephemeris download crawls with 0x6752.,clear agps → open sky test → run logcat,"{'text': '12 cold minutes start takes', 'platforms': [], 'codes': [], 'hw_module': 'unknown', 'tech_keywords': []}","{'text': 'agps clear logcat open proc_run logcat run sky test', 'procedures': ['proc_run logcat'], 'sequence_length': 2}","{'text': '0x6752 9300 code_0x6752 crawl day dimensity download ephemeris fix minute take', 'platforms': [], 'codes': ['0x6752'], 'hw_module': 'unknown', 'tech_keywords': [], 'token_count': 11}",[TITLE] 12 cold minutes start takes [STEPS] agps clear logcat open proc_run logcat run sky test [DESC] 0x6752 9300 code_0x6752 crawl day dimensity download ephemeris fix minute take [SEQ_LEN] 2,unknown,0,1,2
MTK-3212,Altitude reads 200m too high,Hiking elevation is consistently 200m high on MT6989 versus a dedicated unit. Baro fusion disagrees.,calibrate baro → open sky test → run logcat,"{'text': '200m altitude high reads too', 'platforms': [], 'codes': [], 'hw_module': 'unknown', 'tech_keywords': []}","{'text': 'baro calibrate logcat open proc_run logcat run sky test', 'procedures': ['proc_run logcat'], 'sequence_length': 2}","{'text': '200 baro consistently dedicated disagree elevation fusion high hiking mt6989 platform_mt6989 unit versus', 'platforms': ['mt6989'], 'codes': [], 'hw_module': 'unknown', 'tech_keywords': [], 'token_count': 13}",[TITLE] 200m altitude high reads too [STEPS] baro calibrate logcat open proc_run logcat run sky test [DESC] 200 baro consistently dedicated disagree elevation fusion high hiking mt6989 platform_mt6989 unit versus [SEQ_LEN] 2,unknown,0,1,2
MTK-3213,Running track cuts corners,"Recorded runs cut every corner on ro.product.board, distance reads short. Duty cycling logged ERR_GNSS_5515.",set high accuracy → open sky test → run logcat,"{'text': 'corners cuts running track', 'platforms': [], 'codes': [], 'hw_module': 'unknown', 'tech_keywords': []}","{'text': 'accuracy high logcat open proc_run logcat run set sky test', 'procedures': ['proc_run logcat'], 'sequence_length': 2}","{'text': 'code_err_gnss_5515 corner cut cycling distance duty err_gnss_5515 log module_ro.product.board platform_ro.product.board read record run short', 'platforms': ['ro.product.board'], 'codes': ['err_gnss_5515'], 'hw_module': 'ro.product.board', 'tech_keywords': [], 'token_count': 14}",[TITLE] corners cuts running track [STEPS] accuracy high logcat open proc_run logcat run set sky test [DESC] code_err_gnss_5515 corner cut cycling distance duty err_gnss_5515 log module_ro.product.board platform_ro.product.board read record run short [SEQ_LEN] 2,unknown,0,1,2
MTK-3214,No satellites indoors by window,Zero satellites even by the window on k689v1_64 where the old phone saw six. Antenna path suspected.,open sky test → clear agps → run logcat,"{'text': 'by indoors no satellites window', 'platforms': [], 'codes': [], 'hw_module': 'unknown', 'tech_keywords': []}","{'text': 'agps clear logcat open proc_run logcat run sky test', 'procedures': ['proc_run logcat'], 'sequence_length': 2}","{'text': 'antenna k689v1_64 old path phone satellite see suspect tech_phone window zero', 'platforms': [], 'codes': [], 'hw_module': 'unknown', 'tech_keywords': ['tech_phone'], 'token_count': 11}",[TITLE] by indoors no satellites window [STEPS] agps clear logcat open proc_run logcat run sky test [DESC] antenna k689v1_64 old path phone satellite see suspect tech_phone window zero [SEQ_LEN] 2,unknown,0,1,2
MTK-3215,Compass and GPS disagree,Compass points north while movement shows east on Dimensity 8300. Fusion offset 0x6760.,figure-8 calibrate → open sky test → run logcat,"{'text': 'and compass disagree gps', 'platforms': [], 'codes': [], 'hw_module': 'unknown', 'tech_keywords': []}","{'text': 'calibrate figure-8 logcat open proc_run logcat run sky test', 'procedures': ['proc_run logcat'], 'sequence_length': 3}","{'text': '0x6760 8300 code_0x6760 compass dimensity east fusion movement north offset point show', 'platforms': [], 'codes': ['0x6760'], 'hw_module': 'unknown', 'tech_keywords': [], 'token_count': 12}",[TITLE] and compass disagree gps [STEPS] calibrate figure-8 logcat open proc_run logcat run sky test [DESC] 0x6760 8300 code_0x6760 compass dimensity east fusion movement north offset point show [SEQ_LEN] 3,unknown,0,1,3
MTK-3216,Dual-frequency L5 never locks,"L1 locks but L5 never does on MT6878, accuracy stays at 5m. L5 search logged ERR_GNSS_5521.",open sky test → update firmware → run logcat,"{'text': 'l5 locks never', 'platforms': [], 'codes': [], 'hw_module': 'unknown', 'tech_keywords': []}","{'text': 'firmware logcat open proc_run logcat run sky test update', 'procedures': ['proc_run logcat'], 'sequence_length': 2}","{'text': 'accuracy code_err_gnss_5521 err_gnss_5521 lock log mt6878 platform_mt6878 search stay', 'platforms': ['mt6878'], 'codes': ['err_gnss_5521'], 'hw_module': 'unknown', 'tech_keywords': [], 'token_count': 9}",[TITLE] l5 locks never [STEPS] firmware logcat open proc_run logcat run sky test update [DESC] accuracy code_err_gnss_5521 err_gnss_5521 lock log mt6878 platform_mt6878 search stay [SEQ_LEN] 2,unknown,0,1,2
MTK-3217,Location jumps to wrong city,The blue dot teleports to another city on ro.board.platform then snaps back. Supl response was stale.,clear agps → reboot device → run logcat,"{'text': 'city jumps location to wrong', 'platforms': [], 'codes': [], 'hw_module': 'unknown', 'tech_keywords': []}","{'text': 'agps clear device logcat proc_reboot proc_run logcat reboot run', 'procedures': ['proc_reboot', 'proc_run logcat'], 'sequence_length': 2}","{'text': 'blue city dot module_ro.board.platform platform_ro.board.platform response snap stale supl teleport', 'platforms': ['ro.board.platform'], 'codes': [], 'hw_module': 'ro.board.platform', 'tech_keywords': [], 'token_count': 10}",[TITLE] city jumps location to wrong [STEPS] agps clear device logcat proc_reboot proc_run logcat reboot run [DESC] blue city dot module_ro.board.platform platform_ro.board.platform response snap stale supl teleport [SEQ_LEN] 2,unknown,0,2,2
MTK-3218,Emergency call has no location,Test emergency call showed no location on ro.vendor.mediatek. Lbs query never fired.,enable location → open sky test → run logcat,"{'text': 'call emergency has location no', 'platforms': [], 'codes': [], 'hw_module': 'unknown', 'tech_keywords': []}","{'text': 'enable location logcat open proc_run logcat run sky test', 'procedures': ['proc_run logcat'], 'sequence_length': 2}","{'text': 'emergency fire lbs location platform_ro.vendor.mediatek query show test', 'platforms': ['ro.vendor.mediatek'], 'codes': [], 'hw_module': 'unknown', 'tech_keywords': [], 'token_count': 8}",[TITLE] call emergency has location no [STEPS] enable location logcat open proc_run logcat run sky test [DESC] emergency fire lbs location platform_ro.vendor.mediatek query show test [SEQ_LEN] 2,unknown,0,1,2
MTK-3219,GPS clock off by a whole day,Timestamps from gps are a day behind on MT6896 after the week rollover. Receiver logged ERR_GNSS_5528.,set auto time → open sky test → reboot device,"{'text': 'by clock day gps off whole', 'platforms': [], 'codes': [], 'hw_module': 'unknown', 'tech_keywords': []}","{'text': 'auto device open proc_reboot reboot set sky test time', 'procedures': ['proc_reboot'], 'sequence_length': 2}","{'text': 'code_err_gnss_5528 day err_gnss_5528 gps log mt6896 platform_mt6896 receiver rollover timestamp week', 'platforms': ['mt6896'], 'codes': ['err_gnss_5528'], 'hw_module': 'unknown', 'tech_keywords': [], 'token_count': 11}",[TITLE] by clock day gps off whole [STEPS] auto device open proc_reboot reboot set sky test time [DESC] code_err_gnss_5528 day err_gnss_5528 gps log mt6896 platform_mt6896 receiver rollover timestamp week [SEQ_LEN] 2,unknown,0,1,2
MTK-3220,65W charger only gives 10W,"The bundled 65W brick charges at 10W on Dimensity 9300, cable is original. Pd contract falls back, ERR_PD_6603.",try 65w charger → inspect port → run logcat,"{'text': '10w 65w charger gives only', 'platforms': [], 'codes': [], 'hw_module': 'unknown', 'tech_keywords': []}","{'text': '65w charger inspect logcat port proc_run logcat run try', 'procedures': ['proc_run logcat'], 'sequence_length': 2}","{'text': '10w 65w 9300 brick bundled cable charge code_err_pd_6603 contract dimensity err_pd_6603 fall original', 'platforms': [], 'codes': ['err_pd_6603'], 'hw_module': 'unknown', 'tech_keywords': [], 'token_count': 13}",[TITLE] 10w 65w charger gives only [STEPS] 65w charger inspect logcat port proc_run logcat run try [DESC] 10w 65w 9300 brick bundled cable charge code_err_pd_6603 contract dimensity err_pd_6603 fall original [SEQ_LEN] 2,unknown,0,1,2
MTK-3221,Charging stops at 80 percent,Charge halts at 80 and never resumes on MT6989 although smart-charge is off. Battery care flag stuck.,disable smart charge → reboot device → run logcat,"{'text': '80 at charging percent stops', 'platforms': [], 'codes': [], 'hw_module': 'unknown', 'tech_keywords': []}","{'text': 'charge device disable logcat proc_reboot proc_run logcat reboot run smart', 'procedures': ['proc_reboot', 'proc_run logcat'], 'sequence_length': 2}","{'text': 'battery care charge flag halt mt6989 platform_mt6989 resume smart stick', 'platforms': ['mt6989'], 'codes': [], 'hw_module': 'unknown', 'tech_keywords': [], 'token_count': 10}",[TITLE] 80 at charging percent stops [STEPS] charge device disable logcat proc_reboot proc_run logcat reboot run smart [DESC] battery care charge flag halt mt6989 platform_mt6989 resume smart stick [SEQ_LEN] 2,unknown,0,2,2
MTK-3222,Phone pauses charge when warm,Charging pauses above 38 degrees on k689v1_64 and crawls after. Jeita table kicked in with 0x0E07.,cool device → try 65w charger → run logcat,"{'text': 'charge pauses phone tech_phone warm when', 'platforms': [], 'codes': [], 'hw_module': 'unknown', 'tech_keywords': ['tech_phone']}","{'text': '65w charger cool device logcat proc_run logcat run try', 'procedures': ['proc_run logcat'], 'sequence_length': 2}","{'text': '0x0e07 charge code_0x0e07 crawl degree jeita k689v1_64 kick pause table', 'platforms': [], 'codes': ['0x0e07'], 'hw_module': 'unknown', 'tech_keywords': [], 'token_count': 10}",[TITLE] charge pauses phone tech_phone warm when [STEPS] 65w charger cool device logcat proc_run logcat run try [DESC] 0x0e07 charge code_0x0e07 crawl degree jeita k689v1_64 kick pause table [SEQ_LEN] 2,unknown,0,1,2
MTK-3223,Wireless charging loops on-off,The pad connects and drops every few seconds on ro.product.board. Alignment coil reports marginal.,recenter phone → remove case → run logcat,"{'text': 'charging loops wireless', 'platforms': [], 'codes': [], 'hw_module': 'unknown', 'tech_keywords': []}","{'text': 'case logcat phone proc_run logcat recenter remove run', 'procedures': ['proc_run logcat'], 'sequence_length': 2}","{'text': 'alignment coil connect drop marginal module_ro.product.board pad platform_ro.product.board report second tech_connect', 'platforms': ['ro.product.board'], 'codes': [], 'hw_module': 'ro.product.board', 'tech_keywords': ['tech_connect'], 'token_count': 11}",[TITLE] charging loops wireless [STEPS] case logcat phone proc_run logcat recenter remove run [DESC] alignment coil connect drop marginal module_ro.product.board pad platform_ro.product.board report second tech_connect [SEQ_LEN] 2,unknown,0,1,2
MTK-3224,Reverse charge shuts off fast,Powering earbuds from the phone stops after seconds on Dimensity 8300. Otg boost logged ERR_PD_6612.,enable otg → try cable → reboot device,"{'text': 'charge fast off reverse shuts', 'platforms': [], 'codes': [], 'hw_module': 'unknown', 'tech_keywords': []}","{'text': 'cable device enable otg proc_reboot reboot try', 'procedures': ['proc_reboot'], 'sequence_length': 2}","{'text': '8300 boost code_err_pd_6612 dimensity earbud err_pd_6612 log otg phone powering second stop tech_phone', 'platforms': [], 'codes': ['err_pd_6612'], 'hw_module': 'unknown', 'tech_keywords': ['tech_phone'], 'token_count': 13}",[TITLE] charge fast off reverse shuts [STEPS] cable device enable otg proc_reboot reboot try [DESC] 8300 boost code_err_pd_6612 dimensity earbud err_pd_6612 log otg phone powering second stop tech_phone [SEQ_LEN] 2,unknown,0,1,2
MTK-3225,Car charger reboots the phone,"Plugging the car charger reboots the phone on MT6878, wall chargers are fine. Line noise tripped 0x0E15.",try 65w charger → inspect port → run logcat,"{'text': 'car charger phone reboots tech_phone the', 'platforms': [], 'codes': [], 'hw_module': 'unknown', 'tech_keywords': ['tech_phone']}","{'text': '65w charger inspect logcat port proc_run logcat run try', 'procedures': ['proc_run logcat'], 'sequence_length': 2}","{'text': '0x0e15 car charger code_0x0e15 fine line mt6878 noise phone platform_mt6878 plug reboot tech_phone trip wall', 'platforms': ['mt6878'], 'codes': ['0x0e15'], 'hw_module': 'unknown', 'tech_keywords': ['tech_phone'], 'token_count': 15}",[TITLE] car charger phone reboots tech_phone the [STEPS] 65w charger inspect logcat port proc_run logcat run try [DESC] 0x0e15 car charger code_0x0e15 fine line mt6878 noise phone platform_mt6878 plug reboot tech_phone trip wall [SEQ_LEN] 2,unknown,0,1,2
MTK-3226,Port works one way up only,The cable charges only inserted one direction on ro.board.platform. Cc pin reads open.,inspect port → clean lint → run logcat,"{'text': 'one only port up way works', 'platforms': [], 'codes': [], 'hw_module': 'unknown', 'tech_keywords': []}","{'text': 'clean inspect lint logcat port proc_run logcat run', 'procedures': ['proc_run logcat'], 'sequence_length': 2}","{'text': 'cable charge direction insert module_ro.board.platform open pin platform_ro.board.platform read', 'platforms': ['ro.board.platform'], 'codes': [], 'hw_module': 'ro.board.platform', 'tech_keywords': [], 'token_count': 9}",[TITLE] one only port up way works [STEPS] clean inspect lint logcat port proc_run logcat run [DESC] cable charge direction insert module_ro.board.platform open pin platform_ro.board.platform read [SEQ_LEN] 2,unknown,0,1,2
MTK-3227,Battery jumps from 20 to zero,Percentage collapses from 20 straight to dead on MT6896. Fuel gauge logged ERR_FG_6620.,calibrate battery → reboot to recovery → run logcat,"{'text': '20 battery from jumps to zero', 'platforms': [], 'codes': [], 'hw_module': 'unknown', 'tech_keywords': []}","{'text': 'battery calibrate logcat proc_reboot proc_run logcat reboot recovery run to', 'procedures': ['proc_reboot', 'proc_run logcat'], 'sequence_length': 2}","{'text': 'code_err_fg_6620 collapse dead err_fg_6620 fuel gauge log mt6896 percentage platform_mt6896 straight', 'platforms': ['mt6896'], 'codes': ['err_fg_6620'], 'hw_module': 'unknown', 'tech_keywords': [], 'token_count': 11}",[TITLE] 20 battery from jumps to zero [STEPS] battery calibrate logcat proc_reboot proc_run logcat reboot recovery run to [DESC] code_err_fg_6620 collapse dead err_fg_6620 fuel gauge log mt6896 percentage platform_mt6896 straight [SEQ_LEN] 2,unknown,0,2,2
MTK-3228,Overnight charge never finishes,Still 92 percent after a full night on ro.vendor.mediatek. Trickle phase never completes.,disable smart charge → reboot device → run logcat,"{'text': 'charge finishes never overnight', 'platforms': [], 'codes': [], 'hw_module': 'unknown', 'tech_keywords': []}","{'text': 'charge device disable logcat proc_reboot proc_run logcat reboot run smart', 'procedures': ['proc_reboot', 'proc_run logcat'], 'sequence_length': 2}","{'text': 'complete night percent phase platform_ro.vendor.mediatek trickle', 'platforms': ['ro.vendor.mediatek'], 'codes': [], 'hw_module': 'unknown', 'tech_keywords': [], 'token_count': 6}",[TITLE] charge finishes never overnight [STEPS] charge device disable logcat proc_reboot proc_run logcat reboot run smart [DESC] complete night percent phase platform_ro.vendor.mediatek trickle [SEQ_LEN] 2,unknown,0,2,2
MTK-3229,Moisture warning with dry cable,A dry third-party cable triggers the moisture warning on Dimensity 9300. Detection threshold 0x0E23.,dry port → try cable → run logcat,"{'text': 'cable dry moisture warning with', 'platforms': [], 'codes': [], 'hw_module': 'unknown', 'tech_keywords': []}","{'text': 'cable dry logcat port proc_run logcat run try', 'procedures': ['proc_run logcat'], 'sequence_length': 2}","{'text': '0x0e23 9300 cable code_0x0e23 detection dimensity dry moisture party threshold trigger warn', 'platforms': [], 'codes': ['0x0e23'], 'hw_module': 'unknown', 'tech_keywords': [], 'token_count': 12}",[TITLE] cable dry moisture warning with [STEPS] cable dry logcat port proc_run logcat run try [DESC] 0x0e23 9300 cable code_0x0e23 detection dimensity dry moisture party threshold trigger warn [SEQ_LEN] 2,unknown,0,1,2
MTK-3230,Screen flickers at 120Hz in bed,"Low brightness plus 120Hz flickers visibly on MT6989, 60Hz is clean. Pwm table flagged ERR_PANEL_1108 with 0x1D4E.",set 60hz → update firmware → run logcat,"{'text': '120hz at bed flickers in screen', 'platforms': [], 'codes': [], 'hw_module': 'unknown', 'tech_keywords': []}","{'text': '60hz firmware logcat proc_run logcat run set update', 'procedures': ['proc_run logcat'], 'sequence_length': 2}","{'text': '120hz 60hz brightness clean code_0x1d4e code_err_panel_1108 err_panel_1108 flag flicker low mt6989 platform_mt6989 plus pwm table visibly', 'platforms': ['mt6989'], 'codes': ['0x1d4e', 'err_panel_1108'], 'hw_module': 'unknown', 'tech_keywords': [], 'token_count': 16}",[TITLE] 120hz at bed flickers in screen [STEPS] 60hz firmware logcat proc_run logcat run set update [DESC] 120hz 60hz brightness clean code_0x1d4e code_err_panel_1108 err_panel_1108 flag flicker low mt6989 platform_mt6989 plus pwm table visibly [SEQ_LEN] 2,unknown,0,1,2
MTK-3231,Green tint in dark mode,Dark greys look greenish on k689v1_64 at night. Gamma curve suspected.,set 60hz → calibrate display → run logcat,"{'text': 'dark green in mode tint', 'platforms': [], 'codes': [], 'hw_module': 'unknown', 'tech_keywords': []}","{'text': '60hz calibrate display logcat proc_run logcat run set', 'procedures': ['proc_run logcat'], 'sequence_length': 2}","{'text': 'curve dark gamma greenish grey k689v1_64 look night suspect', 'platforms': [], 'codes': [], 'hw_module': 'unknown', 'tech_keywords': [], 'token_count': 9}",[TITLE] dark green in mode tint [STEPS] 60hz calibrate display logcat proc_run logcat run set [DESC] curve dark gamma greenish grey k689v1_64 look night suspect [SEQ_LEN] 2,unknown,0,1,2
MTK-3232,Refresh stuck at 60 after gaming,Exiting games leaves the phone at 60Hz on Dimensity 8300 until reboot. Switch daemon logged ERR_PANEL_1113.,kill game → set 120hz → reboot device,"{'text': '60 after at gaming refresh stuck', 'platforms': [], 'codes': [], 'hw_module': 'unknown', 'tech_keywords': []}","{'text': '120hz device game kill proc_reboot reboot set', 'procedures': ['proc_reboot'], 'sequence_length': 2}","{'text': '60hz 8300 code_err_panel_1113 daemon dimensity err_panel_1113 exiting game leave log phone reboot switch tech_phone', 'platforms': [], 'codes': ['err_panel_1113'], 'hw_module': 'unknown', 'tech_keywords': ['tech_phone'], 'token_count': 14}",[TITLE] 60 after at gaming refresh stuck [STEPS] 120hz device game kill proc_reboot reboot set [DESC] 60hz 8300 code_err_panel_1113 daemon dimensity err_panel_1113 exiting game leave log phone reboot switch tech_phone [SEQ_LEN] 2,unknown,0,1,2
MTK-3233,Status bar burned in already,Ghost of the status bar visible on grey screens after 3 months on ro.product.board. Oled wear early.,hide status bar → set 60hz → run logcat,"{'text': 'already bar burned in status', 'platforms': [], 'codes': [], 'hw_module': 'unknown', 'tech_keywords': []}","{'text': '60hz bar hide logcat proc_run logcat run set status', 'procedures': ['proc_run logcat'], 'sequence_length': 2}","{'text': 'bar early ghost grey module_ro.product.board month oled platform_ro.product.board screen status visible wear', 'platforms': ['ro.product.board'], 'codes': [], 'hw_module': 'ro.product.board', 'tech_keywords': [], 'token_count': 12}",[TITLE] already bar burned in status [STEPS] 60hz bar hide logcat proc_run logcat run set status [DESC] bar early ghost grey module_ro.product.board month oled platform_ro.product.board screen status visible wear [SEQ_LEN] 2,unknown,0,1,2
MTK-3234,Auto brightness pumps up and down,Brightness breathes every few seconds indoors on MT6878. Als readings oscillate around 0x1D50.,cover sensor → calibrate → reboot device,"{'text': 'and auto brightness down pumps up', 'platforms': [], 'codes': [], 'hw_module': 'unknown', 'tech_keywords': []}","{'text': 'calibrate cover device proc_reboot reboot sensor', 'procedures': ['proc_reboot'], 'sequence_length': 2}","{'text': '0x1d50 als breathe brightness code_0x1d50 indoor mt6878 oscillate platform_mt6878 reading second', 'platforms': ['mt6878'], 'codes': ['0x1d50'], 'hw_module': 'unknown', 'tech_keywords': [], 'token_count': 11}",[TITLE] and auto brightness down pumps up [STEPS] calibrate cover device proc_reboot reboot sensor [DESC] 0x1d50 als breathe brightness code_0x1d50 indoor mt6878 oscillate platform_mt6878 reading second [SEQ_LEN] 2,unknown,0,1,2
MTK-3235,Touch lags only at 120Hz,"Touches feel late exclusively at 120Hz on Dimensity 9300, 60Hz is instant. Reported alongside touch lag.",set 60hz → run touch test → run logcat,"{'text': '120hz at lags only touch', 'platforms': [], 'codes': [], 'hw_module': 'unknown', 'tech_keywords': []}","{'text': '60hz logcat proc_run logcat run set test touch', 'procedures': ['proc_run logcat'], 'sequence_length': 2}","{'text': '120hz 60hz 9300 alongside dimensity exclusively feel instant lag late report touch', 'platforms': [], 'codes': [], 'hw_module': 'unknown', 'tech_keywords': [], 'token_count': 12}",[TITLE] 120hz at lags only touch [STEPS] 60hz logcat proc_run logcat run set test touch [DESC] 120hz 60hz 9300 alongside dimensity exclusively feel instant lag late report touch [SEQ_LEN] 2,unknown,0,1,2
MTK-3236,HDR video looks washed out,"HDR titles look grey and flat on MT6896, SDR is punchy. Tone mapping logged ERR_PANEL_1119.",toggle hdr → update firmware → run logcat,"{'text': 'hdr looks out video washed', 'platforms': [], 'codes': [], 'hw_module': 'unknown', 'tech_keywords': []}","{'text': 'firmware hdr logcat proc_run logcat run toggle update', 'procedures': ['proc_run logcat'], 'sequence_length': 2}","{'text': 'code_err_panel_1119 err_panel_1119 flat grey hdr log look mapping mt6896 platform_mt6896 punchy sdr title tone', 'platforms': ['mt6896'], 'codes': ['err_panel_1119'], 'hw_module': 'unknown', 'tech_keywords': [], 'token_count': 14}",[TITLE] hdr looks out video washed [STEPS] firmware hdr logcat proc_run logcat run toggle update [DESC] code_err_panel_1119 err_panel_1119 flat grey hdr log look mapping mt6896 platform_mt6896 punchy sdr title tone [SEQ_LEN] 2,unknown,0,1,2
MTK-3237,Always-on display eats 8 percent,AOD alone drains 8 percent overnight on ro.board.platform. Refresh never idles.,disable aod → set 60hz → reboot device,"{'text': 'display eats percent', 'platforms': [], 'codes': [], 'hw_module': 'unknown', 'tech_keywords': []}","{'text': '60hz aod device disable proc_reboot reboot set', 'procedures': ['proc_reboot'], 'sequence_length': 2}","{'text': 'aod drain idle module_ro.board.platform overnight percent platform_ro.board.platform refresh', 'platforms': ['ro.board.platform'], 'codes': [], 'hw_module': 'ro.board.platform', 'tech_keywords': [], 'token_count': 8}",[TITLE] display eats percent [STEPS] 60hz aod device disable proc_reboot reboot set [DESC] aod drain idle module_ro.board.platform overnight percent platform_ro.board.platform refresh [SEQ_LEN] 2,unknown,0,1,2
MTK-3238,Screen wakes itself in pocket,The screen wakes repeatedly in a pocket on ro.vendor.mediatek. Wake reason 0x1D60.,disable lift-wake → reboot device → run logcat,"{'text': 'in itself pocket screen wakes', 'platforms': [], 'codes': [], 'hw_module': 'unknown', 'tech_keywords': []}","{'text': 'device disable lift-wake logcat proc_reboot proc_run logcat reboot run', 'procedures': ['proc_reboot', 'proc_run logcat'], 'sequence_length': 3}","{'text': '0x1d60 code_0x1d60 platform_ro.vendor.mediatek pocket reason repeatedly screen wake', 'platforms': ['ro.vendor.mediatek'], 'codes': ['0x1d60'], 'hw_module': 'unknown', 'tech_keywords': [], 'token_count': 8}",[TITLE] in itself pocket screen wakes [STEPS] device disable lift-wake logcat proc_reboot proc_run logcat reboot run [DESC] 0x1d60 code_0x1d60 platform_ro.vendor.mediatek pocket reason repeatedly screen wake [SEQ_LEN] 3,unknown,0,2,3
MTK-3239,Dead strip near the notch,A strip by the notch ignores taps on Dimensity 8300. Panel edge bonding suspected.,run touch test → update firmware → run logcat,"{'text': 'dead near notch strip the', 'platforms': [], 'codes': [], 'hw_module': 'unknown', 'tech_keywords': []}","{'text': 'firmware logcat proc_run logcat run test touch update', 'procedures': ['proc_run logcat'], 'sequence_length': 2}","{'text': '8300 bond dimensity edge ignore notch panel strip suspect tap', 'platforms': [], 'codes': [], 'hw_module': 'unknown', 'tech_keywords': [], 'token_count': 10}",[TITLE] dead near notch strip the [STEPS] firmware logcat proc_run logcat run test touch update [DESC] 8300 bond dimensity edge ignore notch panel strip suspect tap [SEQ_LEN] 2,unknown,0,1,2
MTK-3240,Ghost touches while charging,"The screen taps itself only while charging on MT6989, fine on battery. Grounding issue with ERR_TOUCH_1112 and 0x70C4.",ground device → run touch test → flash firmware,"{'text': 'charging ghost touches while', 'platforms': [], 'codes': [], 'hw_module': 'unknown', 'tech_keywords': []}","{'text': 'device firmware flash ground run test touch', 'procedures': [], 'sequence_length': 2}","{'text': '0x70c4 battery charge code_0x70c4 code_err_touch_1112 err_touch_1112 fine ground issue mt6989 platform_mt6989 screen tap', 'platforms': ['mt6989'], 'codes': ['0x70c4', 'err_touch_1112'], 'hw_module': 'unknown', 'tech_keywords': [], 'token_count': 13}",[TITLE] charging ghost touches while [STEPS] device firmware flash ground run test touch [DESC] 0x70c4 battery charge code_0x70c4 code_err_touch_1112 err_touch_1112 fine ground issue mt6989 platform_mt6989 screen tap [SEQ_LEN] 2,unknown,0,0,2
MTK-3241,Keyboard types double letters,"Every third letter doubles on k689v1_64, making typing painful. Debounce table suspected.",run touch test → clear cache → reboot device,"{'text': 'double keyboard letters types', 'platforms': [], 'codes': [], 'hw_module': 'unknown', 'tech_keywords': []}","{'text': 'cache clear device proc_reboot reboot run test touch', 'procedures': ['proc_reboot'], 'sequence_length': 2}","{'text': 'debounce double k689v1_64 letter make painful suspect table type', 'platforms': [], 'codes': [], 'hw_module': 'unknown', 'tech_keywords': [], 'token_count': 9}",[TITLE] double keyboard letters types [STEPS] cache clear device proc_reboot reboot run test touch [DESC] debounce double k689v1_64 letter make painful suspect table type [SEQ_LEN] 2,unknown,0,1,2
MTK-3242,Edge swipes trigger alone,Edge gestures fire with the phone untouched on Dimensity 9300. Palm zone too wide.,disable edge panel → run touch test → reboot device,"{'text': 'alone edge swipes trigger', 'platforms': [], 'codes': [], 'hw_module': 'unknown', 'tech_keywords': []}","{'text': 'device disable edge panel proc_reboot reboot run test touch', 'procedures': ['proc_reboot'], 'sequence_length': 2}","{'text': '9300 dimensity edge fire gesture palm phone tech_phone untouched wide zone', 'platforms': [], 'codes': [], 'hw_module': 'unknown', 'tech_keywords': ['tech_phone'], 'token_count': 11}",[TITLE] alone edge swipes trigger [STEPS] device disable edge panel proc_reboot reboot run test touch [DESC] 9300 dimensity edge fire gesture palm phone tech_phone untouched wide zone [SEQ_LEN] 2,unknown,0,1,2
MTK-3243,Wet hands kill the touchscreen,Damp fingers stop all input on ro.product.board. Water rejection logged 0x70C9.,dry screen → run touch test → run logcat,"{'text': 'hands kill the touchscreen wet', 'platforms': [], 'codes': [], 'hw_module': 'unknown', 'tech_keywords': []}","{'text': 'dry logcat proc_run logcat run screen test touch', 'procedures': ['proc_run logcat'], 'sequence_length': 2}","{'text': '0x70c9 code_0x70c9 damp finger input log module_ro.product.board platform_ro.product.board rejection stop water', 'platforms': ['ro.product.board'], 'codes': ['0x70c9'], 'hw_module': 'ro.product.board', 'tech_keywords': [], 'token_count': 11}",[TITLE] hands kill the touchscreen wet [STEPS] dry logcat proc_run logcat run screen test touch [DESC] 0x70c9 code_0x70c9 damp finger input log module_ro.product.board platform_ro.product.board rejection stop water [SEQ_LEN] 2,unknown,0,1,2
MTK-3244,Pinch zoom jumps wildly,Pinch zooms to random levels on MT6878. Two-finger tracking loses an id.,run touch test → update firmware → reboot device,"{'text': 'jumps pinch wildly zoom', 'platforms': [], 'codes': [], 'hw_module': 'unknown', 'tech_keywords': []}","{'text': 'device firmware proc_reboot reboot run test touch update', 'procedures': ['proc_reboot'], 'sequence_length': 2}","{'text': 'finger level lose mt6878 pinch platform_mt6878 random tracking zoom', 'platforms': ['mt6878'], 'codes': [], 'hw_module': 'unknown', 'tech_keywords': [], 'token_count': 9}",[TITLE] jumps pinch wildly zoom [STEPS] device firmware proc_reboot reboot run test touch update [DESC] finger level lose mt6878 pinch platform_mt6878 random tracking zoom [SEQ_LEN] 2,unknown,0,1,2
MTK-3245,Glove mode never engages,Glove mode toggle does nothing on ro.board.platform in winter. Sensitivity stuck with ERR_TOUCH_1118.,enable glove mode → run touch test → reboot device,"{'text': 'engages glove mode never', 'platforms': [], 'codes': [], 'hw_module': 'unknown', 'tech_keywords': []}","{'text': 'device enable glove mode proc_reboot reboot run test touch', 'procedures': ['proc_reboot'], 'sequence_length': 2}","{'text': 'code_err_touch_1118 err_touch_1118 glove mode module_ro.board.platform platform_ro.board.platform sensitivity stick toggle winter', 'platforms': ['ro.board.platform'], 'codes': ['err_touch_1118'], 'hw_module': 'ro.board.platform', 'tech_keywords': [], 'token_count': 10}",[TITLE] engages glove mode never [STEPS] device enable glove mode proc_reboot reboot run test touch [DESC] code_err_touch_1118 err_touch_1118 glove mode module_ro.board.platform platform_ro.board.platform sensitivity stick toggle winter [SEQ_LEN] 2,unknown,0,1,2
MTK-3246,Palm ruins note writing,Resting the palm draws stray lines on Dimensity 8300 with the stylus. Rejection never engages.,enable palm reject → run touch test → run logcat,"{'text': 'note palm ruins writing', 'platforms': [], 'codes': [], 'hw_module': 'unknown', 'tech_keywords': []}","{'text': 'enable logcat palm proc_run logcat reject run test touch', 'procedures': ['proc_run logcat'], 'sequence_length': 2}","{'text': '8300 dimensity draw engage line palm rejection rest stray stylus', 'platforms': [], 'codes': [], 'hw_module': 'unknown', 'tech_keywords': [], 'token_count': 10}",[TITLE] note palm ruins writing [STEPS] enable logcat palm proc_run logcat reject run test touch [DESC] 8300 dimensity draw engage line palm rejection rest stray stylus [SEQ_LEN] 2,unknown,0,1,2
MTK-3247,Status bar pulls down in pocket,The shade opens by itself in pockets on MT6896. Accidental touch guard logged 0x70D5.,disable lift-wake → lock screen → reboot device,"{'text': 'bar down in pocket pulls status', 'platforms': [], 'codes': [], 'hw_module': 'unknown', 'tech_keywords': []}","{'text': 'device disable lift-wake lock proc_reboot reboot screen', 'procedures': ['proc_reboot'], 'sequence_length': 3}","{'text': '0x70d5 accidental code_0x70d5 guard log mt6896 open platform_mt6896 pocket shade touch', 'platforms': ['mt6896'], 'codes': ['0x70d5'], 'hw_module': 'unknown', 'tech_keywords': [], 'token_count': 11}",[TITLE] bar down in pocket pulls status [STEPS] device disable lift-wake lock proc_reboot reboot screen [DESC] 0x70d5 accidental code_0x70d5 guard log mt6896 open platform_mt6896 pocket shade touch [SEQ_LEN] 3,unknown,0,1,3
MTK-3248,Touch dead after every call,The screen ignores taps for a minute after calls on ro.vendor.mediatek. Proximity stuck near.,clean sensor → run touch test → reboot device,"{'text': 'after call dead every touch', 'platforms': [], 'codes': [], 'hw_module': 'unknown', 'tech_keywords': []}","{'text': 'clean device proc_reboot reboot run sensor test touch', 'procedures': ['proc_reboot'], 'sequence_length': 2}","{'text': 'call ignore minute near platform_ro.vendor.mediatek proximity screen stick tap', 'platforms': ['ro.vendor.mediatek'], 'codes': [], 'hw_module': 'unknown', 'tech_keywords': [], 'token_count': 9}",[TITLE] after call dead every touch [STEPS] clean device proc_reboot reboot run sensor test touch [DESC] call ignore minute near platform_ro.vendor.mediatek proximity screen stick tap [SEQ_LEN] 2,unknown,0,1,2
MTK-3249,One corner ignores all taps,Bottom-right corner never responds on Dimensity 9300. Grid test shows ERR_TOUCH_1124.,run touch test → flash firmware → run logcat,"{'text': 'all corner ignores one taps', 'platforms': [], 'codes': [], 'hw_module': 'unknown', 'tech_keywords': []}","{'text': 'firmware flash logcat proc_run logcat run test touch', 'procedures': ['proc_run logcat'], 'sequence_length': 2}","{'text': '9300 code_err_touch_1124 corner dimensity err_touch_1124 grid respond right show test', 'platforms': [], 'codes': ['err_touch_1124'], 'hw_module': 'unknown', 'tech_keywords': [], 'token_count': 10}",[TITLE] all corner ignores one taps [STEPS] firmware flash logcat proc_run logcat run test touch [DESC] 9300 code_err_touch_1124 corner dimensity err_touch_1124 grid respond right show test [SEQ_LEN] 2,unknown,0,1,2
MTK-3250,Racing games pull left alone,"Karts steer left untouched on MT6896, calibration never sticks. Gyro bias logged ERR_GYRO_5514 with 0x6790.",figure-8 calibrate → clear cache → reboot device,"{'text': 'alone games left pull racing', 'platforms': [], 'codes': [], 'hw_module': 'unknown', 'tech_keywords': []}","{'text': 'cache calibrate clear device figure-8 proc_reboot reboot', 'procedures': ['proc_reboot'], 'sequence_length': 3}","{'text': '0x6790 bias calibration code_0x6790 code_err_gyro_5514 err_gyro_5514 gyro kart leave log mt6896 platform_mt6896 steer stick untouched', 'platforms': ['mt6896'], 'codes': ['err_gyro_5514', '0x6790'], 'hw_module': 'unknown', 'tech_keywords': [], 'token_count': 15}",[TITLE] alone games left pull racing [STEPS] cache calibrate clear device figure-8 proc_reboot reboot [DESC] 0x6790 bias calibration code_0x6790 code_err_gyro_5514 err_gyro_5514 gyro kart leave log mt6896 platform_mt6896 steer stick untouched [SEQ_LEN] 3,unknown,0,1,3
MTK-3251,Panorama tilts the horizon,Panoramas come out tilted on Dimensity 8300 though held level. Horizon fusion drifts.,figure-8 calibrate → run sensor test → run logcat,"{'text': 'horizon panorama the tilts', 'platforms': [], 'codes': [], 'hw_module': 'unknown', 'tech_keywords': []}","{'text': 'calibrate figure-8 logcat proc_run logcat run sensor test', 'procedures': ['proc_run logcat'], 'sequence_length': 3}","{'text': '8300 come dimensity drift fusion hold horizon level panoramas tilt', 'platforms': [], 'codes': [], 'hw_module': 'unknown', 'tech_keywords': [], 'token_count': 10}",[TITLE] horizon panorama the tilts [STEPS] calibrate figure-8 logcat proc_run logcat run sensor test [DESC] 8300 come dimensity drift fusion hold horizon level panoramas tilt [SEQ_LEN] 3,unknown,0,1,3
MTK-3252,VR headset drifts in minutes,VR view rotates away within minutes on MT6989. Yaw integration runs off.,figure-8 calibrate → cool device → run logcat,"{'text': 'drifts headset in minutes vr', 'platforms': [], 'codes': [], 'hw_module': 'unknown', 'tech_keywords': []}","{'text': 'calibrate cool device figure-8 logcat proc_run logcat run', 'procedures': ['proc_run logcat'], 'sequence_length': 3}","{'text': 'away integration minute mt6989 platform_mt6989 rotate run view yaw', 'platforms': ['mt6989'], 'codes': [], 'hw_module': 'unknown', 'tech_keywords': [], 'token_count': 9}",[TITLE] drifts headset in minutes vr [STEPS] calibrate cool device figure-8 logcat proc_run logcat run [DESC] away integration minute mt6989 platform_mt6989 rotate run view yaw [SEQ_LEN] 3,unknown,0,1,3
MTK-3253,Step counter adds ghost steps,"Hundreds of steps counted while desk-bound on ro.product.board. Threshold too low, ERR_GYRO_5520.",calibrate → reboot device → run logcat,"{'text': 'adds counter ghost step steps', 'platforms': [], 'codes': [], 'hw_module': 'unknown', 'tech_keywords': []}","{'text': 'calibrate device logcat proc_reboot proc_run logcat reboot run', 'procedures': ['proc_reboot', 'proc_run logcat'], 'sequence_length': 2}","{'text': 'bind code_err_gyro_5520 count desk err_gyro_5520 hundred low module_ro.product.board platform_ro.product.board step threshold', 'platforms': ['ro.product.board'], 'codes': ['err_gyro_5520'], 'hw_module': 'ro.product.board', 'tech_keywords': [], 'token_count': 11}",[TITLE] adds counter ghost step steps [STEPS] calibrate device logcat proc_reboot proc_run logcat reboot run [DESC] bind code_err_gyro_5520 count desk err_gyro_5520 hundred low module_ro.product.board platform_ro.product.board step threshold [SEQ_LEN] 2,unknown,0,2,2
MTK-3254,Auto-rotate stuck landscape,Rotation locks in landscape on k689v1_64 until reboot. Orientation daemon logged 0x6795.,toggle rotate → figure-8 calibrate → reboot device,"{'text': 'landscape stuck', 'platforms': [], 'codes': [], 'hw_module': 'unknown', 'tech_keywords': []}","{'text': 'calibrate device figure-8 proc_reboot reboot rotate toggle', 'procedures': ['proc_reboot'], 'sequence_length': 3}","{'text': '0x6795 code_0x6795 daemon k689v1_64 landscape lock log orientation reboot rotation', 'platforms': [], 'codes': ['0x6795'], 'hw_module': 'unknown', 'tech_keywords': [], 'token_count': 10}",[TITLE] landscape stuck [STEPS] calibrate device figure-8 proc_reboot reboot rotate toggle [DESC] 0x6795 code_0x6795 daemon k689v1_64 landscape lock log orientation reboot rotation [SEQ_LEN] 3,unknown,0,1,3
MTK-3255,Stabilization fights itself,Video shimmers as OIS and EIS disagree on Dimensity 9300. Fusion loop suspected.,disable eis → update camera fw → run logcat,"{'text': 'fights itself stabilization', 'platforms': [], 'codes': [], 'hw_module': 'unknown', 'tech_keywords': []}","{'text': 'camera disable eis fw logcat proc_run logcat run update', 'procedures': ['proc_run logcat'], 'sequence_length': 2}","{'text': '9300 dimensity disagree eis fusion loop ois shimmer suspect video', 'platforms': [], 'codes': [], 'hw_module': 'unknown', 'tech_keywords': [], 'token_count': 10}",[TITLE] fights itself stabilization [STEPS] camera disable eis fw logcat proc_run logcat run update [DESC] 9300 dimensity disagree eis fusion loop ois shimmer suspect video [SEQ_LEN] 2,unknown,0,1,2
MTK-3256,Compass spins on car mount,The compass rotates wildly on the magnetic mount on MT6878. Magnetometer saturated.,move from magnet → figure-8 calibrate → run logcat,"{'text': 'car compass mount on spins', 'platforms': [], 'codes': [], 'hw_module': 'unknown', 'tech_keywords': []}","{'text': 'calibrate figure-8 from logcat magnet move proc_run logcat run', 'procedures': ['proc_run logcat'], 'sequence_length': 3}","{'text': 'compass magnetic magnetometer mount mt6878 platform_mt6878 rotate saturate wildly', 'platforms': ['mt6878'], 'codes': [], 'hw_module': 'unknown', 'tech_keywords': [], 'token_count': 9}",[TITLE] car compass mount on spins [STEPS] calibrate figure-8 from logcat magnet move proc_run logcat run [DESC] compass magnetic magnetometer mount mt6878 platform_mt6878 rotate saturate wildly [SEQ_LEN] 3,unknown,0,1,3
MTK-3257,Shake flashlight fires randomly,The flashlight toggles on every brisk walk on ro.board.platform. Gesture threshold logged ERR_GYRO_5527.,lower sensitivity → figure-8 calibrate → reboot device,"{'text': 'fires flashlight randomly shake', 'platforms': [], 'codes': [], 'hw_module': 'unknown', 'tech_keywords': []}","{'text': 'calibrate device figure-8 lower proc_reboot reboot sensitivity', 'procedures': ['proc_reboot'], 'sequence_length': 3}","{'text': 'brisk code_err_gyro_5527 err_gyro_5527 flashlight gesture log module_ro.board.platform platform_ro.board.platform threshold toggle walk', 'platforms': ['ro.board.platform'], 'codes': ['err_gyro_5527'], 'hw_module': 'ro.board.platform', 'tech_keywords': [], 'token_count': 11}",[TITLE] fires flashlight randomly shake [STEPS] calibrate device figure-8 lower proc_reboot reboot sensitivity [DESC] brisk code_err_gyro_5527 err_gyro_5527 flashlight gesture log module_ro.board.platform platform_ro.board.platform threshold toggle walk [SEQ_LEN] 3,unknown,0,1,3
MTK-3258,Level app off by 3 degrees,The level reads 3 degrees off on a flat table on Dimensity 8300. Offset register 0x67A0.,calibrate on table → run sensor test → run logcat,"{'text': 'app by degrees level off', 'platforms': [], 'codes': [], 'hw_module': 'unknown', 'tech_keywords': []}","{'text': 'calibrate logcat on proc_run logcat run sensor table test', 'procedures': ['proc_run logcat'], 'sequence_length': 2}","{'text': '0x67a0 8300 code_0x67a0 degree dimensity flat level offset read register table', 'platforms': [], 'codes': ['0x67a0'], 'hw_module': 'unknown', 'tech_keywords': [], 'token_count': 11}",[TITLE] app by degrees level off [STEPS] calibrate logcat on proc_run logcat run sensor table test [DESC] 0x67a0 8300 code_0x67a0 degree dimensity flat level offset read register table [SEQ_LEN] 2,unknown,0,1,2
MTK-3259,Gyro dead after a drop,Rotation stopped entirely after a waist-high drop on MT6896. Mems element suspected cracked.,run sensor test → flash firmware → run logcat,"{'text': 'after dead drop gyro', 'platforms': [], 'codes': [], 'hw_module': 'unknown', 'tech_keywords': []}","{'text': 'firmware flash logcat proc_run logcat run sensor test', 'procedures': ['proc_run logcat'], 'sequence_length': 2}","{'text': 'crack drop element entirely high mem mt6896 platform_mt6896 rotation stop suspect waist', 'platforms': ['mt6896'], 'codes': [], 'hw_module': 'unknown', 'tech_keywords': [], 'token_count': 12}",[TITLE] after dead drop gyro [STEPS] firmware flash logcat proc_run logcat run sensor test [DESC] crack drop element entirely high mem mt6896 platform_mt6896 rotation stop suspect waist [SEQ_LEN] 2,unknown,0,1,2
MTK-3260,Altitude frozen at 1013 hPa,"Pressure never moves from 1013 on MT6989, hikes record flat lines. LPS22 driver logged ERR_BARO_5517 with 0x8A90.",run sensor test → reboot device → flash firmware,"{'text': '1013 altitude at frozen hpa', 'platforms': [], 'codes': [], 'hw_module': 'unknown', 'tech_keywords': []}","{'text': 'device firmware flash proc_reboot reboot run sensor test', 'procedures': ['proc_reboot'], 'sequence_length': 2}","{'text': '0x8a90 1013 code_0x8a90 code_err_baro_5517 driver err_baro_5517 flat hike line log lps22 move mt6989 platform_mt6989 pressure record', 'platforms': ['mt6989'], 'codes': ['0x8a90', 'err_baro_5517'], 'hw_module': 'unknown', 'tech_keywords': [], 'token_count': 16}",[TITLE] 1013 altitude at frozen hpa [STEPS] device firmware flash proc_reboot reboot run sensor test [DESC] 0x8a90 1013 code_0x8a90 code_err_baro_5517 driver err_baro_5517 flat hike line log lps22 move mt6989 platform_mt6989 pressure record [SEQ_LEN] 2,unknown,0,1,2
MTK-3261,Elevation wrong on every hike,Recorded elevation is off by hundreds of meters on Dimensity 8300. Sea-level reference never updates.,calibrate baro → run sensor test → run logcat,"{'text': 'elevation every hike on wrong', 'platforms': [], 'codes': [], 'hw_module': 'unknown', 'tech_keywords': []}","{'text': 'baro calibrate logcat proc_run logcat run sensor test', 'procedures': ['proc_run logcat'], 'sequence_length': 2}","{'text': '8300 dimensity elevation hundred level meter record reference sea update', 'platforms': [], 'codes': [], 'hw_module': 'unknown', 'tech_keywords': [], 'token_count': 10}",[TITLE] elevation every hike on wrong [STEPS] baro calibrate logcat proc_run logcat run sensor test [DESC] 8300 dimensity elevation hundred level meter record reference sea update [SEQ_LEN] 2,unknown,0,1,2
MTK-3262,Floor counting never advances,Stair climbs never register floors on ro.product.board. Pressure delta too small to trip.,calibrate baro → reboot device → run logcat,"{'text': 'advances counting floor never', 'platforms': [], 'codes': [], 'hw_module': 'unknown', 'tech_keywords': []}","{'text': 'baro calibrate device logcat proc_reboot proc_run logcat reboot run', 'procedures': ['proc_reboot', 'proc_run logcat'], 'sequence_length': 2}","{'text': 'climb delta floor module_ro.product.board platform_ro.product.board pressure register small stair trip', 'platforms': ['ro.product.board'], 'codes': [], 'hw_module': 'ro.product.board', 'tech_keywords': [], 'token_count': 10}",[TITLE] advances counting floor never [STEPS] baro calibrate device logcat proc_reboot proc_run logcat reboot run [DESC] climb delta floor module_ro.product.board platform_ro.product.board pressure register small stair trip [SEQ_LEN] 2,unknown,0,2,2
MTK-3263,Storm alert never fired,A pressure-drop storm warning never triggered on k689v1_64. Alert daemon logged ERR_BARO_5523.,enable alerts → run sensor test → reboot device,"{'text': 'alert fired never storm', 'platforms': [], 'codes': [], 'hw_module': 'unknown', 'tech_keywords': []}","{'text': 'alerts device enable proc_reboot reboot run sensor test', 'procedures': ['proc_reboot'], 'sequence_length': 2}","{'text': 'alert code_err_baro_5523 daemon drop err_baro_5523 k689v1_64 log pressure storm trigger warning', 'platforms': [], 'codes': ['err_baro_5523'], 'hw_module': 'unknown', 'tech_keywords': [], 'token_count': 11}",[TITLE] alert fired never storm [STEPS] alerts device enable proc_reboot reboot run sensor test [DESC] alert code_err_baro_5523 daemon drop err_baro_5523 k689v1_64 log pressure storm trigger warning [SEQ_LEN] 2,unknown,0,1,2
MTK-3264,Baro flatlines in airplane mode,Pressure freezes the moment airplane mode goes on on MT6878. Sensor hub gating suspected.,disable airplane → run sensor test → run logcat,"{'text': 'airplane baro flatlines in mode', 'platforms': [], 'codes': [], 'hw_module': 'unknown', 'tech_keywords': []}","{'text': 'airplane disable logcat proc_run logcat run sensor test', 'procedures': ['proc_run logcat'], 'sequence_length': 2}","{'text': 'airplane freeze gate go hub mode moment mt6878 platform_mt6878 pressure sensor suspect', 'platforms': ['mt6878'], 'codes': [], 'hw_module': 'unknown', 'tech_keywords': [], 'token_count': 12}",[TITLE] airplane baro flatlines in mode [STEPS] airplane disable logcat proc_run logcat run sensor test [DESC] airplane freeze gate go hub mode moment mt6878 platform_mt6878 pressure sensor suspect [SEQ_LEN] 2,unknown,0,1,2
MTK-3265,Elevation track is pure noise,Hike profiles look like saw teeth on Dimensity 9300. Raw noise around 0x8A99.,smooth track → run sensor test → run logcat,"{'text': 'elevation is noise pure track', 'platforms': [], 'codes': [], 'hw_module': 'unknown', 'tech_keywords': []}","{'text': 'logcat proc_run logcat run sensor smooth test track', 'procedures': ['proc_run logcat'], 'sequence_length': 2}","{'text': '0x8a99 9300 code_0x8a99 dimensity hike like look noise profile raw see tooth', 'platforms': [], 'codes': ['0x8a99'], 'hw_module': 'unknown', 'tech_keywords': [], 'token_count': 12}",[TITLE] elevation is noise pure track [STEPS] logcat proc_run logcat run sensor smooth test track [DESC] 0x8a99 9300 code_0x8a99 dimensity hike like look noise profile raw see tooth [SEQ_LEN] 2,unknown,0,1,2
MTK-3266,Baro dies when phone warms up,Pressure freezes once the phone gets warm on MT6896 and returns when cool. Thermal drift.,cool device → run sensor test → run logcat,"{'text': 'baro dies phone tech_phone up warms when', 'platforms': [], 'codes': [], 'hw_module': 'unknown', 'tech_keywords': ['tech_phone']}","{'text': 'cool device logcat proc_run logcat run sensor test', 'procedures': ['proc_run logcat'], 'sequence_length': 2}","{'text': 'cool drift error_turn freeze get mt6896 phone platform_mt6896 pressure return tech_phone thermal warm', 'platforms': ['mt6896'], 'codes': [], 'hw_module': 'unknown', 'tech_keywords': ['error_turn', 'tech_phone'], 'token_count': 13}",[TITLE] baro dies phone tech_phone up warms when [STEPS] cool device logcat proc_run logcat run sensor test [DESC] cool drift error_turn freeze get mt6896 phone platform_mt6896 pressure return tech_phone thermal warm [SEQ_LEN] 2,unknown,0,1,2
MTK-3267,Two phones disagree by 10 meters,Side by side the two units differ by 10m elevation on ro.board.platform. Factory offset logged ERR_BARO_5531.,calibrate baro → run sensor test → reboot device,"{'text': '10 by disagree meters phones tech_phone two', 'platforms': [], 'codes': [], 'hw_module': 'unknown', 'tech_keywords': ['tech_phone']}","{'text': 'baro calibrate device proc_reboot reboot run sensor test', 'procedures': ['proc_reboot'], 'sequence_length': 2}","{'text': 'code_err_baro_5531 differ elevation err_baro_5531 factory log module_ro.board.platform offset platform_ro.board.platform unit', 'platforms': ['ro.board.platform'], 'codes': ['err_baro_5531'], 'hw_module': 'ro.board.platform', 'tech_keywords': [], 'token_count': 10}",[TITLE] 10 by disagree meters phones tech_phone two [STEPS] baro calibrate device proc_reboot reboot run sensor test [DESC] code_err_baro_5531 differ elevation err_baro_5531 factory log module_ro.board.platform offset platform_ro.board.platform unit [SEQ_LEN] 2,unknown,0,1,2
MTK-3268,Pressure spikes pressing case,Squeezing the case spikes the reading on Dimensity 8300. Vent hole blocked.,remove case → run sensor test → run logcat,"{'text': 'case pressing pressure spikes', 'platforms': [], 'codes': [], 'hw_module': 'unknown', 'tech_keywords': []}","{'text': 'case logcat proc_run logcat remove run sensor test', 'procedures': ['proc_run logcat'], 'sequence_length': 2}","{'text': '8300 block case dimensity hole reading spike squeeze vent', 'platforms': [], 'codes': [], 'hw_module': 'unknown', 'tech_keywords': [], 'token_count': 9}",[TITLE] case pressing pressure spikes [STEPS] case logcat proc_run logcat remove run sensor test [DESC] 8300 block case dimensity hole reading spike squeeze vent [SEQ_LEN] 2,unknown,0,1,2
MTK-3269,Diagnostics list no barometer,"The diagnostics app shows no barometer on MT6989 though specced. Hal never registers, 0x8AA0.",update firmware → run sensor test → flash firmware,"{'text': 'barometer diagnostics list no', 'platforms': [], 'codes': [], 'hw_module': 'unknown', 'tech_keywords': []}","{'text': 'firmware flash run sensor test update', 'procedures': [], 'sequence_length': 2}","{'text': '0x8aa0 app barometer code_0x8aa0 diagnostic hal mt6989 platform_mt6989 register show specce', 'platforms': ['mt6989'], 'codes': ['0x8aa0'], 'hw_module': 'unknown', 'tech_keywords': [], 'token_count': 11}",[TITLE] barometer diagnostics list no [STEPS] firmware flash run sensor test update [DESC] 0x8aa0 app barometer code_0x8aa0 diagnostic hal mt6989 platform_mt6989 register show specce [SEQ_LEN] 2,unknown,0,0,2
MTK-3270,Signal drops holding the phone,"Bars fall the moment it is gripped on MT6896, back on the table they return. Sar sensor sx933x logged ERR_SAR_5519.",remove case → run sensor test → calibrate,"{'text': 'drops holding phone signal tech_phone the', 'platforms': [], 'codes': [], 'hw_module': 'unknown', 'tech_keywords': ['tech_phone']}","{'text': 'calibrate case remove run sensor test', 'procedures': [], 'sequence_length': 2}","{'text': 'bar code_err_sar_5519 err_sar_5519 error_turn fall grip log moment mt6896 platform_mt6896 return sar sensor sx933x table', 'platforms': ['mt6896'], 'codes': ['err_sar_5519'], 'hw_module': 'unknown', 'tech_keywords': ['error_turn'], 'token_count': 15}",[TITLE] drops holding phone signal tech_phone the [STEPS] calibrate case remove run sensor test [DESC] bar code_err_sar_5519 err_sar_5519 error_turn fall grip log moment mt6896 platform_mt6896 return sar sensor sx933x table [SEQ_LEN] 2,unknown,0,0,2
MTK-3271,Table triggers in-hand mode,Lying on a wooden table it thinks it is held on Dimensity 9300. Capacitance baseline drifted.,update firmware → run sensor test → calibrate,"{'text': 'mode table triggers', 'platforms': [], 'codes': [], 'hw_module': 'unknown', 'tech_keywords': []}","{'text': 'calibrate firmware run sensor test update', 'procedures': [], 'sequence_length': 2}","{'text': '9300 baseline capacitance dimensity drift hold lie table think wooden', 'platforms': [], 'codes': [], 'hw_module': 'unknown', 'tech_keywords': [], 'token_count': 10}",[TITLE] mode table triggers [STEPS] calibrate firmware run sensor test update [DESC] 9300 baseline capacitance dimensity drift hold lie table think wooden [SEQ_LEN] 2,unknown,0,0,2
MTK-3272,Tight grip halves 5G speed,"Speed halves gripped firmly on k689v1_64, loose hold is full speed. Antenna detune.",loosen grip → remove case → run logcat,"{'text': '5g grip halves speed tight', 'platforms': [], 'codes': [], 'hw_module': 'unknown', 'tech_keywords': []}","{'text': 'case grip logcat loosen proc_run logcat remove run', 'procedures': ['proc_run logcat'], 'sequence_length': 2}","{'text': 'antenna detune firmly grip half hold k689v1_64 loose speed', 'platforms': [], 'codes': [], 'hw_module': 'unknown', 'tech_keywords': [], 'token_count': 9}",[TITLE] 5g grip halves speed tight [STEPS] case grip logcat loosen proc_run logcat remove run [DESC] antenna detune firmly grip half hold k689v1_64 loose speed [SEQ_LEN] 2,unknown,0,1,2
MTK-3273,Proximity stuck near on table,The proximity reads near sitting on a table on ro.product.board. Offset register 0x5A40.,clean sensor → run sensor test → reboot device,"{'text': 'near on proximity stuck table', 'platforms': [], 'codes': [], 'hw_module': 'unknown', 'tech_keywords': []}","{'text': 'clean device proc_reboot reboot run sensor test', 'procedures': ['proc_reboot'], 'sequence_length': 2}","{'text': '0x5a40 code_0x5a40 module_ro.product.board near offset platform_ro.product.board proximity read register sit table', 'platforms': ['ro.product.board'], 'codes': ['0x5a40'], 'hw_module': 'ro.product.board', 'tech_keywords': [], 'token_count': 11}",[TITLE] near on proximity stuck table [STEPS] clean device proc_reboot reboot run sensor test [DESC] 0x5a40 code_0x5a40 module_ro.product.board near offset platform_ro.product.board proximity read register sit table [SEQ_LEN] 2,unknown,0,1,2
MTK-3274,Screen stays on during calls,The display never turns off on calls on MT6878 and the cheek mutes people. Sensor blind.,clean sensor → remove case → run logcat,"{'text': 'calls during on screen stays', 'platforms': [], 'codes': [], 'hw_module': 'unknown', 'tech_keywords': []}","{'text': 'case clean logcat proc_run logcat remove run sensor', 'procedures': ['proc_run logcat'], 'sequence_length': 2}","{'text': 'blind call cheek display error_turn mt6878 mute people platform_mt6878 sensor turn', 'platforms': ['mt6878'], 'codes': [], 'hw_module': 'unknown', 'tech_keywords': ['error_turn'], 'token_count': 11}",[TITLE] calls during on screen stays [STEPS] case clean logcat proc_run logcat remove run sensor [DESC] blind call cheek display error_turn mt6878 mute people platform_mt6878 sensor turn [SEQ_LEN] 2,unknown,0,1,2
MTK-3275,SAR fails the lab retest,Certification retest failed radiated power on Dimensity 8300. Backoff table flagged ERR_SAR_5525.,flash lab fw → run sensor test → run logcat,"{'text': 'fails lab retest sar the', 'platforms': [], 'codes': [], 'hw_module': 'unknown', 'tech_keywords': []}","{'text': 'flash fw lab logcat proc_run logcat run sensor test', 'procedures': ['proc_run logcat'], 'sequence_length': 2}","{'text': '8300 backoff certification code_err_sar_5525 dimensity err_sar_5525 fail flag power radiate retest table', 'platforms': [], 'codes': ['err_sar_5525'], 'hw_module': 'unknown', 'tech_keywords': [], 'token_count': 12}",[TITLE] fails lab retest sar the [STEPS] flash fw lab logcat proc_run logcat run sensor test [DESC] 8300 backoff certification code_err_sar_5525 dimensity err_sar_5525 fail flag power radiate retest table [SEQ_LEN] 2,unknown,0,1,2
MTK-3276,Metal bumper kills WiFi,"The metal bumper drops WiFi to unusable on MT6989, plastic is fine. Antenna shorted.",remove case → toggle wifi → run logcat,"{'text': 'bumper kills metal tech_wifi wifi', 'platforms': [], 'codes': [], 'hw_module': 'unknown', 'tech_keywords': ['tech_wifi']}","{'text': 'case logcat proc_run logcat remove run toggle wifi', 'procedures': ['proc_run logcat'], 'sequence_length': 2}","{'text': 'antenna bumper drop fine metal mt6989 plastic platform_mt6989 short tech_wifi unusable wifi', 'platforms': ['mt6989'], 'codes': [], 'hw_module': 'unknown', 'tech_keywords': ['tech_wifi'], 'token_count': 12}",[TITLE] bumper kills metal tech_wifi wifi [STEPS] case logcat proc_run logcat remove run toggle wifi [DESC] antenna bumper drop fine metal mt6989 plastic platform_mt6989 short tech_wifi unusable wifi [SEQ_LEN] 2,unknown,0,1,2
MTK-3277,Left-hand grip drops two bars,"Holding left-handed loses two bars on ro.board.platform, right hand is fine. Antenna position logged 0x5A50.",rotate phone → remove case → run logcat,"{'text': 'bars drops grip two', 'platforms': [], 'codes': [], 'hw_module': 'unknown', 'tech_keywords': []}","{'text': 'case logcat phone proc_run logcat remove rotate run', 'procedures': ['proc_run logcat'], 'sequence_length': 2}","{'text': '0x5a50 antenna bar code_0x5a50 fine hand handed hold left log lose module_ro.board.platform platform_ro.board.platform position right', 'platforms': ['ro.board.platform'], 'codes': ['0x5a50'], 'hw_module': 'ro.board.platform', 'tech_keywords': [], 'token_count': 15}",[TITLE] bars drops grip two [STEPS] case logcat phone proc_run logcat remove rotate run [DESC] 0x5a50 antenna bar code_0x5a50 fine hand handed hold left log lose module_ro.board.platform platform_ro.board.platform position right [SEQ_LEN] 2,unknown,0,1,2
MTK-3278,Wireless charger trips the sensor,Dropping it on the pad triggers in-hand mode on Dimensity 9300. Coil field couples in.,recenter phone → remove case → run logcat,"{'text': 'charger sensor the trips wireless', 'platforms': [], 'codes': [], 'hw_module': 'unknown', 'tech_keywords': []}","{'text': 'case logcat phone proc_run logcat recenter remove run', 'procedures': ['proc_run logcat'], 'sequence_length': 2}","{'text': '9300 coil couple dimensity drop field hand mode pad trigger', 'platforms': [], 'codes': [], 'hw_module': 'unknown', 'tech_keywords': [], 'token_count': 10}",[TITLE] charger sensor the trips wireless [STEPS] case logcat phone proc_run logcat recenter remove run [DESC] 9300 coil couple dimensity drop field hand mode pad trigger [SEQ_LEN] 2,unknown,0,1,2
MTK-3279,SAR calibration lost in update,"The update wiped sar calibration on MT6896, signal behavior changed. Recalibration requested ERR_SAR_5532.",calibrate → run sensor test → reboot device,"{'text': 'calibration in lost sar update', 'platforms': [], 'codes': [], 'hw_module': 'unknown', 'tech_keywords': []}","{'text': 'calibrate device proc_reboot reboot run sensor test', 'procedures': ['proc_reboot'], 'sequence_length': 2}","{'text': 'behavior calibration change code_err_sar_5532 err_sar_5532 mt6896 platform_mt6896 recalibration request sar signal update wipe', 'platforms': ['mt6896'], 'codes': ['err_sar_5532'], 'hw_module': 'unknown', 'tech_keywords': [], 'token_count': 13}",[TITLE] calibration in lost sar update [STEPS] calibrate device proc_reboot reboot run sensor test [DESC] behavior calibration change code_err_sar_5532 err_sar_5532 mt6896 platform_mt6896 recalibration request sar signal update wipe [SEQ_LEN] 2,unknown,0,1,2
MTK-3280,Warm reboot fails memory check,"Restarting warm always fails the memory check on MT6989, cold boot passes. DDR training logged ERR_DDR_8801 with EMI code 0xD0D0.",enter bootloader → reflash preloader → run logcat,"{'text': 'check fails memory reboot warm', 'platforms': [], 'codes': [], 'hw_module': 'unknown', 'tech_keywords': []}","{'text': 'bootloader enter logcat preloader proc_run logcat reflash run', 'procedures': ['proc_run logcat'], 'sequence_length': 2}","{'text': '0xd0d0 boot check code code_0xd0d0 code_err_ddr_8801 cold ddr emi err_ddr_8801 fail log memory mt6989 pass platform_mt6989 restart training warm', 'platforms': ['mt6989'], 'codes': ['err_ddr_8801', '0xd0d0'], 'hw_module': 'unknown', 'tech_keywords': [], 'token_count': 19}",[TITLE] check fails memory reboot warm [STEPS] bootloader enter logcat preloader proc_run logcat reflash run [DESC] 0xd0d0 boot check code code_0xd0d0 code_err_ddr_8801 cold ddr emi err_ddr_8801 fail log memory mt6989 pass platform_mt6989 restart training warm [SEQ_LEN] 2,unknown,0,1,2
MTK-3281,12GB model shows 8GB usable,Settings reports 8GB on a 12GB unit on k689v1_64. Carveout reserved wrong.,enter bootloader → check variant → flash firmware,"{'text': '12gb 8gb model shows usable', 'platforms': [], 'codes': [], 'hw_module': 'unknown', 'tech_keywords': []}","{'text': 'bootloader check enter firmware flash variant', 'procedures': [], 'sequence_length': 2}","{'text': 'carveout k689v1_64 report reserve setting unit wrong', 'platforms': [], 'codes': [], 'hw_module': 'unknown', 'tech_keywords': [], 'token_count': 7}",[TITLE] 12gb 8gb model shows usable [STEPS] bootloader check enter firmware flash variant [DESC] carveout k689v1_64 report reserve setting unit wrong [SEQ_LEN] 2,unknown,0,0,2
MTK-3282,Games die to low-memory killer,Heavy games get killed minutes in on Dimensity 8300 with free ram showing. Lmk threshold 0xD088.,close background → cool device → run logcat,"{'text': 'die games killer to', 'platforms': [], 'codes': [], 'hw_module': 'unknown', 'tech_keywords': []}","{'text': 'background close cool device logcat proc_run logcat run', 'procedures': ['proc_run logcat'], 'sequence_length': 2}","{'text': '0xd088 8300 code_0xd088 dimensity free game heavy kill lmk minute ram showing threshold', 'platforms': [], 'codes': ['0xd088'], 'hw_module': 'unknown', 'tech_keywords': [], 'token_count': 13}",[TITLE] die games killer to [STEPS] background close cool device logcat proc_run logcat run [DESC] 0xd088 8300 code_0xd088 dimensity free game heavy kill lmk minute ram showing threshold [SEQ_LEN] 2,unknown,0,1,2
MTK-3283,"Apps redraw, swap never engages","Every app restarts on return on MT6878, zram stays at zero. Swap never enabled.",enable zram → reboot device → run logcat,"{'text': 'apps engages never redraw swap', 'platforms': [], 'codes': [], 'hw_module': 'unknown', 'tech_keywords': []}","{'text': 'device enable logcat proc_reboot proc_run logcat reboot run zram', 'procedures': ['proc_reboot', 'proc_run logcat'], 'sequence_length': 2}","{'text': 'app enable error_turn mt6878 platform_mt6878 restart return stay swap zero zram', 'platforms': ['mt6878'], 'codes': [], 'hw_module': 'unknown', 'tech_keywords': ['error_turn'], 'token_count': 11}",[TITLE] apps engages never redraw swap [STEPS] device enable logcat proc_reboot proc_run logcat reboot run zram [DESC] app enable error_turn mt6878 platform_mt6878 restart return stay swap zero zram [SEQ_LEN] 2,unknown,0,2,2
MTK-3284,MPU violation in modem domain,Reboot with emi mpu violation on ro.mediatek.platform during calls. Kernel logged KE_emi_mpu and 0xE001.,pull last_kmsg → flash firmware → run logcat,"{'text': 'domain in modem mpu violation', 'platforms': [], 'codes': [], 'hw_module': 'unknown', 'tech_keywords': []}","{'text': 'firmware flash last_kmsg logcat proc_run logcat pull run', 'procedures': ['proc_run logcat'], 'sequence_length': 2}","{'text': '0xe001 call code_0xe001 code_ke_emi_mpu emi ke_emi_mpu kernel log mpu platform_ro.mediatek.platform reboot violation', 'platforms': ['ro.mediatek.platform'], 'codes': ['0xe001', 'ke_emi_mpu'], 'hw_module': 'unknown', 'tech_keywords': [], 'token_count': 12}",[TITLE] domain in modem mpu violation [STEPS] firmware flash last_kmsg logcat proc_run logcat pull run [DESC] 0xe001 call code_0xe001 code_ke_emi_mpu emi ke_emi_mpu kernel log mpu platform_ro.mediatek.platform reboot violation [SEQ_LEN] 2,unknown,0,1,2
MTK-3285,Memory test fails bank one,The built-in memtest fails bank 1 on Dimensity 9300. Hardware fault ERR_DDR_8812.,enter bootloader → run memtest → flash firmware,"{'text': 'bank fails memory one test', 'platforms': [], 'codes': [], 'hw_module': 'unknown', 'tech_keywords': []}","{'text': 'bootloader enter firmware flash memtest run', 'procedures': [], 'sequence_length': 2}","{'text': '9300 bank build code_err_ddr_8812 dimensity err_ddr_8812 fail fault hardware memt module_hardware', 'platforms': [], 'codes': ['err_ddr_8812'], 'hw_module': 'hardware', 'tech_keywords': [], 'token_count': 11}",[TITLE] bank fails memory one test [STEPS] bootloader enter firmware flash memtest run [DESC] 9300 bank build code_err_ddr_8812 dimensity err_ddr_8812 fail fault hardware memt module_hardware [SEQ_LEN] 2,unknown,0,0,2
MTK-3286,Video encode corrupts frames,"Recorded video has green blocks on MT6896, playback of files is fine. Iommu fault 0xD0F0 during encode.",update firmware → cool device → run logcat,"{'text': 'corrupts encode frames video', 'platforms': [], 'codes': [], 'hw_module': 'unknown', 'tech_keywords': []}","{'text': 'cool device firmware logcat proc_run logcat run update', 'procedures': ['proc_run logcat'], 'sequence_length': 2}","{'text': '0xd0f0 block code_0xd0f0 encode fault file fine green iommu mt6896 platform_mt6896 playback record video', 'platforms': ['mt6896'], 'codes': ['0xd0f0'], 'hw_module': 'unknown', 'tech_keywords': [], 'token_count': 14}",[TITLE] corrupts encode frames video [STEPS] cool device firmware logcat proc_run logcat run update [DESC] 0xd0f0 block code_0xd0f0 encode fault file fine green iommu mt6896 platform_mt6896 playback record video [SEQ_LEN] 2,unknown,0,1,2
MTK-3287,Second SIM slot faults memory,"Inserting SIM2 causes an mpu fault on ro.product.board, SIM1 alone fine. Domain setup suspected.",remove sim2 → pull last_kmsg → flash firmware,"{'text': 'faults memory second sim slot', 'platforms': [], 'codes': [], 'hw_module': 'unknown', 'tech_keywords': []}","{'text': 'firmware flash last_kmsg pull remove sim2', 'procedures': [], 'sequence_length': 2}","{'text': 'cause domain fault fine insert module_ro.product.board mpu platform_ro.product.board setup sim1 sim2 suspect', 'platforms': ['ro.product.board'], 'codes': [], 'hw_module': 'ro.product.board', 'tech_keywords': [], 'token_count': 12}",[TITLE] faults memory second sim slot [STEPS] firmware flash last_kmsg pull remove sim2 [DESC] cause domain fault fine insert module_ro.product.board mpu platform_ro.product.board setup sim1 sim2 suspect [SEQ_LEN] 2,unknown,0,0,2
MTK-3288,Camera denied contiguous memory,4K recording fails for lack of contiguous memory on Dimensity 8300. Cma pool logged ERR_DDR_8820.,update camera fw → reboot device → run logcat,"{'text': 'camera contiguous denied memory', 'platforms': [], 'codes': [], 'hw_module': 'unknown', 'tech_keywords': []}","{'text': 'camera device fw logcat proc_reboot proc_run logcat reboot run update', 'procedures': ['proc_reboot', 'proc_run logcat'], 'sequence_length': 2}","{'text': '8300 cma code_err_ddr_8820 contiguous dimensity err_ddr_8820 fail lack log memory pool recording', 'platforms': [], 'codes': ['err_ddr_8820'], 'hw_module': 'unknown', 'tech_keywords': [], 'token_count': 12}",[TITLE] camera contiguous denied memory [STEPS] camera device fw logcat proc_reboot proc_run logcat reboot run update [DESC] 8300 cma code_err_ddr_8820 contiguous dimensity err_ddr_8820 fail lack log memory pool recording [SEQ_LEN] 2,unknown,0,2,2
MTK-3289,Suspend drains 15 percent nightly,Fifteen percent vanishes overnight idle on MT6989. Spm sleep aborted repeatedly.,run batterystats → flash firmware → reboot device,"{'text': '15 drains nightly percent suspend', 'platforms': [], 'codes': [], 'hw_module': 'unknown', 'tech_keywords': []}","{'text': 'batterystats device firmware flash proc_reboot reboot run', 'procedures': ['proc_reboot'], 'sequence_length': 2}","{'text': 'abort idle mt6989 overnight percent platform_mt6989 repeatedly sleep spm vanishe', 'platforms': ['mt6989'], 'codes': [], 'hw_module': 'unknown', 'tech_keywords': [], 'token_count': 10}",[TITLE] 15 drains nightly percent suspend [STEPS] batterystats device firmware flash proc_reboot reboot run [DESC] abort idle mt6989 overnight percent platform_mt6989 repeatedly sleep spm vanishe [SEQ_LEN] 2,unknown,0,1,2
MTK-3290,Hey Google never wakes it,"The hotword never wakes the phone on MT6896, button assistant works. Vow dsp logged ERR_VOW_2250.",retrain voice model → reboot device → run logcat,"{'text': 'google hey it never wakes', 'platforms': [], 'codes': [], 'hw_module': 'unknown', 'tech_keywords': []}","{'text': 'device logcat model proc_reboot proc_run logcat reboot retrain run voice', 'procedures': ['proc_reboot', 'proc_run logcat'], 'sequence_length': 2}","{'text': 'assistant button code_err_vow_2250 dsp err_vow_2250 hotword log mt6896 phone platform_mt6896 tech_phone vow wake work', 'platforms': ['mt6896'], 'codes': ['err_vow_2250'], 'hw_module': 'unknown', 'tech_keywords': ['tech_phone'], 'token_count': 14}",[TITLE] google hey it never wakes [STEPS] device logcat model proc_reboot proc_run logcat reboot retrain run voice [DESC] assistant button code_err_vow_2250 dsp err_vow_2250 hotword log mt6896 phone platform_mt6896 tech_phone vow wake work [SEQ_LEN] 2,unknown,0,2,2
MTK-3291,TV voices wake the phone,Commercials keep waking the phone on Dimensity 9300. False accept rate high.,retrain voice model → lower sensitivity → run logcat,"{'text': 'phone tech_phone the tv voices wake', 'platforms': [], 'codes': [], 'hw_module': 'unknown', 'tech_keywords': ['tech_phone']}","{'text': 'logcat lower model proc_run logcat retrain run sensitivity voice', 'procedures': ['proc_run logcat'], 'sequence_length': 2}","{'text': '9300 accept commercial dimensity false high phone rate tech_phone wake', 'platforms': [], 'codes': [], 'hw_module': 'unknown', 'tech_keywords': ['tech_phone'], 'token_count': 10}",[TITLE] phone tech_phone the tv voices wake [STEPS] logcat lower model proc_run logcat retrain run sensitivity voice [DESC] 9300 accept commercial dimensity false high phone rate tech_phone wake [SEQ_LEN] 2,unknown,0,1,2
MTK-3292,Hotword works only unlocked,The hotword works unlocked but never on the lockscreen on ro.product.board. Keyguard path code 0x0010.,retrain voice model → check settings → reboot device,"{'text': 'hotword only unlocked works', 'platforms': [], 'codes': [], 'hw_module': 'unknown', 'tech_keywords': []}","{'text': 'check device model proc_reboot reboot retrain settings voice', 'procedures': ['proc_reboot'], 'sequence_length': 2}","{'text': '0x0010 code code_0x0010 hotword keyguard lockscreen module_ro.product.board path platform_ro.product.board unlocked work', 'platforms': ['ro.product.board'], 'codes': ['0x0010'], 'hw_module': 'ro.product.board', 'tech_keywords': [], 'token_count': 11}",[TITLE] hotword only unlocked works [STEPS] check device model proc_reboot reboot retrain settings voice [DESC] 0x0010 code code_0x0010 hotword keyguard lockscreen module_ro.product.board path platform_ro.product.board unlocked work [SEQ_LEN] 2,unknown,0,1,2
MTK-3293,Voice retraining crashes,Retraining the voice model crashes settings on k689v1_64. Model trainer logged ERR_VOW_2257.,clear cache → retrain voice model → reboot device,"{'text': 'crashes retraining voice', 'platforms': [], 'codes': [], 'hw_module': 'unknown', 'tech_keywords': []}","{'text': 'cache clear device model proc_reboot reboot retrain voice', 'procedures': ['proc_reboot'], 'sequence_length': 2}","{'text': 'code_err_vow_2257 crash err_vow_2257 k689v1_64 log model retrain setting trainer voice', 'platforms': [], 'codes': ['err_vow_2257'], 'hw_module': 'unknown', 'tech_keywords': [], 'token_count': 10}",[TITLE] crashes retraining voice [STEPS] cache clear device model proc_reboot reboot retrain voice [DESC] code_err_vow_2257 crash err_vow_2257 k689v1_64 log model retrain setting trainer voice [SEQ_LEN] 2,unknown,0,1,2
MTK-3294,Assistant hears but never answers,The dots animate yet no answer ever comes on MT6878. Pipeline stall suspected.,retrain voice model → run logcat → flash firmware,"{'text': 'answers assistant but hears never', 'platforms': [], 'codes': [], 'hw_module': 'unknown', 'tech_keywords': []}","{'text': 'firmware flash logcat model proc_run logcat retrain run voice', 'procedures': ['proc_run logcat'], 'sequence_length': 2}","{'text': 'animate answer come dot mt6878 pipeline platform_mt6878 stall suspect', 'platforms': ['mt6878'], 'codes': [], 'hw_module': 'unknown', 'tech_keywords': [], 'token_count': 9}",[TITLE] answers assistant but hears never [STEPS] firmware flash logcat model proc_run logcat retrain run voice [DESC] animate answer come dot mt6878 pipeline platform_mt6878 stall suspect [SEQ_LEN] 2,unknown,0,1,2
MTK-3295,Two assistants answer at once,Both assistants reply to one hotword on ro.board.platform. Routing id 0x0020 duplicated.,disable one → retrain voice model → reboot device,"{'text': 'answer assistants at once two', 'platforms': [], 'codes': [], 'hw_module': 'unknown', 'tech_keywords': []}","{'text': 'device disable model one proc_reboot reboot retrain voice', 'procedures': ['proc_reboot'], 'sequence_length': 2}","{'text': '0x0020 assistant code_0x0020 duplicate hotword module_ro.board.platform platform_ro.board.platform reply routing', 'platforms': ['ro.board.platform'], 'codes': ['0x0020'], 'hw_module': 'ro.board.platform', 'tech_keywords': [], 'token_count': 9}",[TITLE] answer assistants at once two [STEPS] device disable model one proc_reboot reboot retrain voice [DESC] 0x0020 assistant code_0x0020 duplicate hotword module_ro.board.platform platform_ro.board.platform reply routing [SEQ_LEN] 2,unknown,0,1,2
MTK-3296,Hotword died after language change,Switching language killed hotword on Dimensity 8300. Model pack missing.,retrain voice model → reboot device → run logcat,"{'text': 'after change died hotword language', 'platforms': [], 'codes': [], 'hw_module': 'unknown', 'tech_keywords': []}","{'text': 'device logcat model proc_reboot proc_run logcat reboot retrain run voice', 'procedures': ['proc_reboot', 'proc_run logcat'], 'sequence_length': 2}","{'text': '8300 dimensity hotword kill language miss model pack switch', 'platforms': [], 'codes': [], 'hw_module': 'unknown', 'tech_keywords': [], 'token_count': 9}",[TITLE] after change died hotword language [STEPS] device logcat model proc_reboot proc_run logcat reboot retrain run voice [DESC] 8300 dimensity hotword kill language miss model pack switch [SEQ_LEN] 2,unknown,0,2,2
MTK-3297,Whispers trigger full replies,Whispered speech gets loud full answers at night on MT6989. Gain stage logged ERR_VOW_2265.,retrain voice model → run logcat → reboot device,"{'text': 'full replies trigger whispers', 'platforms': [], 'codes': [], 'hw_module': 'unknown', 'tech_keywords': []}","{'text': 'device logcat model proc_reboot proc_run logcat reboot retrain run voice', 'procedures': ['proc_reboot', 'proc_run logcat'], 'sequence_length': 2}","{'text': 'answer code_err_vow_2265 err_vow_2265 gain get log loud mt6989 night platform_mt6989 speech stage whispered', 'platforms': ['mt6989'], 'codes': ['err_vow_2265'], 'hw_module': 'unknown', 'tech_keywords': [], 'token_count': 13}",[TITLE] full replies trigger whispers [STEPS] device logcat model proc_reboot proc_run logcat reboot retrain run voice [DESC] answer code_err_vow_2265 err_vow_2265 gain get log loud mt6989 night platform_mt6989 speech stage whispered [SEQ_LEN] 2,unknown,0,2,2
MTK-3298,Voice unlock fails with a mask,Masked face plus voice never unlocks on ro.vendor.mediatek. Score fusion too strict.,re-enroll voice → retrain voice model → reboot device,"{'text': 'fails mask unlock voice with', 'platforms': [], 'codes': [], 'hw_module': 'unknown', 'tech_keywords': []}","{'text': 'device model proc_reboot re-enroll reboot retrain voice', 'procedures': ['proc_reboot'], 'sequence_length': 3}","{'text': 'face fusion masked platform_ro.vendor.mediatek plus score strict unlock voice', 'platforms': ['ro.vendor.mediatek'], 'codes': [], 'hw_module': 'unknown', 'tech_keywords': [], 'token_count': 9}",[TITLE] fails mask unlock voice with [STEPS] device model proc_reboot re-enroll reboot retrain voice [DESC] face fusion masked platform_ro.vendor.mediatek plus score strict unlock voice [SEQ_LEN] 3,unknown,0,1,3
MTK-3299,Hotword chip never sleeps,The dsp stays awake and drains 6 percent overnight on Dimensity 9300. Idle state 0x0030 never reached.,disable hotword → run batterystats → reboot device,"{'text': 'chip hotword never sleeps', 'platforms': [], 'codes': [], 'hw_module': 'unknown', 'tech_keywords': []}","{'text': 'batterystats device disable hotword proc_reboot reboot run', 'procedures': ['proc_reboot'], 'sequence_length': 2}","{'text': '0x0030 9300 awake code_0x0030 dimensity drain dsp idle overnight percent reach state stay', 'platforms': [], 'codes': ['0x0030'], 'hw_module': 'unknown', 'tech_keywords': [], 'token_count': 13}",[TITLE] chip hotword never sleeps [STEPS] batterystats device disable hotword proc_reboot reboot run [DESC] 0x0030 9300 awake code_0x0030 dimensity drain dsp idle overnight percent reach state stay [SEQ_LEN] 2,unknown,0,1,2
MTK-3300,Callers hear their own echo,"Every caller hears themselves back on MT6896, normal mic mode. Aec filter logged ERR_AEC_2260.",toggle volte → test call → run logcat,"{'text': 'callers echo hear own their', 'platforms': [], 'codes': [], 'hw_module': 'unknown', 'tech_keywords': []}","{'text': 'call logcat proc_run logcat run test toggle volte', 'procedures': ['proc_run logcat'], 'sequence_length': 2}","{'text': 'aec caller code_err_aec_2260 err_aec_2260 filter hear log mic mode mt6896 normal platform_mt6896', 'platforms': ['mt6896'], 'codes': ['err_aec_2260'], 'hw_module': 'unknown', 'tech_keywords': [], 'token_count': 12}",[TITLE] callers echo hear own their [STEPS] call logcat proc_run logcat run test toggle volte [DESC] aec caller code_err_aec_2260 err_aec_2260 filter hear log mic mode mt6896 normal platform_mt6896 [SEQ_LEN] 2,unknown,0,1,2
MTK-3301,Speakerphone howls in small rooms,Small rooms make speakerphone howl on Dimensity 9300. Loop gain code 0xAEC2.,lower volume → test call → run logcat,"{'text': 'howls in rooms small speakerphone tech_phone', 'platforms': [], 'codes': [], 'hw_module': 'unknown', 'tech_keywords': ['tech_phone']}","{'text': 'call logcat lower proc_run logcat run test volume', 'procedures': ['proc_run logcat'], 'sequence_length': 2}","{'text': '0xaec2 9300 code code_0xaec2 dimensity gain howl loop room small speakerphone tech_phone', 'platforms': [], 'codes': ['0xaec2'], 'hw_module': 'unknown', 'tech_keywords': ['tech_phone'], 'token_count': 12}",[TITLE] howls in rooms small speakerphone tech_phone [STEPS] call logcat lower proc_run logcat run test volume [DESC] 0xaec2 9300 code code_0xaec2 dimensity gain howl loop room small speakerphone tech_phone [SEQ_LEN] 2,unknown,0,1,2
MTK-3302,Bluetooth headset echoes on LTE,Headset calls echo while phone-earpiece calls are clean on ro.product.board. Sco path suspected.,unpair device → toggle volte → test call,"{'text': 'bluetooth echoes headset lte on', 'platforms': [], 'codes': [], 'hw_module': 'unknown', 'tech_keywords': []}","{'text': 'call device test toggle unpair volte', 'procedures': [], 'sequence_length': 2}","{'text': 'call clean earpiece echo headset module_ro.product.board path phone platform_ro.product.board sco suspect tech_phone', 'platforms': ['ro.product.board'], 'codes': [], 'hw_module': 'ro.product.board', 'tech_keywords': ['tech_phone'], 'token_count': 12}",[TITLE] bluetooth echoes headset lte on [STEPS] call device test toggle unpair volte [DESC] call clean earpiece echo headset module_ro.product.board path phone platform_ro.product.board sco suspect tech_phone [SEQ_LEN] 2,unknown,0,0,2
MTK-3303,Voice cuts out mid-sentence,Words vanish mid-sentence on MT6989 as if gated. Vad aggressiveness logged ERR_AEC_2266.,test call → toggle volte → run logcat,"{'text': 'cuts out voice', 'platforms': [], 'codes': [], 'hw_module': 'unknown', 'tech_keywords': []}","{'text': 'call logcat proc_run logcat run test toggle volte', 'procedures': ['proc_run logcat'], 'sequence_length': 2}","{'text': 'aggressiveness code_err_aec_2266 err_aec_2266 gate log mid mt6989 platform_mt6989 sentence vad vanish word', 'platforms': ['mt6989'], 'codes': ['err_aec_2266'], 'hw_module': 'unknown', 'tech_keywords': [], 'token_count': 12}",[TITLE] cuts out voice [STEPS] call logcat proc_run logcat run test toggle volte [DESC] aggressiveness code_err_aec_2266 err_aec_2266 gate log mid mt6989 platform_mt6989 sentence vad vanish word [SEQ_LEN] 2,unknown,0,1,2
MTK-3304,Quiet speech gets eaten,"Soft-spoken callers are inaudible on k689v1_64, loud ones fine. Noise reduction overworks.",disable nr → test call → run logcat,"{'text': 'eaten gets quiet speech', 'platforms': [], 'codes': [], 'hw_module': 'unknown', 'tech_keywords': []}","{'text': 'call disable logcat nr proc_run logcat run test', 'procedures': ['proc_run logcat'], 'sequence_length': 2}","{'text': 'caller fine inaudible k689v1_64 loud noise one overwork reduction soft speak', 'platforms': [], 'codes': [], 'hw_module': 'unknown', 'tech_keywords': [], 'token_count': 11}",[TITLE] eaten gets quiet speech [STEPS] call disable logcat nr proc_run logcat run test [DESC] caller fine inaudible k689v1_64 loud noise one overwork reduction soft speak [SEQ_LEN] 2,unknown,0,1,2
MTK-3305,Second mic records nothing,Stereo videos have one dead channel on Dimensity 8300. Mic2 bias reads 0xAEC9.,run mic test → test call → flash firmware,"{'text': 'mic nothing records second', 'platforms': [], 'codes': [], 'hw_module': 'unknown', 'tech_keywords': []}","{'text': 'call firmware flash mic run test', 'procedures': [], 'sequence_length': 2}","{'text': '0xaec9 8300 bias channel code_0xaec9 dead dimensity mic2 read stereo video', 'platforms': [], 'codes': ['0xaec9'], 'hw_module': 'unknown', 'tech_keywords': [], 'token_count': 11}",[TITLE] mic nothing records second [STEPS] call firmware flash mic run test [DESC] 0xaec9 8300 bias channel code_0xaec9 dead dimensity mic2 read stereo video [SEQ_LEN] 2,unknown,0,0,2
MTK-3306,Wired mic far too quiet,"The bundled headset mic is whisper-quiet on MT6878, another headset is fine. Impedance detect off.",try cable → test call → run logcat,"{'text': 'far mic quiet too wired', 'platforms': [], 'codes': [], 'hw_module': 'unknown', 'tech_keywords': []}","{'text': 'cable call logcat proc_run logcat run test try', 'procedures': ['proc_run logcat'], 'sequence_length': 2}","{'text': 'bundled detect fine headset impedance mic mt6878 platform_mt6878 quiet whisper', 'platforms': ['mt6878'], 'codes': [], 'hw_module': 'unknown', 'tech_keywords': [], 'token_count': 10}",[TITLE] far mic quiet too wired [STEPS] cable call logcat proc_run logcat run test try [DESC] bundled detect fine headset impedance mic mt6878 platform_mt6878 quiet whisper [SEQ_LEN] 2,unknown,0,1,2
MTK-3307,Echo only on speaker plus 5G,Echo appears solely on speakerphone over 5G on ro.board.platform. Delay flagged ERR_AEC_2273.,lock 4g → test call → run logcat,"{'text': '5g echo on only plus speaker', 'platforms': [], 'codes': [], 'hw_module': 'unknown', 'tech_keywords': []}","{'text': '4g call lock logcat proc_run logcat run test', 'procedures': ['proc_run logcat'], 'sequence_length': 2}","{'text': 'appear code_err_aec_2273 delay echo err_aec_2273 flag module_ro.board.platform platform_ro.board.platform solely speakerphone tech_phone', 'platforms': ['ro.board.platform'], 'codes': ['err_aec_2273'], 'hw_module': 'ro.board.platform', 'tech_keywords': ['tech_phone'], 'token_count': 11}",[TITLE] 5g echo on only plus speaker [STEPS] 4g call lock logcat proc_run logcat run test [DESC] appear code_err_aec_2273 delay echo err_aec_2273 flag module_ro.board.platform platform_ro.board.platform solely speakerphone tech_phone [SEQ_LEN] 2,unknown,0,1,2
MTK-3308,Hearing-aid mode hisses,"HAC mode hisses loudly on ro.vendor.mediatek, normal mode clean. Coil drive suspected.",enable hac → test call → run logcat,"{'text': 'hisses mode', 'platforms': [], 'codes': [], 'hw_module': 'unknown', 'tech_keywords': []}","{'text': 'call enable hac logcat proc_run logcat run test', 'procedures': ['proc_run logcat'], 'sequence_length': 2}","{'text': 'clean coil drive hac hiss loudly mode normal platform_ro.vendor.mediatek suspect', 'platforms': ['ro.vendor.mediatek'], 'codes': [], 'hw_module': 'unknown', 'tech_keywords': [], 'token_count': 10}",[TITLE] hisses mode [STEPS] call enable hac logcat proc_run logcat run test [DESC] clean coil drive hac hiss loudly mode normal platform_ro.vendor.mediatek suspect [SEQ_LEN] 2,unknown,0,1,2
MTK-3309,Call recording is one-sided,Recordings capture only the caller on Dimensity 9300. Downlink tap logged 0xAEC7.,check region law → test call → run logcat,"{'text': 'call is recording', 'platforms': [], 'codes': [], 'hw_module': 'unknown', 'tech_keywords': []}","{'text': 'call check law logcat proc_run logcat region run test', 'procedures': ['proc_run logcat'], 'sequence_length': 2}","{'text': '0xaec7 9300 caller capture code_0xaec7 dimensity downlink log recording tap', 'platforms': [], 'codes': ['0xaec7'], 'hw_module': 'unknown', 'tech_keywords': [], 'token_count': 10}",[TITLE] call is recording [STEPS] call check law logcat proc_run logcat region run test [DESC] 0xaec7 9300 caller capture code_0xaec7 dimensity downlink log recording tap [SEQ_LEN] 2,unknown,0,1,2
MTK-3310,5G icon shows but speed is 4G,"Full 5G icon yet 40 Mbps on MT6989 where another phone does 600. Endc bearer missing, ERR_NR_4415.",toggle airplane → lock 4g → retest 5g,"{'text': '4g 5g but icon is shows speed', 'platforms': [], 'codes': [], 'hw_module': 'unknown', 'tech_keywords': []}","{'text': '4g 5g airplane lock retest toggle', 'procedures': [], 'sequence_length': 2}","{'text': '600 bearer code_err_nr_4415 endc err_nr_4415 icon mbps miss mt6989 phone platform_mt6989 tech_phone', 'platforms': ['mt6989'], 'codes': ['err_nr_4415'], 'hw_module': 'unknown', 'tech_keywords': ['tech_phone'], 'token_count': 12}",[TITLE] 4g 5g but icon is shows speed [STEPS] 4g 5g airplane lock retest toggle [DESC] 600 bearer code_err_nr_4415 endc err_nr_4415 icon mbps miss mt6989 phone platform_mt6989 tech_phone [SEQ_LEN] 2,unknown,0,0,2
MTK-3311,SCG addition fails downtown,Second carrier never adds downtown on k689v1_64. Scg failure repeats.,toggle airplane → retest 5g → run logcat,"{'text': 'addition downtown fails scg', 'platforms': [], 'codes': [], 'hw_module': 'unknown', 'tech_keywords': []}","{'text': '5g airplane logcat proc_run logcat retest run toggle', 'procedures': ['proc_run logcat'], 'sequence_length': 2}","{'text': 'add carrier downtown error_failure failure k689v1_64 repeat scg second', 'platforms': [], 'codes': [], 'hw_module': 'unknown', 'tech_keywords': ['error_failure'], 'token_count': 9}",[TITLE] addition downtown fails scg [STEPS] 5g airplane logcat proc_run logcat retest run toggle [DESC] add carrier downtown error_failure failure k689v1_64 repeat scg second [SEQ_LEN] 2,unknown,0,1,2
MTK-3312,Upload stuck under 5 Mbps on NR,Downloads fly but uploads crawl on Dimensity 8300. Uplink grant starved with 0x5A12.,retest 5g → toggle airplane → run logcat,"{'text': 'mbps nr on stuck under upload', 'platforms': [], 'codes': [], 'hw_module': 'unknown', 'tech_keywords': []}","{'text': '5g airplane logcat proc_run logcat retest run toggle', 'procedures': ['proc_run logcat'], 'sequence_length': 2}","{'text': '0x5a12 8300 code_0x5a12 crawl dimensity download fly grant starve uplink upload', 'platforms': [], 'codes': ['0x5a12'], 'hw_module': 'unknown', 'tech_keywords': [], 'token_count': 11}",[TITLE] mbps nr on stuck under upload [STEPS] 5g airplane logcat proc_run logcat retest run toggle [DESC] 0x5a12 8300 code_0x5a12 crawl dimensity download fly grant starve uplink upload [SEQ_LEN] 2,unknown,0,1,2
MTK-3313,mmWave camping overheats phone,Standing near mmWave the phone gets hot fast on MT6896. Thermal backoff never engages.,lock sub6 → cool device → run logcat,"{'text': 'camping mmwave overheats phone tech_phone', 'platforms': [], 'codes': [], 'hw_module': 'unknown', 'tech_keywords': ['tech_phone']}","{'text': 'cool device lock logcat proc_run logcat run sub6', 'procedures': ['proc_run logcat'], 'sequence_length': 2}","{'text': 'backoff engage fast get hot mmwave mt6896 near phone platform_mt6896 stand tech_phone thermal', 'platforms': ['mt6896'], 'codes': [], 'hw_module': 'unknown', 'tech_keywords': ['tech_phone'], 'token_count': 13}",[TITLE] camping mmwave overheats phone tech_phone [STEPS] cool device lock logcat proc_run logcat run sub6 [DESC] backoff engage fast get hot mmwave mt6896 near phone platform_mt6896 stand tech_phone thermal [SEQ_LEN] 2,unknown,0,1,2
MTK-3314,Drops to 3G inside malls,Every mall visit drops to 3G on ro.product.board. Reselection logged ERR_NR_4422.,toggle airplane → retest 5g → run logcat,"{'text': '3g drops inside malls to', 'platforms': [], 'codes': [], 'hw_module': 'unknown', 'tech_keywords': []}","{'text': '5g airplane logcat proc_run logcat retest run toggle', 'procedures': ['proc_run logcat'], 'sequence_length': 2}","{'text': 'code_err_nr_4422 drop err_nr_4422 log mall module_ro.product.board platform_ro.product.board reselection visit', 'platforms': ['ro.product.board'], 'codes': ['err_nr_4422'], 'hw_module': 'ro.product.board', 'tech_keywords': [], 'token_count': 9}",[TITLE] 3g drops inside malls to [STEPS] 5g airplane logcat proc_run logcat retest run toggle [DESC] code_err_nr_4422 drop err_nr_4422 log mall module_ro.product.board platform_ro.product.board reselection visit [SEQ_LEN] 2,unknown,0,1,2
MTK-3315,Dual 5G standby kills idle battery,Two 5G SIMs drain 12 percent overnight on Dimensity 9300. Both stacks stay awake.,disable sim2 → run batterystats → reboot device,"{'text': '5g battery dual idle kills standby', 'platforms': [], 'codes': [], 'hw_module': 'unknown', 'tech_keywords': []}","{'text': 'batterystats device disable proc_reboot reboot run sim2', 'procedures': ['proc_reboot'], 'sequence_length': 2}","{'text': '9300 awake dimensity drain overnight percent sim stack stay', 'platforms': [], 'codes': [], 'hw_module': 'unknown', 'tech_keywords': [], 'token_count': 9}",[TITLE] 5g battery dual idle kills standby [STEPS] batterystats device disable proc_reboot reboot run sim2 [DESC] 9300 awake dimensity drain overnight percent sim stack stay [SEQ_LEN] 2,unknown,0,1,2
MTK-3316,Ping spikes on standalone 5G,Gaming ping spikes on SA but not NSA on MT6878. Path switch cost 0x5A27.,retest 5g → toggle airplane → run logcat,"{'text': '5g on ping spikes standalone', 'platforms': [], 'codes': [], 'hw_module': 'unknown', 'tech_keywords': []}","{'text': '5g airplane logcat proc_run logcat retest run toggle', 'procedures': ['proc_run logcat'], 'sequence_length': 2}","{'text': '0x5a27 code_0x5a27 cost gaming mt6878 nsa path ping platform_mt6878 spike switch', 'platforms': ['mt6878'], 'codes': ['0x5a27'], 'hw_module': 'unknown', 'tech_keywords': [], 'token_count': 11}",[TITLE] 5g on ping spikes standalone [STEPS] 5g airplane logcat proc_run logcat retest run toggle [DESC] 0x5a27 code_0x5a27 cost gaming mt6878 nsa path ping platform_mt6878 spike switch [SEQ_LEN] 2,unknown,0,1,2
MTK-3317,Full bars NR but nothing loads,Five bars of 5G with zero throughput on ro.board.platform. Bearer established yet stalled.,toggle airplane → check apn → retest 5g,"{'text': 'bars but full loads nothing nr', 'platforms': [], 'codes': [], 'hw_module': 'unknown', 'tech_keywords': []}","{'text': '5g airplane apn check retest toggle', 'procedures': [], 'sequence_length': 2}","{'text': 'bar bearer establish module_ro.board.platform platform_ro.board.platform stall throughput zero', 'platforms': ['ro.board.platform'], 'codes': [], 'hw_module': 'ro.board.platform', 'tech_keywords': [], 'token_count': 8}",[TITLE] bars but full loads nothing nr [STEPS] 5g airplane apn check retest toggle [DESC] bar bearer establish module_ro.board.platform platform_ro.board.platform stall throughput zero [SEQ_LEN] 2,unknown,0,0,2
MTK-3318,Roaming latches dead 5G,Abroad it clings to unusable 5G on k689v1_64 instead of good 4G. Plmn policy logged ERR_NR_4431.,check apn → lock 4g → reboot device,"{'text': '5g dead latches roaming', 'platforms': [], 'codes': [], 'hw_module': 'unknown', 'tech_keywords': []}","{'text': '4g apn check device lock proc_reboot reboot', 'procedures': ['proc_reboot'], 'sequence_length': 2}","{'text': 'abroad cling code_err_nr_4431 err_nr_4431 good instead k689v1_64 log plmn policy unusable', 'platforms': [], 'codes': ['err_nr_4431'], 'hw_module': 'unknown', 'tech_keywords': [], 'token_count': 11}",[TITLE] 5g dead latches roaming [STEPS] 4g apn check device lock proc_reboot reboot [DESC] abroad cling code_err_nr_4431 err_nr_4431 good instead k689v1_64 log plmn policy unusable [SEQ_LEN] 2,unknown,0,1,2
MTK-3319,Airplane toggle needs two tries,"First toggle never restores service on MT6989, second does. Ril state stuck.",toggle airplane → reboot device → run logcat,"{'text': 'airplane needs toggle tries two', 'platforms': [], 'codes': [], 'hw_module': 'unknown', 'tech_keywords': []}","{'text': 'airplane device logcat proc_reboot proc_run logcat reboot run toggle', 'procedures': ['proc_reboot', 'proc_run logcat'], 'sequence_length': 2}","{'text': 'mt6989 platform_mt6989 restore ril second service state stick toggle', 'platforms': ['mt6989'], 'codes': [], 'hw_module': 'unknown', 'tech_keywords': [], 'token_count': 9}",[TITLE] airplane needs toggle tries two [STEPS] airplane device logcat proc_reboot proc_run logcat reboot run toggle [DESC] mt6989 platform_mt6989 restore ril second service state stick toggle [SEQ_LEN] 2,unknown,0,2,2
MTK-3320,VoLTE toggle is grayed out,The VoLTE switch cannot be touched on Dimensity 8300 although the plan includes it. Provision state ERR_IMS_4420 with ViLTE.,check apn → toggle volte → reboot device,"{'text': 'grayed is out toggle volte', 'platforms': [], 'codes': [], 'hw_module': 'unknown', 'tech_keywords': []}","{'text': 'apn check device proc_reboot reboot toggle volte', 'procedures': ['proc_reboot'], 'sequence_length': 2}","{'text': '8300 code_err_ims_4420 dimensity err_ims_4420 include plan provision state switch touch vilte volte', 'platforms': [], 'codes': ['err_ims_4420'], 'hw_module': 'unknown', 'tech_keywords': [], 'token_count': 12}",[TITLE] grayed is out toggle volte [STEPS] apn check device proc_reboot reboot toggle volte [DESC] 8300 code_err_ims_4420 dimensity err_ims_4420 include plan provision state switch touch vilte volte [SEQ_LEN] 2,unknown,0,1,2
MTK-3321,Calls fall back to 3G instantly,Every call drops to 3G on MT6896 though VoLTE worked last month. Srvcc handover forced.,toggle volte → check apn → run logcat,"{'text': '3g back calls fall instantly to', 'platforms': [], 'codes': [], 'hw_module': 'unknown', 'tech_keywords': []}","{'text': 'apn check logcat proc_run logcat run toggle volte', 'procedures': ['proc_run logcat'], 'sequence_length': 2}","{'text': 'drop force handover month mt6896 platform_mt6896 srvcc volte work', 'platforms': ['mt6896'], 'codes': [], 'hw_module': 'unknown', 'tech_keywords': [], 'token_count': 9}",[TITLE] 3g back calls fall instantly to [STEPS] apn check logcat proc_run logcat run toggle volte [DESC] drop force handover month mt6896 platform_mt6896 srvcc volte work [SEQ_LEN] 2,unknown,0,1,2
MTK-3322,Video calls connect without video,Video calls land as voice-only on ro.product.board. Codec negotiate gave 0x1A15.,toggle volte → test call → run logcat,"{'text': 'calls connect tech_connect video without', 'platforms': [], 'codes': [], 'hw_module': 'unknown', 'tech_keywords': ['tech_connect']}","{'text': 'call logcat proc_run logcat run test toggle volte', 'procedures': ['proc_run logcat'], 'sequence_length': 2}","{'text': '0x1a15 call code_0x1a15 codec give land module_ro.product.board negotiate platform_ro.product.board video voice', 'platforms': ['ro.product.board'], 'codes': ['0x1a15'], 'hw_module': 'ro.product.board', 'tech_keywords': [], 'token_count': 11}",[TITLE] calls connect tech_connect video without [STEPS] call logcat proc_run logcat run test toggle volte [DESC] 0x1a15 call code_0x1a15 codec give land module_ro.product.board negotiate platform_ro.product.board video voice [SEQ_LEN] 2,unknown,0,1,2
MTK-3323,WiFi calling registration loops,WiFi calling registers then drops in a loop on k689v1_64. Wfc ePDG flaps.,toggle wifi → toggle volte → reboot device,"{'text': 'calling loops registration tech_wifi wifi', 'platforms': [], 'codes': [], 'hw_module': 'unknown', 'tech_keywords': ['tech_wifi']}","{'text': 'device proc_reboot reboot toggle volte wifi', 'procedures': ['proc_reboot'], 'sequence_length': 2}","{'text': 'call drop epdg flap k689v1_64 loop register tech_wifi wfc wifi', 'platforms': [], 'codes': [], 'hw_module': 'unknown', 'tech_keywords': ['tech_wifi'], 'token_count': 10}",[TITLE] calling loops registration tech_wifi wifi [STEPS] device proc_reboot reboot toggle volte wifi [DESC] call drop epdg flap k689v1_64 loop register tech_wifi wfc wifi [SEQ_LEN] 2,unknown,0,1,2
MTK-3324,Texts arrive hours late on IMS,"SMS over IMS arrives hours late on Dimensity 9300, RCS instant. Store-forward flagged ERR_IMS_4428.",toggle volte → reboot device → run logcat,"{'text': 'arrive hours ims late on texts', 'platforms': [], 'codes': [], 'hw_module': 'unknown', 'tech_keywords': []}","{'text': 'device logcat proc_reboot proc_run logcat reboot run toggle volte', 'procedures': ['proc_reboot', 'proc_run logcat'], 'sequence_length': 2}","{'text': '9300 arrive code_err_ims_4428 dimensity err_ims_4428 flagged forward hour ims instant late rcs sms store', 'platforms': [], 'codes': ['err_ims_4428'], 'hw_module': 'unknown', 'tech_keywords': [], 'token_count': 14}",[TITLE] arrive hours ims late on texts [STEPS] device logcat proc_reboot proc_run logcat reboot run toggle volte [DESC] 9300 arrive code_err_ims_4428 dimensity err_ims_4428 flagged forward hour ims instant late rcs sms store [SEQ_LEN] 2,unknown,0,2,2
MTK-3325,Emergency calls route wrong,Emergency dialing took the wrong profile on MT6878 in testing. Routing table suspect.,check apn → toggle volte → run logcat,"{'text': 'calls emergency route wrong', 'platforms': [], 'codes': [], 'hw_module': 'unknown', 'tech_keywords': []}","{'text': 'apn check logcat proc_run logcat run toggle volte', 'procedures': ['proc_run logcat'], 'sequence_length': 2}","{'text': 'dialing emergency mt6878 platform_mt6878 profile route suspect table take testing wrong', 'platforms': ['mt6878'], 'codes': [], 'hw_module': 'unknown', 'tech_keywords': [], 'token_count': 11}",[TITLE] calls emergency route wrong [STEPS] apn check logcat proc_run logcat run toggle volte [DESC] dialing emergency mt6878 platform_mt6878 profile route suspect table take testing wrong [SEQ_LEN] 2,unknown,0,1,2
MTK-3326,RCS stuck on setting up,Messages shows setting-up forever on ro.board.platform. Jibe sync returned 0x1A33.,clear messages data → toggle volte → reboot device,"{'text': 'on rcs setting stuck up', 'platforms': [], 'codes': [], 'hw_module': 'unknown', 'tech_keywords': []}","{'text': 'clear data device messages proc_reboot reboot toggle volte', 'procedures': ['proc_reboot'], 'sequence_length': 2}","{'text': '0x1a33 code_0x1a33 error_turn forever jibe message module_ro.board.platform platform_ro.board.platform return set show sync', 'platforms': ['ro.board.platform'], 'codes': ['0x1a33'], 'hw_module': 'ro.board.platform', 'tech_keywords': ['error_turn'], 'token_count': 12}",[TITLE] on rcs setting stuck up [STEPS] clear data device messages proc_reboot reboot toggle volte [DESC] 0x1a33 code_0x1a33 error_turn forever jibe message module_ro.board.platform platform_ro.board.platform return set show sync [SEQ_LEN] 2,unknown,0,1,2
MTK-3327,Data SIM cannot call in HD,The data SIM falls to 3G for calls on Dimensity 8300 while SIM1 holds VoLTE. Dual-stack limit.,swap data sim → toggle volte → reboot device,"{'text': 'call cannot data hd in sim', 'platforms': [], 'codes': [], 'hw_module': 'unknown', 'tech_keywords': []}","{'text': 'data device proc_reboot reboot sim swap toggle volte', 'procedures': ['proc_reboot'], 'sequence_length': 2}","{'text': '8300 call datum dimensity dual fall hold limit sim sim1 stack volte', 'platforms': [], 'codes': [], 'hw_module': 'unknown', 'tech_keywords': [], 'token_count': 12}",[TITLE] call cannot data hd in sim [STEPS] data device proc_reboot reboot sim swap toggle volte [DESC] 8300 call datum dimensity dual fall hold limit sim sim1 stack volte [SEQ_LEN] 2,unknown,0,1,2
MTK-3328,VoLTE dies while roaming,VoLTE works at home but never roams on MT6989. Partner profile logged ERR_IMS_4436.,check apn → toggle airplane → reboot device,"{'text': 'dies roaming volte while', 'platforms': [], 'codes': [], 'hw_module': 'unknown', 'tech_keywords': []}","{'text': 'airplane apn check device proc_reboot reboot toggle', 'procedures': ['proc_reboot'], 'sequence_length': 2}","{'text': 'code_err_ims_4436 err_ims_4436 home log mt6989 partner platform_mt6989 profile roam volte work', 'platforms': ['mt6989'], 'codes': ['err_ims_4436'], 'hw_module': 'unknown', 'tech_keywords': [], 'token_count': 11}",[TITLE] dies roaming volte while [STEPS] airplane apn check device proc_reboot reboot toggle [DESC] code_err_ims_4436 err_ims_4436 home log mt6989 partner platform_mt6989 profile roam volte work [SEQ_LEN] 2,unknown,0,1,2
MTK-3329,No call-waiting beep on VoLTE,Second incoming call makes no sound on VoLTE on ro.vendor.mediatek. Sip notify 0x1A40.,toggle volte → test call → run logcat,"{'text': 'beep no on volte', 'platforms': [], 'codes': [], 'hw_module': 'unknown', 'tech_keywords': []}","{'text': 'call logcat proc_run logcat run test toggle volte', 'procedures': ['proc_run logcat'], 'sequence_length': 2}","{'text': '0x1a40 code_0x1a40 incoming make notify platform_ro.vendor.mediatek second sip sound volte', 'platforms': ['ro.vendor.mediatek'], 'codes': ['0x1a40'], 'hw_module': 'unknown', 'tech_keywords': [], 'token_count': 10}",[TITLE] beep no on volte [STEPS] call logcat proc_run logcat run test toggle volte [DESC] 0x1a40 code_0x1a40 incoming make notify platform_ro.vendor.mediatek second sip sound volte [SEQ_LEN] 2,unknown,0,1,2
MTK-3330,Red boot warning after update,A red verified-boot warning appeared after the OTA on MT6896. Vbmeta digest mismatch ERR_AVB_9901.,relock bootloader → flash stock → reboot device,"{'text': 'after boot red update warning', 'platforms': [], 'codes': [], 'hw_module': 'unknown', 'tech_keywords': []}","{'text': 'bootloader device flash proc_reboot reboot relock stock', 'procedures': ['proc_reboot'], 'sequence_length': 2}","{'text': 'appear boot code_err_avb_9901 digest err_avb_9901 mismatch mt6896 ota platform_mt6896 red vbmeta verify warning', 'platforms': ['mt6896'], 'codes': ['err_avb_9901'], 'hw_module': 'unknown', 'tech_keywords': [], 'token_count': 13}",[TITLE] after boot red update warning [STEPS] bootloader device flash proc_reboot reboot relock stock [DESC] appear boot code_err_avb_9901 digest err_avb_9901 mismatch mt6896 ota platform_mt6896 red vbmeta verify warning [SEQ_LEN] 2,unknown,0,1,2
MTK-3331,Orange state will not go away,Orange unlocked warning persists after relocking on Dimensity 9300. Fuse state stuck.,relock bootloader → flash stock → reboot device,"{'text': 'away go not orange state will', 'platforms': [], 'codes': [], 'hw_module': 'unknown', 'tech_keywords': []}","{'text': 'bootloader device flash proc_reboot reboot relock stock', 'procedures': ['proc_reboot'], 'sequence_length': 2}","{'text': '9300 dimensity fuse orange persist relocke state stick unlocked warning', 'platforms': [], 'codes': [], 'hw_module': 'unknown', 'tech_keywords': [], 'token_count': 10}",[TITLE] away go not orange state will [STEPS] bootloader device flash proc_reboot reboot relock stock [DESC] 9300 dimensity fuse orange persist relocke state stick unlocked warning [SEQ_LEN] 2,unknown,0,1,2
MTK-3332,Rollback protection blocks return,Downgrading to last month is refused on k689v1_64. Anti-rollback index tripped 0xA005.,stay on current → flash stock → reboot device,"{'text': 'blocks error_turn protection return rollback', 'platforms': [], 'codes': [], 'hw_module': 'unknown', 'tech_keywords': ['error_turn']}","{'text': 'current device flash on proc_reboot reboot stay stock', 'procedures': ['proc_reboot'], 'sequence_length': 2}","{'text': '0xa005 anti code_0xa005 downgrade index k689v1_64 month refuse rollback trip', 'platforms': [], 'codes': ['0xa005'], 'hw_module': 'unknown', 'tech_keywords': [], 'token_count': 10}",[TITLE] blocks error_turn protection return rollback [STEPS] current device flash on proc_reboot reboot stay stock [DESC] 0xa005 anti code_0xa005 downgrade index k689v1_64 month refuse rollback trip [SEQ_LEN] 2,unknown,0,1,2
MTK-3333,Custom key enrollment fails,Enrolling our own verified-boot key fails on MT6989. Pkmd slot write rejected.,flash stock → enroll key → reboot device,"{'text': 'custom enrollment fails key', 'platforms': [], 'codes': [], 'hw_module': 'unknown', 'tech_keywords': []}","{'text': 'device enroll flash key proc_reboot reboot stock', 'procedures': ['proc_reboot'], 'sequence_length': 2}","{'text': 'boot enrol fail key mt6989 pkmd platform_mt6989 reject slot verify write', 'platforms': ['mt6989'], 'codes': [], 'hw_module': 'unknown', 'tech_keywords': [], 'token_count': 11}",[TITLE] custom enrollment fails key [STEPS] device enroll flash key proc_reboot reboot stock [DESC] boot enrol fail key mt6989 pkmd platform_mt6989 reject slot verify write [SEQ_LEN] 2,unknown,0,1,2
MTK-3334,Slot B digest mismatch,Slot B reports vbmeta mismatch on ro.product.board while slot A boots. B image flagged ERR_AVB_9909.,flash stock → switch slot → reboot device,"{'text': 'digest mismatch slot', 'platforms': [], 'codes': [], 'hw_module': 'unknown', 'tech_keywords': []}","{'text': 'device flash proc_reboot reboot slot stock switch', 'procedures': ['proc_reboot'], 'sequence_length': 2}","{'text': 'boot code_err_avb_9909 err_avb_9909 flag image mismatch module_ro.product.board platform_ro.product.board report slot vbmeta', 'platforms': ['ro.product.board'], 'codes': ['err_avb_9909'], 'hw_module': 'ro.product.board', 'tech_keywords': [], 'token_count': 11}",[TITLE] digest mismatch slot [STEPS] device flash proc_reboot reboot slot stock switch [DESC] boot code_err_avb_9909 err_avb_9909 flag image mismatch module_ro.product.board platform_ro.product.board report slot vbmeta [SEQ_LEN] 2,unknown,0,1,2
MTK-3335,Verified boot doubles boot time,Booting takes twice as long since enabling verification on Dimensity 8300. Hash tree walk slow.,flash stock → run logcat → reboot device,"{'text': 'boot doubles time verified', 'platforms': [], 'codes': [], 'hw_module': 'unknown', 'tech_keywords': []}","{'text': 'device flash logcat proc_reboot proc_run logcat reboot run stock', 'procedures': ['proc_reboot', 'proc_run logcat'], 'sequence_length': 2}","{'text': '8300 booting dimensity enable hash long slow take tree twice verification walk', 'platforms': [], 'codes': [], 'hw_module': 'unknown', 'tech_keywords': [], 'token_count': 12}",[TITLE] boot doubles time verified [STEPS] device flash logcat proc_reboot proc_run logcat reboot run stock [DESC] 8300 booting dimensity enable hash long slow take tree twice verification walk [SEQ_LEN] 2,unknown,0,2,2
MTK-3336,Factory claims fuse blown,Service says the warranty fuse is blown on a sealed unit on MT6878. Attestation code 0xA012.,contact support → flash stock → run logcat,"{'text': 'blown claims factory fuse', 'platforms': [], 'codes': [], 'hw_module': 'unknown', 'tech_keywords': []}","{'text': 'contact flash logcat proc_run logcat run stock support', 'procedures': ['proc_run logcat'], 'sequence_length': 2}","{'text': '0xa012 attestation blow code code_0xa012 fuse mt6878 platform_mt6878 say sealed service unit warranty', 'platforms': ['mt6878'], 'codes': ['0xa012'], 'hw_module': 'unknown', 'tech_keywords': [], 'token_count': 13}",[TITLE] blown claims factory fuse [STEPS] contact flash logcat proc_run logcat run stock support [DESC] 0xa012 attestation blow code code_0xa012 fuse mt6878 platform_mt6878 say sealed service unit warranty [SEQ_LEN] 2,unknown,0,1,2
MTK-3337,dm-verity corruption on boot,Boot stops at a corruption error on ro.board.platform after a dirty shutdown. Fec could not repair.,flash stock → reboot to recovery → wipe cache,"{'text': 'boot corruption on', 'platforms': [], 'codes': [], 'hw_module': 'unknown', 'tech_keywords': []}","{'text': 'cache flash proc_reboot reboot recovery stock to wipe', 'procedures': ['proc_reboot'], 'sequence_length': 2}","{'text': 'boot corruption dirty error error_error fec module_ro.board.platform platform_ro.board.platform repair shutdown stop', 'platforms': ['ro.board.platform'], 'codes': [], 'hw_module': 'ro.board.platform', 'tech_keywords': ['error_error'], 'token_count': 11}",[TITLE] boot corruption on [STEPS] cache flash proc_reboot reboot recovery stock to wipe [DESC] boot corruption dirty error error_error fec module_ro.board.platform platform_ro.board.platform repair shutdown stop [SEQ_LEN] 2,unknown,0,1,2
MTK-3338,Yellow state after self-sign,A yellow custom-OS warning shows after self-signing on k689v1_64. Key state ERR_AVB_9918.,enroll key → flash stock → reboot device,"{'text': 'after state yellow', 'platforms': [], 'codes': [], 'hw_module': 'unknown', 'tech_keywords': []}","{'text': 'device enroll flash key proc_reboot reboot stock', 'procedures': ['proc_reboot'], 'sequence_length': 2}","{'text': 'code_err_avb_9918 custom err_avb_9918 k689v1_64 key self show signing state warning yellow', 'platforms': [], 'codes': ['err_avb_9918'], 'hw_module': 'unknown', 'tech_keywords': [], 'token_count': 11}",[TITLE] after state yellow [STEPS] device enroll flash key proc_reboot reboot stock [DESC] code_err_avb_9918 custom err_avb_9918 k689v1_64 key self show signing state warning yellow [SEQ_LEN] 2,unknown,0,1,2
MTK-3339,Relocking bricks the device,Relocking the bootloader hard-bricked the phone on Dimensity 9300. Wipe token 0xA022.,keep unlocked → flash stock → run logcat,"{'text': 'bricks device module_device relocking the', 'platforms': [], 'codes': [], 'hw_module': 'device', 'tech_keywords': []}","{'text': 'flash keep logcat proc_run logcat run stock unlocked', 'procedures': ['proc_run logcat'], 'sequence_length': 2}","{'text': '0xa022 9300 bootloader bricke code_0xa022 dimensity hard phone relocke tech_phone token wipe', 'platforms': [], 'codes': ['0xa022'], 'hw_module': 'unknown', 'tech_keywords': ['tech_phone'], 'token_count': 12}",[TITLE] bricks device module_device relocking the [STEPS] flash keep logcat proc_run logcat run stock unlocked [DESC] 0xa022 9300 bootloader bricke code_0xa022 dimensity hard phone relocke tech_phone token wipe [MODULE] device [SEQ_LEN] 2,device,0,1,2
MTK-3340,Update fails at 47 percent,Every OTA fails at 47 percent on MT6989 with plenty free. Update_engine hash failed ERR_OTA_9910 with 0x0EA1.,free storage → sideload ota → reboot device,"{'text': '47 at fails percent update', 'platforms': [], 'codes': [], 'hw_module': 'unknown', 'tech_keywords': []}","{'text': 'device free ota proc_reboot reboot sideload storage', 'procedures': ['proc_reboot'], 'sequence_length': 2}","{'text': '0x0ea1 code_0x0ea1 code_err_ota_9910 err_ota_9910 fail free hash mt6989 ota percent platform_mt6989 plenty update_engine', 'platforms': ['mt6989'], 'codes': ['err_ota_9910', '0x0ea1'], 'hw_module': 'unknown', 'tech_keywords': [], 'token_count': 13}",[TITLE] 47 at fails percent update [STEPS] device free ota proc_reboot reboot sideload storage [DESC] 0x0ea1 code_0x0ea1 code_err_ota_9910 err_ota_9910 fail free hash mt6989 ota percent platform_mt6989 plenty update_engine [SEQ_LEN] 2,unknown,0,1,2
MTK-3341,Phone claims up to date on old build,An 8-month build insists it is current on Dimensity 8300. Update check never reaches the server.,tap build 7x → check update → reboot device,"{'text': 'build claims date old on phone tech_phone to up', 'platforms': [], 'codes': [], 'hw_module': 'unknown', 'tech_keywords': ['tech_phone']}","{'text': '7x build check device proc_reboot reboot tap update', 'procedures': ['proc_reboot'], 'sequence_length': 2}","{'text': '8300 build check current dimensity insist month reach server update', 'platforms': [], 'codes': [], 'hw_module': 'unknown', 'tech_keywords': [], 'token_count': 10}",[TITLE] build claims date old on phone tech_phone to up [STEPS] 7x build check device proc_reboot reboot tap update [DESC] 8300 build check current dimensity insist month reach server update [SEQ_LEN] 2,unknown,0,1,2
MTK-3342,Download pauses on mobile data,OTA download pauses the moment WiFi drops on ro.product.board. Metered flag code 0x0EA5.,allow data download → free storage → reboot device,"{'text': 'data download mobile on pauses', 'platforms': [], 'codes': [], 'hw_module': 'unknown', 'tech_keywords': []}","{'text': 'allow data device download free proc_reboot reboot storage', 'procedures': ['proc_reboot'], 'sequence_length': 2}","{'text': '0x0ea5 code code_0x0ea5 download drop flag meter module_ro.product.board moment ota pause platform_ro.product.board tech_wifi wifi', 'platforms': ['ro.product.board'], 'codes': ['0x0ea5'], 'hw_module': 'ro.product.board', 'tech_keywords': ['tech_wifi'], 'token_count': 14}",[TITLE] data download mobile on pauses [STEPS] allow data device download free proc_reboot reboot storage [DESC] 0x0ea5 code code_0x0ea5 download drop flag meter module_ro.product.board moment ota pause platform_ro.product.board tech_wifi wifi [SEQ_LEN] 2,unknown,0,1,2
MTK-3343,Post-update bootloop then fine,Two bootloops after every update before settling on k689v1_64. Dexopt crash suspected.,reboot to recovery → wipe cache → reboot device,"{'text': 'bootloop fine then', 'platforms': [], 'codes': [], 'hw_module': 'unknown', 'tech_keywords': []}","{'text': 'cache device proc_reboot reboot recovery to wipe', 'procedures': ['proc_reboot'], 'sequence_length': 2}","{'text': 'bootloop crash dexopt k689v1_64 settle suspect update', 'platforms': [], 'codes': [], 'hw_module': 'unknown', 'tech_keywords': [], 'token_count': 7}",[TITLE] bootloop fine then [STEPS] cache device proc_reboot reboot recovery to wipe [DESC] bootloop crash dexopt k689v1_64 settle suspect update [SEQ_LEN] 2,unknown,0,1,2
MTK-3344,Update wipes paired Bluetooth,All pairings vanish with each update on MT6878. Bt config migration logged ERR_OTA_9918.,re-pair → sideload ota → run logcat,"{'text': 'bluetooth paired update wipes', 'platforms': [], 'codes': [], 'hw_module': 'unknown', 'tech_keywords': []}","{'text': 'logcat ota proc_run logcat re-pair run sideload', 'procedures': ['proc_run logcat'], 'sequence_length': 3}","{'text': 'code_err_ota_9918 config err_ota_9918 log migration mt6878 pairing platform_mt6878 update vanish', 'platforms': ['mt6878'], 'codes': ['err_ota_9918'], 'hw_module': 'unknown', 'tech_keywords': [], 'token_count': 10}",[TITLE] bluetooth paired update wipes [STEPS] logcat ota proc_run logcat re-pair run sideload [DESC] code_err_ota_9918 config err_ota_9918 log migration mt6878 pairing platform_mt6878 update vanish [SEQ_LEN] 3,unknown,0,1,3
MTK-3345,Delta restarts from zero,"Delta downloads restart from zero repeatedly on Dimensity 9300. Resume token invalid, 0x0EB0.",use full ota → free storage → sideload ota,"{'text': 'delta from restarts zero', 'platforms': [], 'codes': [], 'hw_module': 'unknown', 'tech_keywords': []}","{'text': 'free full ota sideload storage use', 'procedures': [], 'sequence_length': 2}","{'text': '0x0eb0 9300 code_0x0eb0 delta dimensity download invalid repeatedly restart resume token zero', 'platforms': [], 'codes': ['0x0eb0'], 'hw_module': 'unknown', 'tech_keywords': [], 'token_count': 12}",[TITLE] delta from restarts zero [STEPS] free full ota sideload storage use [DESC] 0x0eb0 9300 code_0x0eb0 delta dimensity download invalid repeatedly restart resume token zero [SEQ_LEN] 2,unknown,0,0,2
MTK-3346,Beta opt-out wipes everything,Leaving beta wiped the whole phone without warning on ro.board.platform. Slot metadata lost.,backup data → sideload ota → reboot device,"{'text': 'beta everything wipes', 'platforms': [], 'codes': [], 'hw_module': 'unknown', 'tech_keywords': []}","{'text': 'backup data device ota proc_reboot reboot sideload', 'procedures': ['proc_reboot'], 'sequence_length': 2}","{'text': 'beta leave lose metadata module_ro.board.platform phone platform_ro.board.platform slot tech_phone warn wipe', 'platforms': ['ro.board.platform'], 'codes': [], 'hw_module': 'ro.board.platform', 'tech_keywords': ['tech_phone'], 'token_count': 11}",[TITLE] beta everything wipes [STEPS] backup data device ota proc_reboot reboot sideload [DESC] beta leave lose metadata module_ro.board.platform phone platform_ro.board.platform slot tech_phone warn wipe [SEQ_LEN] 2,unknown,0,1,2
MTK-3347,Patch level display lies,Settings shows a new patch but code is old on MT6896. Version prop flagged ERR_OTA_9925.,sideload ota → check version → reboot device,"{'text': 'display level lies patch', 'platforms': [], 'codes': [], 'hw_module': 'unknown', 'tech_keywords': []}","{'text': 'check device ota proc_reboot reboot sideload version', 'procedures': ['proc_reboot'], 'sequence_length': 2}","{'text': 'code code_err_ota_9925 err_ota_9925 flag mt6896 new old patch platform_mt6896 prop setting show version', 'platforms': ['mt6896'], 'codes': ['err_ota_9925'], 'hw_module': 'unknown', 'tech_keywords': [], 'token_count': 13}",[TITLE] display level lies patch [STEPS] check device ota proc_reboot reboot sideload version [DESC] code code_err_ota_9925 err_ota_9925 flag mt6896 new old patch platform_mt6896 prop setting show version [SEQ_LEN] 2,unknown,0,1,2
MTK-3348,A/B slot stuck unbootable,Slot B marked unbootable after a power cut on Dimensity 8300. Boot control 0x0EB8.,switch slot → sideload ota → reboot device,"{'text': 'slot stuck unbootable', 'platforms': [], 'codes': [], 'hw_module': 'unknown', 'tech_keywords': []}","{'text': 'device ota proc_reboot reboot sideload slot switch', 'procedures': ['proc_reboot'], 'sequence_length': 2}","{'text': '0x0eb8 8300 boot code_0x0eb8 control cut dimensity mark power slot unbootable', 'platforms': [], 'codes': ['0x0eb8'], 'hw_module': 'unknown', 'tech_keywords': [], 'token_count': 11}",[TITLE] slot stuck unbootable [STEPS] device ota proc_reboot reboot sideload slot switch [DESC] 0x0eb8 8300 boot code_0x0eb8 control cut dimensity mark power slot unbootable [SEQ_LEN] 2,unknown,0,1,2
MTK-3349,Updater log fills storage,Update_engine.log grew to 4GB on ro.vendor.mediatek. Verbose loop suspected.,clear cache → free storage → reboot device,"{'text': 'fills log storage updater', 'platforms': [], 'codes': [], 'hw_module': 'unknown', 'tech_keywords': []}","{'text': 'cache clear device free proc_reboot reboot storage', 'procedures': ['proc_reboot'], 'sequence_length': 2}","{'text': 'grow loop platform_ro.vendor.mediatek suspect verbose', 'platforms': ['ro.vendor.mediatek'], 'codes': [], 'hw_module': 'unknown', 'tech_keywords': [], 'token_count': 5}",[TITLE] fills log storage updater [STEPS] cache clear device free proc_reboot reboot storage [DESC] grow loop platform_ro.vendor.mediatek suspect verbose [SEQ_LEN] 2,unknown,0,1,2
MTK-3350,Under-display enroll always fails,"Optical enrollment fails at the last step on MT6989 every attempt. Image too dim, ERR_FPS_3312 with 0xF953.",re-enroll finger → clean screen → reboot device,"{'text': 'always enroll fails', 'platforms': [], 'codes': [], 'hw_module': 'unknown', 'tech_keywords': []}","{'text': 'clean device finger proc_reboot re-enroll reboot screen', 'procedures': ['proc_reboot'], 'sequence_length': 3}","{'text': '0xf953 attempt code_0xf953 code_err_fps_3312 dim enrollment err_fps_3312 fail image mt6989 optical platform_mt6989 step', 'platforms': ['mt6989'], 'codes': ['0xf953', 'err_fps_3312'], 'hw_module': 'unknown', 'tech_keywords': [], 'token_count': 13}",[TITLE] always enroll fails [STEPS] clean device finger proc_reboot re-enroll reboot screen [DESC] 0xf953 attempt code_0xf953 code_err_fps_3312 dim enrollment err_fps_3312 fail image mt6989 optical platform_mt6989 step [SEQ_LEN] 3,unknown,0,1,3
MTK-3351,Wet finger never recognized,Slightly damp fingers never unlock on Dimensity 9300. Contrast too low.,dry finger → re-enroll finger → run logcat,"{'text': 'finger never recognized wet', 'platforms': [], 'codes': [], 'hw_module': 'unknown', 'tech_keywords': []}","{'text': 'dry finger logcat proc_run logcat re-enroll run', 'procedures': ['proc_run logcat'], 'sequence_length': 3}","{'text': '9300 contrast damp dimensity finger low slightly unlock', 'platforms': [], 'codes': [], 'hw_module': 'unknown', 'tech_keywords': [], 'token_count': 8}",[TITLE] finger never recognized wet [STEPS] dry finger logcat proc_run logcat re-enroll run [DESC] 9300 contrast damp dimensity finger low slightly unlock [SEQ_LEN] 3,unknown,0,1,3
MTK-3352,Screen protector kills unlock,"A thick protector broke unlocking on k689v1_64. Signal attenuated, ERR_FPS_3317.",recalibrate → re-enroll finger → run logcat,"{'text': 'kills protector screen unlock', 'platforms': [], 'codes': [], 'hw_module': 'unknown', 'tech_keywords': []}","{'text': 'finger logcat proc_run logcat re-enroll recalibrate run', 'procedures': ['proc_run logcat'], 'sequence_length': 3}","{'text': 'attenuate break code_err_fps_3317 err_fps_3317 k689v1_64 protector signal thick unlock', 'platforms': [], 'codes': ['err_fps_3317'], 'hw_module': 'unknown', 'tech_keywords': [], 'token_count': 9}",[TITLE] kills protector screen unlock [STEPS] finger logcat proc_run logcat re-enroll recalibrate run [DESC] attenuate break code_err_fps_3317 err_fps_3317 k689v1_64 protector signal thick unlock [SEQ_LEN] 3,unknown,0,1,3
MTK-3353,Unlock needs a hard press,Unlock only works pressing hard on MT6878. Pressure threshold reads 0xF960.,re-enroll finger → clean screen → run logcat,"{'text': 'hard needs press unlock', 'platforms': [], 'codes': [], 'hw_module': 'unknown', 'tech_keywords': []}","{'text': 'clean finger logcat proc_run logcat re-enroll run screen', 'procedures': ['proc_run logcat'], 'sequence_length': 3}","{'text': '0xf960 code_0xf960 hard mt6878 platform_mt6878 press pressure read threshold unlock work', 'platforms': ['mt6878'], 'codes': ['0xf960'], 'hw_module': 'unknown', 'tech_keywords': [], 'token_count': 11}",[TITLE] hard needs press unlock [STEPS] clean finger logcat proc_run logcat re-enroll run screen [DESC] 0xf960 code_0xf960 hard mt6878 platform_mt6878 press pressure read threshold unlock work [SEQ_LEN] 3,unknown,0,1,3
MTK-3354,Bank rejects enrolled prints,The bank app rejects prints the lockscreen accepts on Dimensity 8300. Gatekeeper mismatch.,re-enroll finger → update firmware → run logcat,"{'text': 'bank enrolled prints rejects', 'platforms': [], 'codes': [], 'hw_module': 'unknown', 'tech_keywords': []}","{'text': 'finger firmware logcat proc_run logcat re-enroll run update', 'procedures': ['proc_run logcat'], 'sequence_length': 3}","{'text': '8300 accept app bank dimensity gatekeeper lockscreen mismatch print reject', 'platforms': [], 'codes': [], 'hw_module': 'unknown', 'tech_keywords': [], 'token_count': 10}",[TITLE] bank enrolled prints rejects [STEPS] finger firmware logcat proc_run logcat re-enroll run update [DESC] 8300 accept app bank dimensity gatekeeper lockscreen mismatch print reject [SEQ_LEN] 3,unknown,0,1,3
MTK-3355,Side sensor unlocks in pocket,The side sensor unlocks constantly in pockets on ro.product.board. Accidental code 0xF965.,enable pocket mode → re-enroll → reboot,"{'text': 'in pocket sensor side unlocks', 'platforms': [], 'codes': [], 'hw_module': 'unknown', 'tech_keywords': []}","{'text': 'enable mode pocket proc_reboot re-enroll reboot', 'procedures': ['proc_reboot'], 'sequence_length': 3}","{'text': '0xf965 accidental code code_0xf965 constantly module_ro.product.board platform_ro.product.board pocket sensor unlock', 'platforms': ['ro.product.board'], 'codes': ['0xf965'], 'hw_module': 'ro.product.board', 'tech_keywords': [], 'token_count': 10}",[TITLE] in pocket sensor side unlocks [STEPS] enable mode pocket proc_reboot re-enroll reboot [DESC] 0xf965 accidental code code_0xf965 constantly module_ro.product.board platform_ro.product.board pocket sensor unlock [SEQ_LEN] 3,unknown,0,1,3
MTK-3356,Face plus finger conflict,Enrolling both breaks both on MT6896. Template store collision.,re-enroll both → reboot device → run logcat,"{'text': 'conflict face finger plus', 'platforms': [], 'codes': [], 'hw_module': 'unknown', 'tech_keywords': []}","{'text': 'both device logcat proc_reboot proc_run logcat re-enroll reboot run', 'procedures': ['proc_reboot', 'proc_run logcat'], 'sequence_length': 3}","{'text': 'break collision enrol mt6896 platform_mt6896 store template', 'platforms': ['mt6896'], 'codes': [], 'hw_module': 'unknown', 'tech_keywords': [], 'token_count': 7}",[TITLE] conflict face finger plus [STEPS] both device logcat proc_reboot proc_run logcat re-enroll reboot run [DESC] break collision enrol mt6896 platform_mt6896 store template [SEQ_LEN] 3,unknown,0,2,3
MTK-3357,Fingerprint icon burned into OLED,The sensor icon ghosted into the display on Dimensity 9300. Brightness flagged ERR_FPS_3325.,move icon → set 60hz → run logcat,"{'text': 'burned fingerprint icon into oled', 'platforms': [], 'codes': [], 'hw_module': 'unknown', 'tech_keywords': []}","{'text': '60hz icon logcat move proc_run logcat run set', 'procedures': ['proc_run logcat'], 'sequence_length': 2}","{'text': '9300 brightness code_err_fps_3325 dimensity display err_fps_3325 flag ghost icon sensor', 'platforms': [], 'codes': ['err_fps_3325'], 'hw_module': 'unknown', 'tech_keywords': [], 'token_count': 10}",[TITLE] burned fingerprint icon into oled [STEPS] 60hz icon logcat move proc_run logcat run set [DESC] 9300 brightness code_err_fps_3325 dimensity display err_fps_3325 flag ghost icon sensor [SEQ_LEN] 2,unknown,0,1,2
MTK-3358,Cold weather kills recognition,Below freezing nothing unlocks on k689v1_64. Sensor response logged 0xF970.,warm hands → re-enroll finger → run logcat,"{'text': 'cold kills recognition weather', 'platforms': [], 'codes': [], 'hw_module': 'unknown', 'tech_keywords': []}","{'text': 'finger hands logcat proc_run logcat re-enroll run warm', 'procedures': ['proc_run logcat'], 'sequence_length': 3}","{'text': '0xf970 code_0xf970 freeze k689v1_64 log response sensor unlock', 'platforms': [], 'codes': ['0xf970'], 'hw_module': 'unknown', 'tech_keywords': [], 'token_count': 8}",[TITLE] cold kills recognition weather [STEPS] finger hands logcat proc_run logcat re-enroll run warm [DESC] 0xf970 code_0xf970 freeze k689v1_64 log response sensor unlock [SEQ_LEN] 3,unknown,0,1,3
MTK-3359,New screen sensor uncalibrated,After a screen replacement the sensor never works on ro.board.platform. Calibration missing.,calibrate sensor → re-enroll finger → reboot device,"{'text': 'new screen sensor uncalibrated', 'platforms': [], 'codes': [], 'hw_module': 'unknown', 'tech_keywords': []}","{'text': 'calibrate device finger proc_reboot re-enroll reboot sensor', 'procedures': ['proc_reboot'], 'sequence_length': 3}","{'text': 'calibration miss module_ro.board.platform platform_ro.board.platform replacement screen sensor work', 'platforms': ['ro.board.platform'], 'codes': [], 'hw_module': 'ro.board.platform', 'tech_keywords': [], 'token_count': 8}",[TITLE] new screen sensor uncalibrated [STEPS] calibrate device finger proc_reboot re-enroll reboot sensor [DESC] calibration miss module_ro.board.platform platform_ro.board.platform replacement screen sensor work [SEQ_LEN] 3,unknown,0,1,3
MTK-3360,Camera rattles when shaken,"A loose rattle comes from the camera on MT6896 when shaken gently. OIS rails suspect, ois_rattle with ERR_OIS_1215 and 0x015A.",tap test → update camera fw → run logcat,"{'text': 'camera rattles shaken when', 'platforms': [], 'codes': [], 'hw_module': 'unknown', 'tech_keywords': []}","{'text': 'camera fw logcat proc_run logcat run tap test update', 'procedures': ['proc_run logcat'], 'sequence_length': 2}","{'text': 'camera code_0x015a code_err_ois_1215 come err_ois_1215 gently loose mt6896 ois ois_rattle platform_mt6896 rail rattle shake suspect', 'platforms': ['mt6896'], 'codes': ['err_ois_1215', '0x015a'], 'hw_module': 'unknown', 'tech_keywords': [], 'token_count': 15}",[TITLE] camera rattles shaken when [STEPS] camera fw logcat proc_run logcat run tap test update [DESC] camera code_0x015a code_err_ois_1215 come err_ois_1215 gently loose mt6896 ois ois_rattle platform_mt6896 rail rattle shake suspect [SEQ_LEN] 2,unknown,0,1,2
MTK-3361,Walking video looks like jelly,Footstep wobble ruins walking video on Dimensity 9300. Eis overcorrects.,enable eis → update camera fw → run logcat,"{'text': 'jelly like looks video walking', 'platforms': [], 'codes': [], 'hw_module': 'unknown', 'tech_keywords': []}","{'text': 'camera eis enable fw logcat proc_run logcat run update', 'procedures': ['proc_run logcat'], 'sequence_length': 2}","{'text': '9300 dimensity eis footstep overcorrect ruin video walk wobble', 'platforms': [], 'codes': [], 'hw_module': 'unknown', 'tech_keywords': [], 'token_count': 9}",[TITLE] jelly like looks video walking [STEPS] camera eis enable fw logcat proc_run logcat run update [DESC] 9300 dimensity eis footstep overcorrect ruin video walk wobble [SEQ_LEN] 2,unknown,0,1,2
MTK-3362,Photos tilted 2 degrees always,Every photo leans two degrees on MT6989. Level fusion logged ERR_OIS_1220.,calibrate gyro → update camera fw → run logcat,"{'text': 'always degrees photos tilted', 'platforms': [], 'codes': [], 'hw_module': 'unknown', 'tech_keywords': []}","{'text': 'calibrate camera fw gyro logcat proc_run logcat run update', 'procedures': ['proc_run logcat'], 'sequence_length': 2}","{'text': 'code_err_ois_1220 degree err_ois_1220 fusion lean level log mt6989 photo platform_mt6989', 'platforms': ['mt6989'], 'codes': ['err_ois_1220'], 'hw_module': 'unknown', 'tech_keywords': [], 'token_count': 10}",[TITLE] always degrees photos tilted [STEPS] calibrate camera fw gyro logcat proc_run logcat run update [DESC] code_err_ois_1220 degree err_ois_1220 fusion lean level log mt6989 photo platform_mt6989 [SEQ_LEN] 2,unknown,0,1,2
MTK-3363,Focus hunts in low light,Autofocus racks back and forth in dim rooms on k689v1_64. Laser af return 0x0AF1.,clean lens → update camera fw → run logcat,"{'text': 'focus hunts in light low', 'platforms': [], 'codes': [], 'hw_module': 'unknown', 'tech_keywords': []}","{'text': 'camera clean fw lens logcat proc_run logcat run update', 'procedures': ['proc_run logcat'], 'sequence_length': 2}","{'text': '0x0af1 autofocus code_0x0af1 dim error_turn forth k689v1_64 laser rack return room', 'platforms': [], 'codes': ['0x0af1'], 'hw_module': 'unknown', 'tech_keywords': ['error_turn'], 'token_count': 11}",[TITLE] focus hunts in light low [STEPS] camera clean fw lens logcat proc_run logcat run update [DESC] 0x0af1 autofocus code_0x0af1 dim error_turn forth k689v1_64 laser rack return room [SEQ_LEN] 2,unknown,0,1,2
MTK-3364,ToF claims 8 meters indoors,Depth reads 8m in a small room on Dimensity 8300. ToF crosstalk suspected.,clean lens → run sensor test → run logcat,"{'text': 'claims indoors meters tof', 'platforms': [], 'codes': [], 'hw_module': 'unknown', 'tech_keywords': []}","{'text': 'clean lens logcat proc_run logcat run sensor test', 'procedures': ['proc_run logcat'], 'sequence_length': 2}","{'text': '8300 crosstalk depth dimensity read room small suspect tof', 'platforms': [], 'codes': [], 'hw_module': 'unknown', 'tech_keywords': [], 'token_count': 9}",[TITLE] claims indoors meters tof [STEPS] clean lens logcat proc_run logcat run sensor test [DESC] 8300 crosstalk depth dimensity read room small suspect tof [SEQ_LEN] 2,unknown,0,1,2
MTK-3365,Ultra-wide edges smeared,Ultra-wide corners smear badly on MT6878 since the update. Distortion table flagged ERR_OIS_1227.,update camera fw → run logcat → reboot device,"{'text': 'edges smeared', 'platforms': [], 'codes': [], 'hw_module': 'unknown', 'tech_keywords': []}","{'text': 'camera device fw logcat proc_reboot proc_run logcat reboot run update', 'procedures': ['proc_reboot', 'proc_run logcat'], 'sequence_length': 2}","{'text': 'badly code_err_ois_1227 corner distortion err_ois_1227 flag mt6878 platform_mt6878 smear table ultra update wide', 'platforms': ['mt6878'], 'codes': ['err_ois_1227'], 'hw_module': 'unknown', 'tech_keywords': [], 'token_count': 13}",[TITLE] edges smeared [STEPS] camera device fw logcat proc_reboot proc_run logcat reboot run update [DESC] badly code_err_ois_1227 corner distortion err_ois_1227 flag mt6878 platform_mt6878 smear table ultra update wide [SEQ_LEN] 2,unknown,0,2,2
MTK-3366,Front camera soft after update,"Selfies turned soft after the last OTA on ro.product.board. Front tuning reset, 0x0AF5.",clear camera data → update camera fw → reboot device,"{'text': 'after camera front soft update', 'platforms': [], 'codes': [], 'hw_module': 'unknown', 'tech_keywords': []}","{'text': 'camera clear data device fw proc_reboot reboot update', 'procedures': ['proc_reboot'], 'sequence_length': 2}","{'text': '0x0af5 code_0x0af5 error_turn module_ro.product.board ota platform_ro.product.board reset selfie soft tune turn', 'platforms': ['ro.product.board'], 'codes': ['0x0af5'], 'hw_module': 'ro.product.board', 'tech_keywords': ['error_turn'], 'token_count': 11}",[TITLE] after camera front soft update [STEPS] camera clear data device fw proc_reboot reboot update [DESC] 0x0af5 code_0x0af5 error_turn module_ro.product.board ota platform_ro.product.board reset selfie soft tune turn [SEQ_LEN] 2,unknown,0,1,2
MTK-3367,Night mode takes 9 seconds,Night sight exposes for nine seconds handheld on Dimensity 9300. Frame count too high.,brace phone → update camera fw → run logcat,"{'text': 'mode night seconds takes', 'platforms': [], 'codes': [], 'hw_module': 'unknown', 'tech_keywords': []}","{'text': 'brace camera fw logcat phone proc_run logcat run update', 'procedures': ['proc_run logcat'], 'sequence_length': 2}","{'text': '9300 count dimensity expose frame handheld high night second sight', 'platforms': [], 'codes': [], 'hw_module': 'unknown', 'tech_keywords': [], 'token_count': 10}",[TITLE] mode night seconds takes [STEPS] brace camera fw logcat phone proc_run logcat run update [DESC] 9300 count dimensity expose frame handheld high night second sight [SEQ_LEN] 2,unknown,0,1,2
MTK-3368,Flash blows out everything,Every flash shot is pure white on MT6896. Preflash metering logged ERR_OIS_1233.,clean lens → update camera fw → run logcat,"{'text': 'blows everything flash out', 'platforms': [], 'codes': [], 'hw_module': 'unknown', 'tech_keywords': []}","{'text': 'camera clean fw lens logcat proc_run logcat run update', 'procedures': ['proc_run logcat'], 'sequence_length': 2}","{'text': 'code_err_ois_1233 err_ois_1233 flash log metering mt6896 platform_mt6896 preflash pure shot white', 'platforms': ['mt6896'], 'codes': ['err_ois_1233'], 'hw_module': 'unknown', 'tech_keywords': [], 'token_count': 11}",[TITLE] blows everything flash out [STEPS] camera clean fw lens logcat proc_run logcat run update [DESC] code_err_ois_1233 err_ois_1233 flash log metering mt6896 platform_mt6896 preflash pure shot white [SEQ_LEN] 2,unknown,0,1,2
MTK-3369,Pro sliders do nothing,"Manual focus and shutter sliders have no effect on k689v1_64. Hal3 passthrough broken, 0x0AF9.",clear camera data → update camera fw → reboot device,"{'text': 'do nothing pro sliders', 'platforms': [], 'codes': [], 'hw_module': 'unknown', 'tech_keywords': []}","{'text': 'camera clear data device fw proc_reboot reboot update', 'procedures': ['proc_reboot'], 'sequence_length': 2}","{'text': '0x0af9 break code_0x0af9 effect focus hal3 k689v1_64 manual passthrough shutter slider', 'platforms': [], 'codes': ['0x0af9'], 'hw_module': 'unknown', 'tech_keywords': [], 'token_count': 11}",[TITLE] do nothing pro sliders [STEPS] camera clear data device fw proc_reboot reboot update [DESC] 0x0af9 break code_0x0af9 effect focus hal3 k689v1_64 manual passthrough shutter slider [SEQ_LEN] 2,unknown,0,1,2
MTK-3370,AI benchmark crashes the NPU,The AI benchmark aborts the NPU job on Dimensity 9300 every run. Driver logged mtk_npu_timeout with ERR_NPU_6610 and 0x9E01.,clear cache → cool device → rerun benchmark,"{'text': 'ai benchmark crashes npu the', 'platforms': [], 'codes': [], 'hw_module': 'unknown', 'tech_keywords': []}","{'text': 'benchmark cache clear cool device rerun', 'procedures': [], 'sequence_length': 2}","{'text': '0x9e01 9300 abort benchmark code_0x9e01 code_err_npu_6610 dimensity driver err_npu_6610 job log mtk_npu_timeout npu run tech_mtk', 'platforms': [], 'codes': ['0x9e01', 'err_npu_6610'], 'hw_module': 'unknown', 'tech_keywords': ['tech_mtk'], 'token_count': 15}",[TITLE] ai benchmark crashes npu the [STEPS] benchmark cache clear cool device rerun [DESC] 0x9e01 9300 abort benchmark code_0x9e01 code_err_npu_6610 dimensity driver err_npu_6610 job log mtk_npu_timeout npu run tech_mtk [SEQ_LEN] 2,unknown,0,0,2
MTK-3371,Magic eraser hangs the gallery,Magic eraser spins forever on MT6989. Apu graph never returns.,clear cache → update firmware → run logcat,"{'text': 'eraser gallery hangs magic the', 'platforms': [], 'codes': [], 'hw_module': 'unknown', 'tech_keywords': []}","{'text': 'cache clear firmware logcat proc_run logcat run update', 'procedures': ['proc_run logcat'], 'sequence_length': 2}","{'text': 'apu eraser error_turn forever graph magic mt6989 platform_mt6989 return spin', 'platforms': ['mt6989'], 'codes': [], 'hw_module': 'unknown', 'tech_keywords': ['error_turn'], 'token_count': 10}",[TITLE] eraser gallery hangs magic the [STEPS] cache clear firmware logcat proc_run logcat run update [DESC] apu eraser error_turn forever graph magic mt6989 platform_mt6989 return spin [SEQ_LEN] 2,unknown,0,1,2
MTK-3372,Live translate overheats phone,Live translate gets the phone burning hot on k689v1_64. Sustained load code 0x9E05.,cool device → clear cache → run logcat,"{'text': 'live overheats phone tech_phone translate', 'platforms': [], 'codes': [], 'hw_module': 'unknown', 'tech_keywords': ['tech_phone']}","{'text': 'cache clear cool device logcat proc_run logcat run', 'procedures': ['proc_run logcat'], 'sequence_length': 2}","{'text': '0x9e05 burn code code_0x9e05 get hot k689v1_64 live load phone sustain tech_phone translate', 'platforms': [], 'codes': ['0x9e05'], 'hw_module': 'unknown', 'tech_keywords': ['tech_phone'], 'token_count': 13}",[TITLE] live overheats phone tech_phone translate [STEPS] cache clear cool device logcat proc_run logcat run [DESC] 0x9e05 burn code code_0x9e05 get hot k689v1_64 live load phone sustain tech_phone translate [SEQ_LEN] 2,unknown,0,1,2
MTK-3373,Face unlock slow in the dark,Dark unlock takes three seconds on Dimensity 8300. Ir plus npu path slow.,clean sensor → retrain face → run logcat,"{'text': 'dark face in slow the unlock', 'platforms': [], 'codes': [], 'hw_module': 'unknown', 'tech_keywords': []}","{'text': 'clean face logcat proc_run logcat retrain run sensor', 'procedures': ['proc_run logcat'], 'sequence_length': 2}","{'text': '8300 dark dimensity npu path plus second slow take unlock', 'platforms': [], 'codes': [], 'hw_module': 'unknown', 'tech_keywords': [], 'token_count': 10}",[TITLE] dark face in slow the unlock [STEPS] clean face logcat proc_run logcat retrain run sensor [DESC] 8300 dark dimensity npu path plus second slow take unlock [SEQ_LEN] 2,unknown,0,1,2
MTK-3374,Voice demo force closes,The on-device voice demo crashes on open on MT6878. Model load flagged ERR_NPU_6617.,clear cache → cool device → reboot device,"{'text': 'closes demo force voice', 'platforms': [], 'codes': [], 'hw_module': 'unknown', 'tech_keywords': []}","{'text': 'cache clear cool device proc_reboot reboot', 'procedures': ['proc_reboot'], 'sequence_length': 2}","{'text': 'code_err_npu_6617 crash demo device err_npu_6617 flag load model module_device mt6878 open platform_mt6878 voice', 'platforms': ['mt6878'], 'codes': ['err_npu_6617'], 'hw_module': 'device', 'tech_keywords': [], 'token_count': 13}",[TITLE] closes demo force voice [STEPS] cache clear cool device proc_reboot reboot [DESC] code_err_npu_6617 crash demo device err_npu_6617 flag load model module_device mt6878 open platform_mt6878 voice [SEQ_LEN] 2,unknown,0,1,2
MTK-3375,Scene detect lags 2 seconds,"Scene icons switch two seconds late on MT6896. Inference queued behind, 0x9E20.",update camera fw → clear cache → run logcat,"{'text': 'detect lags scene seconds', 'platforms': [], 'codes': [], 'hw_module': 'unknown', 'tech_keywords': []}","{'text': 'cache camera clear fw logcat proc_run logcat run update', 'procedures': ['proc_run logcat'], 'sequence_length': 2}","{'text': '0x9e20 code_0x9e20 icon inference late mt6896 platform_mt6896 queue scene second switch', 'platforms': ['mt6896'], 'codes': ['0x9e20'], 'hw_module': 'unknown', 'tech_keywords': [], 'token_count': 11}",[TITLE] detect lags scene seconds [STEPS] cache camera clear fw logcat proc_run logcat run update [DESC] 0x9e20 code_0x9e20 icon inference late mt6896 platform_mt6896 queue scene second switch [SEQ_LEN] 2,unknown,0,1,2
MTK-3376,NPU driver version mismatch,Benchmark complains the NPU driver mismatches on Dimensity 9300. Ota skipped the blob.,update firmware → rerun benchmark → run logcat,"{'text': 'driver mismatch npu version', 'platforms': [], 'codes': [], 'hw_module': 'unknown', 'tech_keywords': []}","{'text': 'benchmark firmware logcat proc_run logcat rerun run update', 'procedures': ['proc_run logcat'], 'sequence_length': 2}","{'text': '9300 benchmark blob complain dimensity driver mismatch npu ota skip', 'platforms': [], 'codes': [], 'hw_module': 'unknown', 'tech_keywords': [], 'token_count': 10}",[TITLE] driver mismatch npu version [STEPS] benchmark firmware logcat proc_run logcat rerun run update [DESC] 9300 benchmark blob complain dimensity driver mismatch npu ota skip [SEQ_LEN] 2,unknown,0,1,2
MTK-3377,Call blur flickers badly,Background blur flickers on video calls on k689v1_64. Bokeh mask flagged ERR_NPU_6624.,update camera fw → test call → run logcat,"{'text': 'badly blur call flickers', 'platforms': [], 'codes': [], 'hw_module': 'unknown', 'tech_keywords': []}","{'text': 'call camera fw logcat proc_run logcat run test update', 'procedures': ['proc_run logcat'], 'sequence_length': 2}","{'text': 'background blur bokeh call code_err_npu_6624 err_npu_6624 flag flicker k689v1_64 mask video', 'platforms': [], 'codes': ['err_npu_6624'], 'hw_module': 'unknown', 'tech_keywords': [], 'token_count': 11}",[TITLE] badly blur call flickers [STEPS] call camera fw logcat proc_run logcat run test update [DESC] background blur bokeh call code_err_npu_6624 err_npu_6624 flag flicker k689v1_64 mask video [SEQ_LEN] 2,unknown,0,1,2
MTK-3378,Offline dictation never starts,Offline voice typing never initializes on MT6989. Language pack code 0x9E28.,download pack → clear cache → reboot device,"{'text': 'dictation never offline starts', 'platforms': [], 'codes': [], 'hw_module': 'unknown', 'tech_keywords': []}","{'text': 'cache clear device download pack proc_reboot reboot', 'procedures': ['proc_reboot'], 'sequence_length': 2}","{'text': '0x9e28 code code_0x9e28 initialize language mt6989 offline pack platform_mt6989 type voice', 'platforms': ['mt6989'], 'codes': ['0x9e28'], 'hw_module': 'unknown', 'tech_keywords': [], 'token_count': 11}",[TITLE] dictation never offline starts [STEPS] cache clear device download pack proc_reboot reboot [DESC] 0x9e28 code code_0x9e28 initialize language mt6989 offline pack platform_mt6989 type voice [SEQ_LEN] 2,unknown,0,1,2
MTK-3379,Zoom shots full of artifacts,30x zoom shots look painted on Dimensity 8300. Super-resolution overshoots.,update camera fw → run logcat → reboot device,"{'text': 'artifacts full of shots zoom', 'platforms': [], 'codes': [], 'hw_module': 'unknown', 'tech_keywords': []}","{'text': 'camera device fw logcat proc_reboot proc_run logcat reboot run update', 'procedures': ['proc_reboot', 'proc_run logcat'], 'sequence_length': 2}","{'text': '30x 8300 dimensity look overshoot paint resolution shot super zoom', 'platforms': [], 'codes': [], 'hw_module': 'unknown', 'tech_keywords': [], 'token_count': 10}",[TITLE] artifacts full of shots zoom [STEPS] camera device fw logcat proc_reboot proc_run logcat reboot run update [DESC] 30x 8300 dimensity look overshoot paint resolution shot super zoom [SEQ_LEN] 2,unknown,0,2,2
MTK-3380,Battery stuck at 50 for hours,Percentage sits at 50 for hours on MT6989 then drops normally. Fuel gauge logged ERR_FG_6620.,calibrate battery → reboot to recovery → run logcat,"{'text': '50 at battery for hours stuck', 'platforms': [], 'codes': [], 'hw_module': 'unknown', 'tech_keywords': []}","{'text': 'battery calibrate logcat proc_reboot proc_run logcat reboot recovery run to', 'procedures': ['proc_reboot', 'proc_run logcat'], 'sequence_length': 2}","{'text': 'code_err_fg_6620 drop err_fg_6620 fuel gauge hour log mt6989 normally percentage platform_mt6989 sit', 'platforms': ['mt6989'], 'codes': ['err_fg_6620'], 'hw_module': 'unknown', 'tech_keywords': [], 'token_count': 12}",[TITLE] 50 at battery for hours stuck [STEPS] battery calibrate logcat proc_reboot proc_run logcat reboot recovery run to [DESC] code_err_fg_6620 drop err_fg_6620 fuel gauge hour log mt6989 normally percentage platform_mt6989 sit [SEQ_LEN] 2,unknown,0,2,2
MTK-3381,Phone dies at 20 percent,Shutdowns hit at a displayed 20 percent on Dimensity 8300 in the cold. Impedance spike.,calibrate battery → cool device → run logcat,"{'text': '20 at dies percent phone tech_phone', 'platforms': [], 'codes': [], 'hw_module': 'unknown', 'tech_keywords': ['tech_phone']}","{'text': 'battery calibrate cool device logcat proc_run logcat run', 'procedures': ['proc_run logcat'], 'sequence_length': 2}","{'text': '8300 cold dimensity display hit impedance percent shutdown spike', 'platforms': [], 'codes': [], 'hw_module': 'unknown', 'tech_keywords': [], 'token_count': 9}",[TITLE] 20 at dies percent phone tech_phone [STEPS] battery calibrate cool device logcat proc_run logcat run [DESC] 8300 cold dimensity display hit impedance percent shutdown spike [SEQ_LEN] 2,unknown,0,1,2
MTK-3382,Percent jumps after reboot,Rebooting changes the reading by 15 points on k689v1_64. Ocv table code 0x0605.,calibrate battery → reboot device → run logcat,"{'text': 'after jumps percent reboot', 'platforms': [], 'codes': [], 'hw_module': 'unknown', 'tech_keywords': []}","{'text': 'battery calibrate device logcat proc_reboot proc_run logcat reboot run', 'procedures': ['proc_reboot', 'proc_run logcat'], 'sequence_length': 2}","{'text': '0x0605 change code code_0x0605 k689v1_64 ocv point reading reboot table', 'platforms': [], 'codes': ['0x0605'], 'hw_module': 'unknown', 'tech_keywords': [], 'token_count': 10}",[TITLE] after jumps percent reboot [STEPS] battery calibrate device logcat proc_reboot proc_run logcat reboot run [DESC] 0x0605 change code code_0x0605 k689v1_64 ocv point reading reboot table [SEQ_LEN] 2,unknown,0,2,2
MTK-3383,Back cover bulging outward,The back is visibly puffed on MT6878 and the screen lifts. Swollen cell suspected.,stop charging → contact support → run logcat,"{'text': 'back bulging cover outward', 'platforms': [], 'codes': [], 'hw_module': 'unknown', 'tech_keywords': []}","{'text': 'charging contact logcat proc_run logcat run stop support', 'procedures': ['proc_run logcat'], 'sequence_length': 2}","{'text': 'cell lift mt6878 platform_mt6878 puff screen suspect swollen visibly', 'platforms': ['mt6878'], 'codes': [], 'hw_module': 'unknown', 'tech_keywords': [], 'token_count': 9}",[TITLE] back bulging cover outward [STEPS] charging contact logcat proc_run logcat run stop support [DESC] cell lift mt6878 platform_mt6878 puff screen suspect swollen visibly [SEQ_LEN] 2,unknown,0,1,2
MTK-3384,Ten percent gone overnight idle,Ten percent vanishes with everything off on Dimensity 9300. Wakelock flagged ERR_FG_6630.,run batterystats → restrict background → reboot device,"{'text': 'gone idle overnight percent ten', 'platforms': [], 'codes': [], 'hw_module': 'unknown', 'tech_keywords': []}","{'text': 'background batterystats device proc_reboot reboot restrict run', 'procedures': ['proc_reboot'], 'sequence_length': 2}","{'text': '9300 code_err_fg_6630 dimensity err_fg_6630 flag percent vanish wakelock', 'platforms': [], 'codes': ['err_fg_6630'], 'hw_module': 'unknown', 'tech_keywords': [], 'token_count': 8}",[TITLE] gone idle overnight percent ten [STEPS] background batterystats device proc_reboot reboot restrict run [DESC] 9300 code_err_fg_6630 dimensity err_fg_6630 flag percent vanish wakelock [SEQ_LEN] 2,unknown,0,1,2
MTK-3385,Full in 20 minutes then dies,"Charges impossibly fast then dies at 40 on ro.product.board. Gauge reads fake full, 0x0612.",calibrate battery → try 65w charger → run logcat,"{'text': '20 dies full in minutes then', 'platforms': [], 'codes': [], 'hw_module': 'unknown', 'tech_keywords': []}","{'text': '65w battery calibrate charger logcat proc_run logcat run try', 'procedures': ['proc_run logcat'], 'sequence_length': 2}","{'text': '0x0612 charge code_0x0612 die fake fast gauge impossibly module_ro.product.board platform_ro.product.board read', 'platforms': ['ro.product.board'], 'codes': ['0x0612'], 'hw_module': 'ro.product.board', 'tech_keywords': [], 'token_count': 11}",[TITLE] 20 dies full in minutes then [STEPS] 65w battery calibrate charger logcat proc_run logcat run try [DESC] 0x0612 charge code_0x0612 die fake fast gauge impossibly module_ro.product.board platform_ro.product.board read [SEQ_LEN] 2,unknown,0,1,2
MTK-3386,Health says service needed,Battery health shows service at 900 cycles on MT6896. Capacity at 79 percent.,check cycles → contact support → run logcat,"{'text': 'health needed says service', 'platforms': [], 'codes': [], 'hw_module': 'unknown', 'tech_keywords': []}","{'text': 'check contact cycles logcat proc_run logcat run support', 'procedures': ['proc_run logcat'], 'sequence_length': 2}","{'text': '900 battery capacity cycle health mt6896 percent platform_mt6896 service show', 'platforms': ['mt6896'], 'codes': [], 'hw_module': 'unknown', 'tech_keywords': [], 'token_count': 10}",[TITLE] health needed says service [STEPS] check contact cycles logcat proc_run logcat run support [DESC] 900 battery capacity cycle health mt6896 percent platform_mt6896 service show [SEQ_LEN] 2,unknown,0,1,2
MTK-3387,Camera launch kills the phone,Opening the camera shuts it off at 30 percent on Dimensity 8300. Voltage sag logged ERR_FG_6638.,warm phone → calibrate battery → run logcat,"{'text': 'camera kills launch phone tech_phone the', 'platforms': [], 'codes': [], 'hw_module': 'unknown', 'tech_keywords': ['tech_phone']}","{'text': 'battery calibrate logcat phone proc_run logcat run warm', 'procedures': ['proc_run logcat'], 'sequence_length': 2}","{'text': '8300 camera code_err_fg_6638 dimensity err_fg_6638 log open percent sag shut voltage', 'platforms': [], 'codes': ['err_fg_6638'], 'hw_module': 'unknown', 'tech_keywords': [], 'token_count': 11}",[TITLE] camera kills launch phone tech_phone the [STEPS] battery calibrate logcat phone proc_run logcat run warm [DESC] 8300 camera code_err_fg_6638 dimensity err_fg_6638 log open percent sag shut voltage [SEQ_LEN] 2,unknown,0,1,2
MTK-3388,Standby fell to six hours,Two-day standby became six hours after the update on k689v1_64. Kernel wakelock 0x0642.,run batterystats → restrict background → reboot device,"{'text': 'fell hours six standby to', 'platforms': [], 'codes': [], 'hw_module': 'unknown', 'tech_keywords': []}","{'text': 'background batterystats device proc_reboot reboot restrict run', 'procedures': ['proc_reboot'], 'sequence_length': 2}","{'text': '0x0642 code_0x0642 day hour k689v1_64 kernel standby update wakelock', 'platforms': [], 'codes': ['0x0642'], 'hw_module': 'unknown', 'tech_keywords': [], 'token_count': 9}",[TITLE] fell hours six standby to [STEPS] background batterystats device proc_reboot reboot restrict run [DESC] 0x0642 code_0x0642 day hour k689v1_64 kernel standby update wakelock [SEQ_LEN] 2,unknown,0,1,2
MTK-3389,Charge counter resets each boot,The cycle counter resets on every boot on MT6989. Qmax never learns.,calibrate battery → flash firmware → run logcat,"{'text': 'boot charge counter each resets', 'platforms': [], 'codes': [], 'hw_module': 'unknown', 'tech_keywords': []}","{'text': 'battery calibrate firmware flash logcat proc_run logcat run', 'procedures': ['proc_run logcat'], 'sequence_length': 2}","{'text': 'boot counter cycle learn mt6989 platform_mt6989 qmax reset', 'platforms': ['mt6989'], 'codes': [], 'hw_module': 'unknown', 'tech_keywords': [], 'token_count': 8}",[TITLE] boot charge counter each resets [STEPS] battery calibrate firmware flash logcat proc_run logcat run [DESC] boot counter cycle learn mt6989 platform_mt6989 qmax reset [SEQ_LEN] 2,unknown,0,1,2
MTK-3390,Full bars but calls fail instantly,Five bars yet every call fails at once on MT6896. Rild channel dead with ERR_RIL_4430.,toggle airplane → reboot device → run logcat,"{'text': 'bars but calls fail full instantly', 'platforms': [], 'codes': [], 'hw_module': 'unknown', 'tech_keywords': []}","{'text': 'airplane device logcat proc_reboot proc_run logcat reboot run toggle', 'procedures': ['proc_reboot', 'proc_run logcat'], 'sequence_length': 2}","{'text': 'bar channel code_err_ril_4430 dead err_ril_4430 fail mt6896 platform_mt6896 rild', 'platforms': ['mt6896'], 'codes': ['err_ril_4430'], 'hw_module': 'unknown', 'tech_keywords': [], 'token_count': 9}",[TITLE] bars but calls fail full instantly [STEPS] airplane device logcat proc_reboot proc_run logcat reboot run toggle [DESC] bar channel code_err_ril_4430 dead err_ril_4430 fail mt6896 platform_mt6896 rild [SEQ_LEN] 2,unknown,0,2,2
MTK-3391,Data works but SMS never arrives,Browsing is fine yet no texts arrive for days on Dimensity 9300. Sms over sg flagged 0x21A0.,toggle airplane → check apn → run logcat,"{'text': 'arrives but data never sms works', 'platforms': [], 'codes': [], 'hw_module': 'unknown', 'tech_keywords': []}","{'text': 'airplane apn check logcat proc_run logcat run toggle', 'procedures': ['proc_run logcat'], 'sequence_length': 2}","{'text': '0x21a0 9300 arrive browsing code_0x21a0 day dimensity fine flag sms text', 'platforms': [], 'codes': ['0x21a0'], 'hw_module': 'unknown', 'tech_keywords': [], 'token_count': 11}",[TITLE] arrives but data never sms works [STEPS] airplane apn check logcat proc_run logcat run toggle [DESC] 0x21a0 9300 arrive browsing code_0x21a0 day dimensity fine flag sms text [SEQ_LEN] 2,unknown,0,1,2
MTK-3392,SIM toolkit menu empty,The carrier menu shows nothing on k689v1_64 though the SIM supports it. Stk refresh never fires.,reinsert sim → toggle airplane → reboot device,"{'text': 'empty menu sim toolkit', 'platforms': [], 'codes': [], 'hw_module': 'unknown', 'tech_keywords': []}","{'text': 'airplane device proc_reboot reboot reinsert sim toggle', 'procedures': ['proc_reboot'], 'sequence_length': 2}","{'text': 'carrier fire k689v1_64 menu refresh show sim stk support', 'platforms': [], 'codes': [], 'hw_module': 'unknown', 'tech_keywords': [], 'token_count': 9}",[TITLE] empty menu sim toolkit [STEPS] airplane device proc_reboot reboot reinsert sim toggle [DESC] carrier fire k689v1_64 menu refresh show sim stk support [SEQ_LEN] 2,unknown,0,1,2
MTK-3393,Network search finds nothing,Manual search returns zero networks on MT6989 with known coverage. Scan logged ERR_RIL_4437.,toggle airplane → check bands → run logcat,"{'text': 'finds network nothing search', 'platforms': [], 'codes': [], 'hw_module': 'unknown', 'tech_keywords': []}","{'text': 'airplane bands check logcat proc_run logcat run toggle', 'procedures': ['proc_run logcat'], 'sequence_length': 2}","{'text': 'code_err_ril_4437 coverage err_ril_4437 error_turn know log manual mt6989 network platform_mt6989 return scan search zero', 'platforms': ['mt6989'], 'codes': ['err_ril_4437'], 'hw_module': 'unknown', 'tech_keywords': ['error_turn'], 'token_count': 14}",[TITLE] finds network nothing search [STEPS] airplane bands check logcat proc_run logcat run toggle [DESC] code_err_ril_4437 coverage err_ril_4437 error_turn know log manual mt6989 network platform_mt6989 return scan search zero [SEQ_LEN] 2,unknown,0,1,2
MTK-3394,PIN unlock loops forever,Correct PIN loops back to entry on Dimensity 8300. Verify roundtrip code 0x21B5.,enter puk → toggle airplane → reboot device,"{'text': 'forever loops pin unlock', 'platforms': [], 'codes': [], 'hw_module': 'unknown', 'tech_keywords': []}","{'text': 'airplane device enter proc_reboot puk reboot toggle', 'procedures': ['proc_reboot'], 'sequence_length': 2}","{'text': '0x21b5 8300 code code_0x21b5 correct dimensity entry loop pin roundtrip verify', 'platforms': [], 'codes': ['0x21b5'], 'hw_module': 'unknown', 'tech_keywords': [], 'token_count': 11}",[TITLE] forever loops pin unlock [STEPS] airplane device enter proc_reboot puk reboot toggle [DESC] 0x21b5 8300 code code_0x21b5 correct dimensity entry loop pin roundtrip verify [SEQ_LEN] 2,unknown,0,1,2
MTK-3395,RIL socket died after update,"No service at all since the OTA on MT6878, baseband alive. Rild crashed on boot.",toggle airplane → flash firmware → run logcat,"{'text': 'after died ril socket update', 'platforms': [], 'codes': [], 'hw_module': 'unknown', 'tech_keywords': []}","{'text': 'airplane firmware flash logcat proc_run logcat run toggle', 'procedures': ['proc_run logcat'], 'sequence_length': 2}","{'text': 'alive baseband boot crash mt6878 ota platform_mt6878 rild service', 'platforms': ['mt6878'], 'codes': [], 'hw_module': 'unknown', 'tech_keywords': [], 'token_count': 9}",[TITLE] after died ril socket update [STEPS] airplane firmware flash logcat proc_run logcat run toggle [DESC] alive baseband boot crash mt6878 ota platform_mt6878 rild service [SEQ_LEN] 2,unknown,0,1,2
MTK-3396,USSD codes return blank,Balance check returns an empty popup on ro.product.board. Session logged ERR_RIL_4444.,toggle airplane → test ussd → run logcat,"{'text': 'blank codes error_turn return ussd', 'platforms': [], 'codes': [], 'hw_module': 'unknown', 'tech_keywords': ['error_turn']}","{'text': 'airplane logcat proc_run logcat run test toggle ussd', 'procedures': ['proc_run logcat'], 'sequence_length': 2}","{'text': 'balance check code_err_ril_4444 err_ril_4444 error_turn log module_ro.product.board platform_ro.product.board popup return session', 'platforms': ['ro.product.board'], 'codes': ['err_ril_4444'], 'hw_module': 'ro.product.board', 'tech_keywords': ['error_turn'], 'token_count': 11}",[TITLE] blank codes error_turn return ussd [STEPS] airplane logcat proc_run logcat run test toggle ussd [DESC] balance check code_err_ril_4444 err_ril_4444 error_turn log module_ro.product.board platform_ro.product.board popup return session [SEQ_LEN] 2,unknown,0,1,2
MTK-3397,Forwarding settings will not save,Call forwarding refuses to save on Dimensity 9300. Ss request answered 0x21C0.,toggle volte → toggle airplane → run logcat,"{'text': 'forwarding not save settings will', 'platforms': [], 'codes': [], 'hw_module': 'unknown', 'tech_keywords': []}","{'text': 'airplane logcat proc_run logcat run toggle volte', 'procedures': ['proc_run logcat'], 'sequence_length': 2}","{'text': '0x21c0 9300 answer code_0x21c0 dimensity forwarding refuse request save', 'platforms': [], 'codes': ['0x21c0'], 'hw_module': 'unknown', 'tech_keywords': [], 'token_count': 9}",[TITLE] forwarding not save settings will [STEPS] airplane logcat proc_run logcat run toggle volte [DESC] 0x21c0 9300 answer code_0x21c0 dimensity forwarding refuse request save [SEQ_LEN] 2,unknown,0,1,2
MTK-3398,Modem asserts on legacy network,Camping 3G-only areas reboots the modem on k689v1_64. Sunset network assert.,lock 4g → toggle airplane → flash firmware,"{'text': 'asserts legacy modem network on', 'platforms': [], 'codes': [], 'hw_module': 'unknown', 'tech_keywords': []}","{'text': '4g airplane firmware flash lock toggle', 'procedures': [], 'sequence_length': 2}","{'text': 'area assert camping k689v1_64 modem network reboot sunset', 'platforms': [], 'codes': [], 'hw_module': 'unknown', 'tech_keywords': [], 'token_count': 8}",[TITLE] asserts legacy modem network on [STEPS] 4g airplane firmware flash lock toggle [DESC] area assert camping k689v1_64 modem network reboot sunset [SEQ_LEN] 2,unknown,0,0,2
MTK-3399,Baseband version shows unknown,Baseband reads unknown in settings on MT6989 with working calls. Version query flagged ERR_RIL_4451.,flash firmware → toggle airplane → run logcat,"{'text': 'baseband shows unknown version', 'platforms': [], 'codes': [], 'hw_module': 'unknown', 'tech_keywords': []}","{'text': 'airplane firmware flash logcat proc_run logcat run toggle', 'procedures': ['proc_run logcat'], 'sequence_length': 2}","{'text': 'baseband call code_err_ril_4451 err_ril_4451 flag mt6989 platform_mt6989 query read setting unknown version work', 'platforms': ['mt6989'], 'codes': ['err_ril_4451'], 'hw_module': 'unknown', 'tech_keywords': [], 'token_count': 13}",[TITLE] baseband shows unknown version [STEPS] airplane firmware flash logcat proc_run logcat run toggle [DESC] baseband call code_err_ril_4451 err_ril_4451 flag mt6989 platform_mt6989 query read setting unknown version work [SEQ_LEN] 2,unknown,0,1,2
MTK-3400,No internet even though the router works,"Browsing died on the couch while the laptop works fine, and the wifi icon is gone from the top bar. The wifi switch got turned off in quick settings.",turn on wifi → pick home network → reboot router if stuck,"{'text': 'even internet no router the though works', 'platforms': [], 'codes': [], 'hw_module': 'unknown', 'tech_keywords': []}","{'text': 'home if network on pick proc_reboot reboot router stuck turn wifi', 'procedures': ['proc_reboot'], 'sequence_length': 2}","{'text': 'bar browsing couch die error_turn fine get go icon laptop quick setting switch tech_wifi turn wifi work', 'platforms': [], 'codes': [], 'hw_module': 'unknown', 'tech_keywords': ['tech_wifi', 'error_turn'], 'token_count': 17}",[TITLE] even internet no router the though works [STEPS] home if network on pick proc_reboot reboot router stuck turn wifi [DESC] bar browsing couch die error_turn fine get go icon laptop quick setting switch tech_wifi turn wifi work [SEQ_LEN] 2,unknown,0,1,2
MTK-3401,WiFi icon missing from the top,Streaming stopped in the bedroom and only 4G shows now. Wifi got toggled off during yesterday's flight.,turn on wifi → forget network → rejoin network,"{'text': 'from icon missing tech_wifi the top wifi', 'platforms': [], 'codes': [], 'hw_module': 'unknown', 'tech_keywords': ['tech_wifi']}","{'text': 'forget network on rejoin turn wifi', 'procedures': [], 'sequence_length': 2}","{'text': 'bedroom flight get show stop streaming tech_wifi toggle wifi yesterday', 'platforms': [], 'codes': [], 'hw_module': 'unknown', 'tech_keywords': ['tech_wifi'], 'token_count': 10}",[TITLE] from icon missing tech_wifi the top wifi [STEPS] forget network on rejoin turn wifi [DESC] bedroom flight get show stop streaming tech_wifi toggle wifi yesterday [SEQ_LEN] 2,unknown,0,0,2
MTK-3402,Phone burns mobile data at home,"A data warning arrived mid-month, the phone has been on mobile data for days. Someone switched wifi off to save battery once.",turn on wifi → turn off mobile data → restart phone,"{'text': 'at burns data home mobile phone tech_phone', 'platforms': [], 'codes': [], 'hw_module': 'unknown', 'tech_keywords': ['tech_phone']}","{'text': 'data mobile off on phone restart turn wifi', 'procedures': [], 'sequence_length': 2}","{'text': 'arrive battery data datum day mid mobile month phone save switch tech_phone tech_wifi warning wifi', 'platforms': [], 'codes': [], 'hw_module': 'unknown', 'tech_keywords': ['tech_wifi', 'tech_phone'], 'token_count': 15}",[TITLE] at burns data home mobile phone tech_phone [STEPS] data mobile off on phone restart turn wifi [DESC] arrive battery data datum day mid mobile month phone save switch tech_phone tech_wifi warning wifi [SEQ_LEN] 2,unknown,0,0,2
MTK-3403,No calls or texts since the flight,"Landed yesterday and nothing comes through, not even bars. Airplane mode stayed on from the plane.",turn off airplane → wait a minute → restart phone,"{'text': 'calls flight no or since texts the', 'platforms': [], 'codes': [], 'hw_module': 'unknown', 'tech_keywords': []}","{'text': 'airplane minute off phone restart turn wait', 'procedures': [], 'sequence_length': 2}","{'text': 'airplane bar come land mode plane stay yesterday', 'platforms': [], 'codes': [], 'hw_module': 'unknown', 'tech_keywords': [], 'token_count': 8}",[TITLE] calls flight no or since texts the [STEPS] airplane minute off phone restart turn wait [DESC] airplane bar come land mode plane stay yesterday [SEQ_LEN] 2,unknown,0,0,2
MTK-3404,Internet dead after the cinema,Phone went silent for a movie with airplane mode and now maps will not load. The little plane icon sits in the corner.,turn off airplane → toggle wifi → restart phone,"{'text': 'after cinema dead internet the', 'platforms': [], 'codes': [], 'hw_module': 'unknown', 'tech_keywords': []}","{'text': 'airplane off phone restart toggle turn wifi', 'procedures': [], 'sequence_length': 2}","{'text': 'airplane corner go icon little load map mode movie phone plane silent sit tech_phone', 'platforms': [], 'codes': [], 'hw_module': 'unknown', 'tech_keywords': ['tech_phone'], 'token_count': 14}",[TITLE] after cinema dead internet the [STEPS] airplane off phone restart toggle turn wifi [DESC] airplane corner go icon little load map mode movie phone plane silent sit tech_phone [SEQ_LEN] 2,unknown,0,0,2
MTK-3405,Missed a job interview call,The interview call never rang through this morning. Airplane mode was left on overnight by accident.,turn off airplane → test with a call → restart phone,"{'text': 'call interview job missed', 'platforms': [], 'codes': [], 'hw_module': 'unknown', 'tech_keywords': []}","{'text': 'airplane call off phone restart test turn with', 'procedures': [], 'sequence_length': 2}","{'text': 'accident airplane interview leave mode morning overnight ring', 'platforms': [], 'codes': [], 'hw_module': 'unknown', 'tech_keywords': [], 'token_count': 8}",[TITLE] call interview job missed [STEPS] airplane call off phone restart test turn with [DESC] accident airplane interview leave mode morning overnight ring [SEQ_LEN] 2,unknown,0,0,2
MTK-3406,New router password never works,Typing the new home wifi password fails every time. Caps lock was on the whole time.,check caps → retype slowly → forget network then rejoin,"{'text': 'never new password router works', 'platforms': [], 'codes': [], 'hw_module': 'unknown', 'tech_keywords': []}","{'text': 'caps check forget network rejoin retype slowly then', 'procedures': [], 'sequence_length': 2}","{'text': 'cap fail home lock new password tech_wifi time type wifi', 'platforms': [], 'codes': [], 'hw_module': 'unknown', 'tech_keywords': ['tech_wifi'], 'token_count': 10}",[TITLE] never new password router works [STEPS] caps check forget network rejoin retype slowly then [DESC] cap fail home lock new password tech_wifi time type wifi [SEQ_LEN] 2,unknown,0,0,2
MTK-3407,Phone says wrong password daily,Office wifi rejects the saved password although colleagues connect fine. The password has a zero that looks like an O.,ask for exact password → forget network → rejoin network,"{'text': 'daily password phone says tech_phone wrong', 'platforms': [], 'codes': [], 'hw_module': 'unknown', 'tech_keywords': ['tech_phone']}","{'text': 'ask exact for forget network password rejoin', 'procedures': [], 'sequence_length': 2}","{'text': 'colleague connect fine like look office password reject save tech_connect tech_wifi wifi zero', 'platforms': [], 'codes': [], 'hw_module': 'unknown', 'tech_keywords': ['tech_connect', 'tech_wifi'], 'token_count': 13}",[TITLE] daily password phone says tech_phone wrong [STEPS] ask exact for forget network password rejoin [DESC] colleague connect fine like look office password reject save tech_connect tech_wifi wifi zero [SEQ_LEN] 2,unknown,0,0,2
MTK-3408,Connects at home but not at mum's,At mum's the password fails although she reads it out twice. An extra space sneaks in at the end.,retype without spaces → forget network → restart phone,"{'text': 'at but connects home mum not tech_connect', 'platforms': [], 'codes': [], 'hw_module': 'unknown', 'tech_keywords': ['tech_connect']}","{'text': 'forget network phone restart retype spaces without', 'procedures': [], 'sequence_length': 2}","{'text': 'end extra fail mum password read sneak space twice', 'platforms': [], 'codes': [], 'hw_module': 'unknown', 'tech_keywords': [], 'token_count': 9}",[TITLE] at but connects home mum not tech_connect [STEPS] forget network phone restart retype spaces without [DESC] end extra fail mum password read sneak space twice [SEQ_LEN] 2,unknown,0,0,2
MTK-3409,"Nobody's wifi works, blaming the phone",The whole family is offline and only the phone gets accused. The router lights are orange.,reboot router → wait two minutes → rejoin network,"{'text': 'blaming nobody phone tech_phone tech_wifi the wifi works', 'platforms': [], 'codes': [], 'hw_module': 'unknown', 'tech_keywords': ['tech_wifi', 'tech_phone']}","{'text': 'minutes network proc_reboot reboot rejoin router two wait', 'procedures': ['proc_reboot'], 'sequence_length': 2}","{'text': 'accuse family get light offline orange phone router tech_phone', 'platforms': [], 'codes': [], 'hw_module': 'unknown', 'tech_keywords': ['tech_phone'], 'token_count': 9}",[TITLE] blaming nobody phone tech_phone tech_wifi the wifi works [STEPS] minutes network proc_reboot reboot rejoin router two wait [DESC] accuse family get light offline orange phone router tech_phone [SEQ_LEN] 2,unknown,0,1,2
MTK-3410,Internet dies every evening,Streaming buffers nightly around 8pm on every device in the house. The line itself drops.,reboot router → call isp → restart phone,"{'text': 'dies evening every internet', 'platforms': [], 'codes': [], 'hw_module': 'unknown', 'tech_keywords': []}","{'text': 'call isp phone proc_reboot reboot restart router', 'procedures': ['proc_reboot'], 'sequence_length': 2}","{'text': 'buffer device drop house line module_device nightly streaming', 'platforms': [], 'codes': [], 'hw_module': 'device', 'tech_keywords': [], 'token_count': 8}",[TITLE] dies evening every internet [STEPS] call isp phone proc_reboot reboot restart router [DESC] buffer device drop house line module_device nightly streaming [SEQ_LEN] 2,unknown,0,1,2
MTK-3411,Full bars but nothing loads,Full signal yet pages time out everywhere at home. The router just needs a kick.,reboot router → forget network → rejoin network,"{'text': 'bars but full loads nothing', 'platforms': [], 'codes': [], 'hw_module': 'unknown', 'tech_keywords': []}","{'text': 'forget network proc_reboot reboot rejoin router', 'procedures': ['proc_reboot'], 'sequence_length': 2}","{'text': 'home kick need page router signal time', 'platforms': [], 'codes': [], 'hw_module': 'unknown', 'tech_keywords': [], 'token_count': 7}",[TITLE] bars but full loads nothing [STEPS] forget network proc_reboot reboot rejoin router [DESC] home kick need page router signal time [SEQ_LEN] 2,unknown,0,1,2
MTK-3412,Internet painfully slow suddenly,"Pages crawl since yesterday, turns out the phone joined the neighbour's open network. One bar of signal.",forget that network → join home network → turn off auto-join open networks,"{'text': 'internet painfully slow suddenly', 'platforms': [], 'codes': [], 'hw_module': 'unknown', 'tech_keywords': []}","{'text': 'auto-join forget home join network networks off open that turn', 'procedures': [], 'sequence_length': 3}","{'text': 'bar crawl error_turn join neighbour network open page phone signal tech_phone turn yesterday', 'platforms': [], 'codes': [], 'hw_module': 'unknown', 'tech_keywords': ['error_turn', 'tech_phone'], 'token_count': 13}",[TITLE] internet painfully slow suddenly [STEPS] auto-join forget home join network networks off open that turn [DESC] bar crawl error_turn join neighbour network open page phone signal tech_phone turn yesterday [SEQ_LEN] 3,unknown,0,0,3
MTK-3413,Bank app warns on this network,"The bank app refuses to open on the current wifi, which is the neighbour's unsecured one.",forget that network → join home network → use mobile data for banking,"{'text': 'app bank network on this warns', 'platforms': [], 'codes': [], 'hw_module': 'unknown', 'tech_keywords': []}","{'text': 'banking data for forget home join mobile network that use', 'procedures': [], 'sequence_length': 2}","{'text': 'app bank current neighbour open refuse tech_wifi unsecured wifi', 'platforms': [], 'codes': [], 'hw_module': 'unknown', 'tech_keywords': ['tech_wifi'], 'token_count': 9}",[TITLE] app bank network on this warns [STEPS] banking data for forget home join mobile network that use [DESC] app bank current neighbour open refuse tech_wifi unsecured wifi [SEQ_LEN] 2,unknown,0,0,2
MTK-3414,Casting cannot find the TV,The TV vanished from the cast list because the phone sits on the neighbour's wifi while the TV is on ours.,join home network → restart tv app → restart phone,"{'text': 'cannot casting find the tv', 'platforms': [], 'codes': [], 'hw_module': 'unknown', 'tech_keywords': []}","{'text': 'app home join network phone restart tv', 'procedures': [], 'sequence_length': 2}","{'text': 'cast list neighbour phone sit tech_phone tech_wifi vanish wifi', 'platforms': [], 'codes': [], 'hw_module': 'unknown', 'tech_keywords': ['tech_wifi', 'tech_phone'], 'token_count': 9}",[TITLE] cannot casting find the tv [STEPS] app home join network phone restart tv [DESC] cast list neighbour phone sit tech_phone tech_wifi vanish wifi [SEQ_LEN] 2,unknown,0,0,2
MTK-3415,Maps dead away from home,"Navigation fails the moment wifi drops, the mobile data switch is off since a trip abroad.",turn on mobile data → allow maps on data → restart phone,"{'text': 'away dead from home maps', 'platforms': [], 'codes': [], 'hw_module': 'unknown', 'tech_keywords': []}","{'text': 'allow data maps mobile on phone restart turn', 'procedures': [], 'sequence_length': 2}","{'text': 'abroad data drop fail mobile moment navigation switch tech_wifi trip wifi', 'platforms': [], 'codes': [], 'hw_module': 'unknown', 'tech_keywords': ['tech_wifi'], 'token_count': 11}",[TITLE] away dead from home maps [STEPS] allow data maps mobile on phone restart turn [DESC] abroad data drop fail mobile moment navigation switch tech_wifi trip wifi [SEQ_LEN] 2,unknown,0,0,2
MTK-3416,WhatsApp only works on wifi,"Messages pile up until the home wifi connects, mobile data got disabled to save money.",turn on mobile data → check data warning limit → restart phone,"{'text': 'on only tech_wifi whatsapp wifi works', 'platforms': [], 'codes': [], 'hw_module': 'unknown', 'tech_keywords': ['tech_wifi']}","{'text': 'check data limit mobile on phone restart turn warning', 'procedures': [], 'sequence_length': 2}","{'text': 'connect datum disabled get home message mobile money pile save tech_connect tech_wifi wifi', 'platforms': [], 'codes': [], 'hw_module': 'unknown', 'tech_keywords': ['tech_connect', 'tech_wifi'], 'token_count': 13}",[TITLE] on only tech_wifi whatsapp wifi works [STEPS] check data limit mobile on phone restart turn warning [DESC] connect datum disabled get home message mobile money pile save tech_connect tech_wifi wifi [SEQ_LEN] 2,unknown,0,0,2
MTK-3417,No internet on the train,Train ride with zero internet although signal is full. The data toggle stayed off since the flight.,turn on mobile data → turn off airplane → restart phone,"{'text': 'internet no on the train', 'platforms': [], 'codes': [], 'hw_module': 'unknown', 'tech_keywords': []}","{'text': 'airplane data mobile off on phone restart turn', 'procedures': [], 'sequence_length': 2}","{'text': 'datum flight internet ride signal stay toggle train zero', 'platforms': [], 'codes': [], 'hw_module': 'unknown', 'tech_keywords': [], 'token_count': 9}",[TITLE] internet no on the train [STEPS] airplane data mobile off on phone restart turn [DESC] datum flight internet ride signal stay toggle train zero [SEQ_LEN] 2,unknown,0,0,2
MTK-3418,Instagram photos will not load,The feed shows grey boxes on mobile data but wifi is fine. Data saver blocks the images.,turn off data saver → allow instagram background data → restart app,"{'text': 'instagram load not photos will', 'platforms': [], 'codes': [], 'hw_module': 'unknown', 'tech_keywords': []}","{'text': 'allow app background data instagram off restart saver turn', 'procedures': [], 'sequence_length': 2}","{'text': 'block box datum feed fine grey image mobile saver show tech_wifi wifi', 'platforms': [], 'codes': [], 'hw_module': 'unknown', 'tech_keywords': ['tech_wifi'], 'token_count': 12}",[TITLE] instagram load not photos will [STEPS] allow app background data instagram off restart saver turn [DESC] block box datum feed fine grey image mobile saver show tech_wifi wifi [SEQ_LEN] 2,unknown,0,0,2
MTK-3419,Emails arrive without pictures,Newsletters come through imageless on data and fine at home. The saver strips them.,turn off data saver → reload email → restart phone,"{'text': 'arrive emails pictures without', 'platforms': [], 'codes': [], 'hw_module': 'unknown', 'tech_keywords': []}","{'text': 'data email off phone reload restart saver turn', 'procedures': [], 'sequence_length': 2}","{'text': 'come datum fine home imageless newsletter saver strip', 'platforms': [], 'codes': [], 'hw_module': 'unknown', 'tech_keywords': [], 'token_count': 8}",[TITLE] arrive emails pictures without [STEPS] data email off phone reload restart saver turn [DESC] come datum fine home imageless newsletter saver strip [SEQ_LEN] 2,unknown,0,0,2
MTK-3420,Music sounds flat outside,"Spotify sounds dull away from wifi, quality locked low by data saver.",turn off data saver → set streaming quality → restart app,"{'text': 'flat music outside sounds', 'platforms': [], 'codes': [], 'hw_module': 'unknown', 'tech_keywords': []}","{'text': 'app data off quality restart saver set streaming turn', 'procedures': [], 'sequence_length': 2}","{'text': 'away datum dull lock low quality saver sound spotify tech_wifi wifi', 'platforms': [], 'codes': [], 'hw_module': 'unknown', 'tech_keywords': ['tech_wifi'], 'token_count': 11}",[TITLE] flat music outside sounds [STEPS] app data off quality restart saver set streaming turn [DESC] away datum dull lock low quality saver sound spotify tech_wifi wifi [SEQ_LEN] 2,unknown,0,0,2
MTK-3421,No data on holiday abroad,"Landed in Spain, calls work but no internet at all. Data roaming is off.",turn on roaming → pick local network → restart phone,"{'text': 'abroad data holiday no on', 'platforms': [], 'codes': [], 'hw_module': 'unknown', 'tech_keywords': []}","{'text': 'local network on phone pick restart roaming turn', 'procedures': [], 'sequence_length': 2}","{'text': 'call datum internet land roam spain work', 'platforms': [], 'codes': [], 'hw_module': 'unknown', 'tech_keywords': [], 'token_count': 7}",[TITLE] abroad data holiday no on [STEPS] local network on phone pick restart roaming turn [DESC] call datum internet land roam spain work [SEQ_LEN] 2,unknown,0,0,2
MTK-3422,Maps dead at the arrival hall,"Arrival terminal with no connection, roaming stayed disabled after the last bill shock.",turn on roaming → enable mobile data → restart phone,"{'text': 'arrival at dead hall maps the', 'platforms': [], 'codes': [], 'hw_module': 'unknown', 'tech_keywords': []}","{'text': 'data enable mobile on phone restart roaming turn', 'procedures': [], 'sequence_length': 2}","{'text': 'arrival bill connection disabled roam shock stay tech_connect terminal', 'platforms': [], 'codes': [], 'hw_module': 'unknown', 'tech_keywords': ['tech_connect'], 'token_count': 9}",[TITLE] arrival at dead hall maps the [STEPS] data enable mobile on phone restart roaming turn [DESC] arrival bill connection disabled roam shock stay tech_connect terminal [SEQ_LEN] 2,unknown,0,0,2
MTK-3423,Roaming bill shock after the trip,"Came home to a huge bill, roaming stayed on all week with auto updates running.",turn off roaming → dispute bill → use hotel wifi next time,"{'text': 'after bill roaming shock the trip', 'platforms': [], 'codes': [], 'hw_module': 'unknown', 'tech_keywords': []}","{'text': 'bill dispute hotel next off roaming time turn use wifi', 'procedures': [], 'sequence_length': 2}","{'text': 'auto bill come home huge roam run stay update week', 'platforms': [], 'codes': [], 'hw_module': 'unknown', 'tech_keywords': [], 'token_count': 10}",[TITLE] after bill roaming shock the trip [STEPS] bill dispute hotel next off roaming time turn use wifi [DESC] auto bill come home huge roam run stay update week [SEQ_LEN] 2,unknown,0,0,2
MTK-3424,Laptop rejects hotspot password,The laptop says wrong password for the phone hotspot. The password mixes up 1 and lowercase l.,show hotspot password → retype on laptop → restart hotspot,"{'text': 'hotspot laptop password rejects', 'platforms': [], 'codes': [], 'hw_module': 'unknown', 'tech_keywords': []}","{'text': 'hotspot laptop on password restart retype show', 'procedures': [], 'sequence_length': 2}","{'text': 'hotspot laptop lowercase mix password phone say tech_phone wrong', 'platforms': [], 'codes': [], 'hw_module': 'unknown', 'tech_keywords': ['tech_phone'], 'token_count': 9}",[TITLE] hotspot laptop password rejects [STEPS] hotspot laptop on password restart retype show [DESC] hotspot laptop lowercase mix password phone say tech_phone wrong [SEQ_LEN] 2,unknown,0,0,2
MTK-3425,Friend cannot join my hotspot,A friend's iPhone fails on the hotspot although androids join. The band is set to 6GHz only.,set hotspot to 2.4ghz → share qr code → restart hotspot,"{'text': 'cannot friend hotspot join my', 'platforms': [], 'codes': [], 'hw_module': 'unknown', 'tech_keywords': []}","{'text': 'code hotspot qr restart set share to', 'procedures': [], 'sequence_length': 3}","{'text': '6ghz android band fail friend hotspot iphone join set tech_phone', 'platforms': [], 'codes': [], 'hw_module': 'unknown', 'tech_keywords': ['tech_phone'], 'token_count': 10}",[TITLE] cannot friend hotspot join my [STEPS] code hotspot qr restart set share to [DESC] 6ghz android band fail friend hotspot iphone join set tech_phone [SEQ_LEN] 3,unknown,0,0,3
MTK-3426,Hotspot name vanished,"The usual hotspot name is gone, it got renamed to AndroidAP by accident.",rename hotspot → share qr code → restart hotspot,"{'text': 'hotspot name vanished', 'platforms': [], 'codes': [], 'hw_module': 'unknown', 'tech_keywords': []}","{'text': 'code hotspot qr rename restart share', 'procedures': [], 'sequence_length': 2}","{'text': 'accident androidap get go hotspot rename usual', 'platforms': [], 'codes': [], 'hw_module': 'unknown', 'tech_keywords': [], 'token_count': 7}",[TITLE] hotspot name vanished [STEPS] code hotspot qr rename restart share [DESC] accident androidap get go hotspot rename usual [SEQ_LEN] 2,unknown,0,0,2
MTK-3427,Hotspot dies after 2GB,"Tethering cuts out mid-meeting every day, a 2GB hotspot limit was set months ago.",raise hotspot limit → turn off limit → restart hotspot,"{'text': '2gb after dies hotspot', 'platforms': [], 'codes': [], 'hw_module': 'unknown', 'tech_keywords': []}","{'text': 'hotspot limit off raise restart turn', 'procedures': [], 'sequence_length': 2}","{'text': 'ago cut day hotspot limit meeting mid month set tethering', 'platforms': [], 'codes': [], 'hw_module': 'unknown', 'tech_keywords': [], 'token_count': 10}",[TITLE] 2gb after dies hotspot [STEPS] hotspot limit off raise restart turn [DESC] ago cut day hotspot limit meeting mid month set tethering [SEQ_LEN] 2,unknown,0,0,2
MTK-3428,Hotspot turns itself off,The hotspot switches off minutes after the last device leaves. Timeout setting.,set timeout to never → keep a device connected → restart hotspot,"{'text': 'error_turn hotspot itself off turns', 'platforms': [], 'codes': [], 'hw_module': 'unknown', 'tech_keywords': ['error_turn']}","{'text': 'connected device hotspot keep never restart set timeout to', 'procedures': [], 'sequence_length': 2}","{'text': 'device hotspot leave minute module_device setting switch timeout', 'platforms': [], 'codes': [], 'hw_module': 'device', 'tech_keywords': [], 'token_count': 8}",[TITLE] error_turn hotspot itself off turns [STEPS] connected device hotspot keep never restart set timeout to [DESC] device hotspot leave minute module_device setting switch timeout [SEQ_LEN] 2,unknown,0,0,2
MTK-3429,"Laptop slow on hotspot, phone fast",The phone flies but the tethered laptop crawls on 5GHz hotspot.,allow more devices → set 2.4ghz → restart hotspot,"{'text': 'fast hotspot laptop on phone slow tech_phone', 'platforms': [], 'codes': [], 'hw_module': 'unknown', 'tech_keywords': ['tech_phone']}","{'text': 'allow devices hotspot more restart set', 'procedures': [], 'sequence_length': 3}","{'text': '5ghz crawl fly hotspot laptop phone tech_phone tethered', 'platforms': [], 'codes': [], 'hw_module': 'unknown', 'tech_keywords': ['tech_phone'], 'token_count': 8}",[TITLE] fast hotspot laptop on phone slow tech_phone [STEPS] allow devices hotspot more restart set [DESC] 5ghz crawl fly hotspot laptop phone tech_phone tethered [SEQ_LEN] 3,unknown,0,0,3
MTK-3430,New speaker never shows up,"The new speaker never appears in the bluetooth list, bluetooth itself is switched off.",turn on bluetooth → put speaker in pairing → pair,"{'text': 'never new shows speaker up', 'platforms': [], 'codes': [], 'hw_module': 'unknown', 'tech_keywords': []}","{'text': 'bluetooth in on pair pairing put speaker turn', 'procedures': [], 'sequence_length': 2}","{'text': 'appear bluetooth list new speaker switch', 'platforms': [], 'codes': [], 'hw_module': 'unknown', 'tech_keywords': [], 'token_count': 6}",[TITLE] never new shows speaker up [STEPS] bluetooth in on pair pairing put speaker turn [DESC] appear bluetooth list new speaker switch [SEQ_LEN] 2,unknown,0,0,2
MTK-3431,Watch stopped syncing steps,"The watch has not synced for days, phone bluetooth got disabled.",turn on bluetooth → open watch app → restart phone,"{'text': 'steps stopped syncing watch', 'platforms': [], 'codes': [], 'hw_module': 'unknown', 'tech_keywords': []}","{'text': 'app bluetooth on open phone restart turn watch', 'procedures': [], 'sequence_length': 2}","{'text': 'bluetooth day disable get phone sync tech_phone watch', 'platforms': [], 'codes': [], 'hw_module': 'unknown', 'tech_keywords': ['tech_phone'], 'token_count': 8}",[TITLE] steps stopped syncing watch [STEPS] app bluetooth on open phone restart turn watch [DESC] bluetooth day disable get phone sync tech_phone watch [SEQ_LEN] 2,unknown,0,0,2
MTK-3432,Car will not connect anymore,"The car used to auto-connect and now nothing happens, bluetooth stayed off since the flight.",turn on bluetooth → forget car → pair again,"{'text': 'anymore car connect not tech_connect will', 'platforms': [], 'codes': [], 'hw_module': 'unknown', 'tech_keywords': ['tech_connect']}","{'text': 'again bluetooth car forget on pair turn', 'procedures': [], 'sequence_length': 2}","{'text': 'auto bluetooth car connect flight happen stay tech_connect', 'platforms': [], 'codes': [], 'hw_module': 'unknown', 'tech_keywords': ['tech_connect'], 'token_count': 8}",[TITLE] anymore car connect not tech_connect will [STEPS] again bluetooth car forget on pair turn [DESC] auto bluetooth car connect flight happen stay tech_connect [SEQ_LEN] 2,unknown,0,0,2
MTK-3433,Earbuds play the kids tablet,"Putting the earbuds in plays cartoon audio, they latched onto the tablet first.",turn off tablet bluetooth → pair to phone → rename earbuds,"{'text': 'earbuds kids play tablet the', 'platforms': [], 'codes': [], 'hw_module': 'unknown', 'tech_keywords': []}","{'text': 'bluetooth earbuds off pair phone rename tablet to turn', 'procedures': [], 'sequence_length': 2}","{'text': 'audio cartoon earbud latch play put tablet', 'platforms': [], 'codes': [], 'hw_module': 'unknown', 'tech_keywords': [], 'token_count': 7}",[TITLE] earbuds kids play tablet the [STEPS] bluetooth earbuds off pair phone rename tablet to turn [DESC] audio cartoon earbud latch play put tablet [SEQ_LEN] 2,unknown,0,0,2
MTK-3434,Calls go to earbuds in a drawer,"Callers hear nothing, audio routes to earbuds sitting upstairs in a drawer.",turn off earbuds → switch audio to phone → unpair if needed,"{'text': 'calls drawer earbuds go in to', 'platforms': [], 'codes': [], 'hw_module': 'unknown', 'tech_keywords': []}","{'text': 'audio earbuds if needed off phone switch to turn unpair', 'procedures': [], 'sequence_length': 2}","{'text': 'audio caller drawer earbud hear route sit upstairs', 'platforms': [], 'codes': [], 'hw_module': 'unknown', 'tech_keywords': [], 'token_count': 8}",[TITLE] calls drawer earbuds go in to [STEPS] audio earbuds if needed off phone switch to turn unpair [DESC] audio caller drawer earbud hear route sit upstairs [SEQ_LEN] 2,unknown,0,0,2
MTK-3435,Music starts on the old phone,"Pressing play wakes music on the retired phone in the drawer, still paired there.",unpair from old phone → pair to new phone → restart earbuds,"{'text': 'music old on phone starts tech_phone the', 'platforms': [], 'codes': [], 'hw_module': 'unknown', 'tech_keywords': ['tech_phone']}","{'text': 'earbuds from new old pair phone restart to unpair', 'procedures': [], 'sequence_length': 2}","{'text': 'drawer music pair phone play press retire tech_phone wake', 'platforms': [], 'codes': [], 'hw_module': 'unknown', 'tech_keywords': ['tech_phone'], 'token_count': 9}",[TITLE] music old on phone starts tech_phone the [STEPS] earbuds from new old pair phone restart to unpair [DESC] drawer music pair phone play press retire tech_phone wake [SEQ_LEN] 2,unknown,0,0,2
MTK-3436,Only the right earbud plays,"The left bud went silent yesterday, its charge is zero while the right is full. It never seated in the case.",reseat both buds → charge case → re-pair,"{'text': 'earbud only plays right the', 'platforms': [], 'codes': [], 'hw_module': 'unknown', 'tech_keywords': []}","{'text': 'both buds case charge re-pair reseat', 'procedures': [], 'sequence_length': 3}","{'text': 'bud case charge go left right seat silent yesterday zero', 'platforms': [], 'codes': [], 'hw_module': 'unknown', 'tech_keywords': [], 'token_count': 10}",[TITLE] earbud only plays right the [STEPS] both buds case charge re-pair reseat [DESC] bud case charge go left right seat silent yesterday zero [SEQ_LEN] 3,unknown,0,0,3
MTK-3437,One side dies after ten minutes,"The left bud dies minutes in, that side's battery is worn. Case shows it at 10 percent.",charge fully → clean contacts → replace bud if old,"{'text': 'after dies minutes one side ten', 'platforms': [], 'codes': [], 'hw_module': 'unknown', 'tech_keywords': []}","{'text': 'bud charge clean contacts fully if old replace', 'procedures': [], 'sequence_length': 2}","{'text': 'battery bud case die left minute percent show wear', 'platforms': [], 'codes': [], 'hw_module': 'unknown', 'tech_keywords': [], 'token_count': 9}",[TITLE] after dies minutes one side ten [STEPS] bud charge clean contacts fully if old replace [DESC] battery bud case die left minute percent show wear [SEQ_LEN] 2,unknown,0,0,2
MTK-3438,Earbuds whisper even at max,"Both sides whisper at full volume, the wax guards are clogged solid.",clean the mesh → turn up volume → check volume limit,"{'text': 'at earbuds even max whisper', 'platforms': [], 'codes': [], 'hw_module': 'unknown', 'tech_keywords': []}","{'text': 'check clean limit mesh the turn up volume', 'procedures': [], 'sequence_length': 2}","{'text': 'clog guard side solid volume wax whisper', 'platforms': [], 'codes': [], 'hw_module': 'unknown', 'tech_keywords': [], 'token_count': 7}",[TITLE] at earbuds even max whisper [STEPS] check clean limit mesh the turn up volume [DESC] clog guard side solid volume wax whisper [SEQ_LEN] 2,unknown,0,0,2
MTK-3439,Callers hear my empty car,"Answering at home routes audio to the car parked outside, in bluetooth range of the sofa.",turn off car bluetooth → switch audio to phone → forget car if sold,"{'text': 'callers car empty hear my', 'platforms': [], 'codes': [], 'hw_module': 'unknown', 'tech_keywords': []}","{'text': 'audio bluetooth car forget if off phone sold switch to turn', 'procedures': [], 'sequence_length': 2}","{'text': 'answer audio bluetooth car home outside park range route sofa', 'platforms': [], 'codes': [], 'hw_module': 'unknown', 'tech_keywords': [], 'token_count': 10}",[TITLE] callers car empty hear my [STEPS] audio bluetooth car forget if off phone sold switch to turn [DESC] answer audio bluetooth car home outside park range route sofa [SEQ_LEN] 2,unknown,0,0,2
MTK-3440,Music blasts the driveway at 7am,The morning podcast starts playing in the parked car instead of the earbuds.,turn off car bluetooth → set default to earbuds → unpair old car,"{'text': '7am at blasts driveway music the', 'platforms': [], 'codes': [], 'hw_module': 'unknown', 'tech_keywords': []}","{'text': 'bluetooth car default earbuds off old set to turn unpair', 'procedures': [], 'sequence_length': 2}","{'text': 'car earbud instead morning park play podcast start', 'platforms': [], 'codes': [], 'hw_module': 'unknown', 'tech_keywords': [], 'token_count': 8}",[TITLE] 7am at blasts driveway music the [STEPS] bluetooth car default earbuds off old set to turn unpair [DESC] car earbud instead morning park play podcast start [SEQ_LEN] 2,unknown,0,0,2
MTK-3441,Late call echoes through the car,A goodnight call played over the car speakers outside at midnight.,switch audio to phone → turn off car bluetooth → lower car range,"{'text': 'call car echoes late the through', 'platforms': [], 'codes': [], 'hw_module': 'unknown', 'tech_keywords': []}","{'text': 'audio bluetooth car lower off phone range switch to turn', 'procedures': [], 'sequence_length': 2}","{'text': 'car goodnight midnight outside play speaker', 'platforms': [], 'codes': [], 'hw_module': 'unknown', 'tech_keywords': [], 'token_count': 6}",[TITLE] call car echoes late the through [STEPS] audio bluetooth car lower off phone range switch to turn [DESC] car goodnight midnight outside play speaker [SEQ_LEN] 2,unknown,0,0,2
MTK-3442,New earbuds invisible to phone,"Fresh earbuds never appear in the list, they were never put in pairing mode.",hold case button → wait for blinking → pair,"{'text': 'earbuds invisible new phone tech_phone to', 'platforms': [], 'codes': [], 'hw_module': 'unknown', 'tech_keywords': ['tech_phone']}","{'text': 'blinking button case for hold pair wait', 'procedures': [], 'sequence_length': 2}","{'text': 'appear earbud fresh list mode pair', 'platforms': [], 'codes': [], 'hw_module': 'unknown', 'tech_keywords': [], 'token_count': 6}",[TITLE] earbuds invisible new phone tech_phone to [STEPS] blinking button case for hold pair wait [DESC] appear earbud fresh list mode pair [SEQ_LEN] 2,unknown,0,0,2
MTK-3443,Speaker joins the tablet instead,The speaker keeps joining the tablet because it paired there first and steals it.,turn off tablet bluetooth → hold speaker pair button → pair to phone,"{'text': 'instead joins speaker tablet the', 'platforms': [], 'codes': [], 'hw_module': 'unknown', 'tech_keywords': []}","{'text': 'bluetooth button hold off pair phone speaker tablet to turn', 'procedures': [], 'sequence_length': 2}","{'text': 'join keep pair speaker steal tablet', 'platforms': [], 'codes': [], 'hw_module': 'unknown', 'tech_keywords': [], 'token_count': 6}",[TITLE] instead joins speaker tablet the [STEPS] bluetooth button hold off pair phone speaker tablet to turn [DESC] join keep pair speaker steal tablet [SEQ_LEN] 2,unknown,0,0,2
MTK-3444,Watch app cannot find the watch,The watch is charged and on but the app sees nothing until the watch shows its code.,open pair mode on watch → keep devices close → pair,"{'text': 'app cannot find the watch', 'platforms': [], 'codes': [], 'hw_module': 'unknown', 'tech_keywords': []}","{'text': 'close devices keep mode on open pair watch', 'procedures': [], 'sequence_length': 2}","{'text': 'app charge code see show watch', 'platforms': [], 'codes': [], 'hw_module': 'unknown', 'tech_keywords': [], 'token_count': 6}",[TITLE] app cannot find the watch [STEPS] close devices keep mode on open pair watch [DESC] app charge code see show watch [SEQ_LEN] 2,unknown,0,0,2
MTK-3445,Videos play with no sound,"YouTube is silent although nothing looks muted, media volume sits at zero.",press volume up in video → check dnd → restart app,"{'text': 'no play sound videos with', 'platforms': [], 'codes': [], 'hw_module': 'unknown', 'tech_keywords': []}","{'text': 'app check dnd in press restart up video volume', 'procedures': [], 'sequence_length': 2}","{'text': 'look medium mute silent sit volume youtube zero', 'platforms': [], 'codes': [], 'hw_module': 'unknown', 'tech_keywords': [], 'token_count': 8}",[TITLE] no play sound videos with [STEPS] app check dnd in press restart up video volume [DESC] look medium mute silent sit volume youtube zero [SEQ_LEN] 2,unknown,0,0,2
MTK-3446,Alarm vibrated but never rang,"The morning alarm only buzzed, its volume slider sits at zero from last night's videos.",raise alarm volume → test alarm → turn off dnd,"{'text': 'alarm but never rang vibrated', 'platforms': [], 'codes': [], 'hw_module': 'unknown', 'tech_keywords': []}","{'text': 'alarm dnd off raise test turn volume', 'procedures': [], 'sequence_length': 2}","{'text': 'alarm buzz morning night sit slider video volume zero', 'platforms': [], 'codes': [], 'hw_module': 'unknown', 'tech_keywords': [], 'token_count': 9}",[TITLE] alarm but never rang vibrated [STEPS] alarm dnd off raise test turn volume [DESC] alarm buzz morning night sit slider video volume zero [SEQ_LEN] 2,unknown,0,0,2
MTK-3447,One contact never rings,"Mum's calls never ring although everyone else does, her custom ringtone got set to silent.",reset her ringtone → check dnd exceptions → test call,"{'text': 'contact never one rings', 'platforms': [], 'codes': [], 'hw_module': 'unknown', 'tech_keywords': []}","{'text': 'call check dnd exceptions her reset ringtone test', 'procedures': [], 'sequence_length': 2}","{'text': 'call custom get mum re ringtone set silent', 'platforms': [], 'codes': [], 'hw_module': 'unknown', 'tech_keywords': [], 'token_count': 8}",[TITLE] contact never one rings [STEPS] call check dnd exceptions her reset ringtone test [DESC] call custom get mum re ringtone set silent [SEQ_LEN] 2,unknown,0,0,2
MTK-3448,Nobody can reach me since Friday,"A weekend of missed calls, Do Not Disturb stayed on after Friday movie night.",turn off dnd → check schedule → test call,"{'text': 'can friday me nobody reach since', 'platforms': [], 'codes': [], 'hw_module': 'unknown', 'tech_keywords': []}","{'text': 'call check dnd off schedule test turn', 'procedures': [], 'sequence_length': 2}","{'text': 'call disturb friday miss movie night stay weekend', 'platforms': [], 'codes': [], 'hw_module': 'unknown', 'tech_keywords': [], 'token_count': 8}",[TITLE] can friday me nobody reach since [STEPS] call check dnd off schedule test turn [DESC] call disturb friday miss movie night stay weekend [SEQ_LEN] 2,unknown,0,0,2
MTK-3449,Texts silent but calls ring,"Message sounds gone while calls ring through, DND currently allows calls only.",turn off dnd → check message sound → restart phone,"{'text': 'but calls ring silent texts', 'platforms': [], 'codes': [], 'hw_module': 'unknown', 'tech_keywords': []}","{'text': 'check dnd message off phone restart sound turn', 'procedures': [], 'sequence_length': 2}","{'text': 'allow call currently dnd go message ring sound', 'platforms': [], 'codes': [], 'hw_module': 'unknown', 'tech_keywords': [], 'token_count': 8}",[TITLE] but calls ring silent texts [STEPS] check dnd message off phone restart sound turn [DESC] allow call currently dnd go message ring sound [SEQ_LEN] 2,unknown,0,0,2
MTK-3450,Alarms slept through twice,"DND blocked everything including the weekday alarm, the schedule ran over.",turn off dnd → allow alarms in dnd → set backup alarm,"{'text': 'alarms slept through twice', 'platforms': [], 'codes': [], 'hw_module': 'unknown', 'tech_keywords': []}","{'text': 'alarm alarms allow backup dnd in off set turn', 'procedures': [], 'sequence_length': 2}","{'text': 'alarm block dnd include run schedule weekday', 'platforms': [], 'codes': [], 'hw_module': 'unknown', 'tech_keywords': [], 'token_count': 7}",[TITLE] alarms slept through twice [STEPS] alarm alarms allow backup dnd in off set turn [DESC] alarm block dnd include run schedule weekday [SEQ_LEN] 2,unknown,0,0,2
MTK-3451,Screen turned black and white,"Panic at 10pm as the display went monochrome, bedtime mode kicked in by itself.",turn off bedtime mode → check schedule → restart phone,"{'text': 'and black error_turn screen turned white', 'platforms': [], 'codes': [], 'hw_module': 'unknown', 'tech_keywords': ['error_turn']}","{'text': 'bedtime check mode off phone restart schedule turn', 'procedures': [], 'sequence_length': 2}","{'text': 'bedtime display go kick mode monochrome panic', 'platforms': [], 'codes': [], 'hw_module': 'unknown', 'tech_keywords': [], 'token_count': 7}",[TITLE] and black error_turn screen turned white [STEPS] bedtime check mode off phone restart schedule turn [DESC] bedtime display go kick mode monochrome panic [SEQ_LEN] 2,unknown,0,0,2
MTK-3452,Colours gone every single night,"The screen loses colour nightly and returns by morning, grayscale schedule is on.",turn off bedtime mode → adjust schedule → restart phone,"{'text': 'colours every gone night single', 'platforms': [], 'codes': [], 'hw_module': 'unknown', 'tech_keywords': []}","{'text': 'adjust bedtime mode off phone restart schedule turn', 'procedures': [], 'sequence_length': 2}","{'text': 'colour error_turn grayscale lose morning nightly return schedule screen', 'platforms': [], 'codes': [], 'hw_module': 'unknown', 'tech_keywords': ['error_turn'], 'token_count': 9}",[TITLE] colours every gone night single [STEPS] adjust bedtime mode off phone restart schedule turn [DESC] colour error_turn grayscale lose morning nightly return schedule screen [SEQ_LEN] 2,unknown,0,0,2
MTK-3453,Cannot get the colour back,"Everything grey since yesterday evening, the bedtime routine is stuck on.",turn off bedtime mode → clear routine → restart phone,"{'text': 'back cannot colour get the', 'platforms': [], 'codes': [], 'hw_module': 'unknown', 'tech_keywords': []}","{'text': 'bedtime clear mode off phone proc_routine restart routine turn', 'procedures': ['proc_routine'], 'sequence_length': 2}","{'text': 'bedtime evening grey routine stick yesterday', 'platforms': [], 'codes': [], 'hw_module': 'unknown', 'tech_keywords': [], 'token_count': 6}",[TITLE] back cannot colour get the [STEPS] bedtime clear mode off phone proc_routine restart routine turn [DESC] bedtime evening grey routine stick yesterday [SEQ_LEN] 2,unknown,0,1,2
MTK-3454,Alarm rang at night instead,"Set 7:00 but it rang at 19:00, PM got picked instead of AM.",set 07:00 am → label the alarm → test alarm,"{'text': 'alarm at instead night rang', 'platforms': [], 'codes': [], 'hw_module': 'unknown', 'tech_keywords': []}","{'text': '00 07 alarm am label set test the', 'procedures': [], 'sequence_length': 2}","{'text': 'get instead pick ring set', 'platforms': [], 'codes': [], 'hw_module': 'unknown', 'tech_keywords': [], 'token_count': 5}",[TITLE] alarm at instead night rang [STEPS] 00 07 alarm am label set test the [DESC] get instead pick ring set [SEQ_LEN] 2,unknown,0,0,2
MTK-3455,Missed the flight by 12 hours,"Flight at 7am, the alarm proudly rang at 7pm. PM again.",set 07:00 am → enable 24h clock → set backup alarm,"{'text': '12 by flight hours missed the', 'platforms': [], 'codes': [], 'hw_module': 'unknown', 'tech_keywords': []}","{'text': '00 07 24h alarm am backup clock enable set', 'procedures': [], 'sequence_length': 2}","{'text': 'alarm flight proudly ring', 'platforms': [], 'codes': [], 'hw_module': 'unknown', 'tech_keywords': [], 'token_count': 4}",[TITLE] 12 by flight hours missed the [STEPS] 00 07 24h alarm am backup clock enable set [DESC] alarm flight proudly ring [SEQ_LEN] 2,unknown,0,0,2
MTK-3456,Gym alarm fires after work,"The 6 o'clock alarm goes off at dinner, it really means 18:00.",set 06:00 am → use 24h clock → test alarm,"{'text': 'after alarm fires gym work', 'platforms': [], 'codes': [], 'hw_module': 'unknown', 'tech_keywords': []}","{'text': '00 06 24h alarm am clock set test use', 'procedures': [], 'sequence_length': 2}","{'text': 'alarm dinner go mean', 'platforms': [], 'codes': [], 'hw_module': 'unknown', 'tech_keywords': [], 'token_count': 4}",[TITLE] after alarm fires gym work [STEPS] 00 06 24h alarm am clock set test use [DESC] alarm dinner go mean [SEQ_LEN] 2,unknown,0,0,2
MTK-3457,Alarm shows but makes no sound,"The alarm card appears silently, alarm volume is zero from last night's videos.",raise alarm volume → test alarm → turn off dnd,"{'text': 'alarm but makes no shows sound', 'platforms': [], 'codes': [], 'hw_module': 'unknown', 'tech_keywords': []}","{'text': 'alarm dnd off raise test turn volume', 'procedures': [], 'sequence_length': 2}","{'text': 'alarm appear card night silently video volume zero', 'platforms': [], 'codes': [], 'hw_module': 'unknown', 'tech_keywords': [], 'token_count': 8}",[TITLE] alarm but makes no shows sound [STEPS] alarm dnd off raise test turn volume [DESC] alarm appear card night silently video volume zero [SEQ_LEN] 2,unknown,0,0,2
MTK-3458,"Vibration only, never ringing","The phone shakes the pillow but never rings, the sound got muted.",raise alarm volume → pick a tone → test alarm,"{'text': 'never only ringing vibration', 'platforms': [], 'codes': [], 'hw_module': 'unknown', 'tech_keywords': []}","{'text': 'alarm pick raise test tone volume', 'procedures': [], 'sequence_length': 2}","{'text': 'get mute phone pillow ring shake sound tech_phone', 'platforms': [], 'codes': [], 'hw_module': 'unknown', 'tech_keywords': ['tech_phone'], 'token_count': 8}",[TITLE] never only ringing vibration [STEPS] alarm pick raise test tone volume [DESC] get mute phone pillow ring shake sound tech_phone [SEQ_LEN] 2,unknown,0,0,2
MTK-3459,"One alarm silent, others loud","The 6am alarm is mute while 7am blasts, its tone got set to none.",pick a tone → raise alarm volume → test alarm,"{'text': 'alarm loud one others silent', 'platforms': [], 'codes': [], 'hw_module': 'unknown', 'tech_keywords': []}","{'text': 'alarm pick raise test tone volume', 'procedures': [], 'sequence_length': 2}","{'text': 'alarm blast get mute set tone', 'platforms': [], 'codes': [], 'hw_module': 'unknown', 'tech_keywords': [], 'token_count': 6}",[TITLE] alarm loud one others silent [STEPS] alarm pick raise test tone volume [DESC] alarm blast get mute set tone [SEQ_LEN] 2,unknown,0,0,2
MTK-3460,Alarms ring all morning long,Snoozed alarms from months pile up and ring one after another.,delete old alarms → keep two → test alarm,"{'text': 'alarms all long morning ring', 'platforms': [], 'codes': [], 'hw_module': 'unknown', 'tech_keywords': []}","{'text': 'alarm alarms delete keep old test two', 'procedures': [], 'sequence_length': 2}","{'text': 'alarm month pile re snoozed', 'platforms': [], 'codes': [], 'hw_module': 'unknown', 'tech_keywords': [], 'token_count': 5}",[TITLE] alarms all long morning ring [STEPS] alarm alarms delete keep old test two [DESC] alarm month pile re snoozed [SEQ_LEN] 2,unknown,0,0,2
MTK-3461,Phone rings at 3am nightly,A forgotten 3am alarm from night shifts fires every single night.,find 03:00 alarm → delete it → check other days,"{'text': '3am at nightly phone rings tech_phone', 'platforms': [], 'codes': [], 'hw_module': 'unknown', 'tech_keywords': ['tech_phone']}","{'text': '00 03 alarm check days delete find it other', 'procedures': [], 'sequence_length': 2}","{'text': 'alarm fire forget night shift single', 'platforms': [], 'codes': [], 'hw_module': 'unknown', 'tech_keywords': [], 'token_count': 6}",[TITLE] 3am at nightly phone rings tech_phone [STEPS] 00 03 alarm check days delete find it other [DESC] alarm fire forget night shift single [SEQ_LEN] 2,unknown,0,0,2
MTK-3462,Weekend ruined by work alarm,"Saturday 6am alarm from the work routine, repeat was set to daily.",set repeat weekdays → delete extra → test alarm,"{'text': 'alarm by ruined weekend work', 'platforms': [], 'codes': [], 'hw_module': 'unknown', 'tech_keywords': []}","{'text': 'alarm delete extra repeat set test weekdays', 'procedures': [], 'sequence_length': 2}","{'text': 'alarm daily repeat routine saturday set work', 'platforms': [], 'codes': [], 'hw_module': 'unknown', 'tech_keywords': [], 'token_count': 7}",[TITLE] alarm by ruined weekend work [STEPS] alarm delete extra repeat set test weekdays [DESC] alarm daily repeat routine saturday set work [SEQ_LEN] 2,unknown,0,0,2
MTK-3463,Clock an hour off after landing,"Landed and the clock never updated, automatic time is switched off.",turn on auto time → pick network zone → restart phone,"{'text': 'after an clock hour landing off', 'platforms': [], 'codes': [], 'hw_module': 'unknown', 'tech_keywords': []}","{'text': 'auto network on phone pick restart time turn zone', 'procedures': [], 'sequence_length': 2}","{'text': 'automatic clock landed switch time update', 'platforms': [], 'codes': [], 'hw_module': 'unknown', 'tech_keywords': [], 'token_count': 6}",[TITLE] after an clock hour landing off [STEPS] auto network on phone pick restart time turn zone [DESC] automatic clock landed switch time update [SEQ_LEN] 2,unknown,0,0,2
MTK-3464,Meeting alerts arrive an hour late,The calendar still lives in the old timezone after the move.,turn on auto time → fix event zone → restart phone,"{'text': 'alerts an arrive hour late meeting', 'platforms': [], 'codes': [], 'hw_module': 'unknown', 'tech_keywords': []}","{'text': 'auto event fix on phone restart time turn zone', 'procedures': [], 'sequence_length': 2}","{'text': 'calendar live old timezone', 'platforms': [], 'codes': [], 'hw_module': 'unknown', 'tech_keywords': [], 'token_count': 4}",[TITLE] alerts an arrive hour late meeting [STEPS] auto event fix on phone restart time turn zone [DESC] calendar live old timezone [SEQ_LEN] 2,unknown,0,0,2
MTK-3465,Bank codes rejected as expired,"Login codes fail instantly, the phone clock drifts minutes off.",turn on auto time → sync clock → retry login,"{'text': 'as bank codes expired rejected', 'platforms': [], 'codes': [], 'hw_module': 'unknown', 'tech_keywords': []}","{'text': 'auto clock login on retry sync time turn', 'procedures': [], 'sequence_length': 2}","{'text': 'clock code drift fail instantly login minute phone tech_phone', 'platforms': [], 'codes': [], 'hw_module': 'unknown', 'tech_keywords': ['tech_phone'], 'token_count': 9}",[TITLE] as bank codes expired rejected [STEPS] auto clock login on retry sync time turn [DESC] clock code drift fail instantly login minute phone tech_phone [SEQ_LEN] 2,unknown,0,0,2
MTK-3466,Flight shows at 3am local,The boarding event saved in home timezone displays 3am here.,fix event timezone → turn on auto time → re-add event,"{'text': '3am at flight local shows', 'platforms': [], 'codes': [], 'hw_module': 'unknown', 'tech_keywords': []}","{'text': 'auto event fix on re-add time timezone turn', 'procedures': [], 'sequence_length': 3}","{'text': 'boarding display event home save timezone', 'platforms': [], 'codes': [], 'hw_module': 'unknown', 'tech_keywords': [], 'token_count': 6}",[TITLE] 3am at flight local shows [STEPS] auto event fix on re-add time timezone turn [DESC] boarding display event home save timezone [SEQ_LEN] 3,unknown,0,0,3
MTK-3467,Weekly meeting shifted an hour,The standup moved after daylight saving on one phone only.,fix event timezone → update app → restart phone,"{'text': 'an hour meeting shifted weekly', 'platforms': [], 'codes': [], 'hw_module': 'unknown', 'tech_keywords': []}","{'text': 'app event fix phone restart timezone update', 'procedures': [], 'sequence_length': 2}","{'text': 'daylight move phone save standup tech_phone', 'platforms': [], 'codes': [], 'hw_module': 'unknown', 'tech_keywords': ['tech_phone'], 'token_count': 6}",[TITLE] an hour meeting shifted weekly [STEPS] app event fix phone restart timezone update [DESC] daylight move phone save standup tech_phone [SEQ_LEN] 2,unknown,0,0,2
MTK-3468,Birthday alerts at midnight,"All-day birthdays ping at midnight, alerts were set to exact time.",set alert to morning → fix event timezone → restart phone,"{'text': 'alerts at birthday midnight', 'platforms': [], 'codes': [], 'hw_module': 'unknown', 'tech_keywords': []}","{'text': 'alert event fix morning phone restart set timezone to', 'procedures': [], 'sequence_length': 2}","{'text': 'alert birthday day exact midnight ping set time', 'platforms': [], 'codes': [], 'hw_module': 'unknown', 'tech_keywords': [], 'token_count': 8}",[TITLE] alerts at birthday midnight [STEPS] alert event fix morning phone restart set timezone to [DESC] alert birthday day exact midnight ping set time [SEQ_LEN] 2,unknown,0,0,2
MTK-3469,Casino events flood the calendar,Dozens of casino invites appear daily through a leaked email.,delete spam events → block sender → report spam,"{'text': 'calendar casino events flood the', 'platforms': [], 'codes': [], 'hw_module': 'unknown', 'tech_keywords': []}","{'text': 'block delete events report sender spam', 'procedures': [], 'sequence_length': 2}","{'text': 'appear casino daily dozen email invite leak', 'platforms': [], 'codes': [], 'hw_module': 'unknown', 'tech_keywords': [], 'token_count': 7}",[TITLE] calendar casino events flood the [STEPS] block delete events report sender spam [DESC] appear casino daily dozen email invite leak [SEQ_LEN] 2,unknown,0,0,2
MTK-3470,Crypto giveaway on every day,The calendar is full of giveaways never accepted by anyone.,remove calendar subscription → block sender → restart app,"{'text': 'crypto day every giveaway on', 'platforms': [], 'codes': [], 'hw_module': 'unknown', 'tech_keywords': []}","{'text': 'app block calendar remove restart sender subscription', 'procedures': [], 'sequence_length': 2}","{'text': 'accept calendar giveaway', 'platforms': [], 'codes': [], 'hw_module': 'unknown', 'tech_keywords': [], 'token_count': 3}",[TITLE] crypto day every giveaway on [STEPS] app block calendar remove restart sender subscription [DESC] accept calendar giveaway [SEQ_LEN] 2,unknown,0,0,2
MTK-3471,Ex's calendar still syncing,An old shared calendar keeps adding their events months later.,leave shared calendar → remove account → restart app,"{'text': 'calendar ex still syncing', 'platforms': [], 'codes': [], 'hw_module': 'unknown', 'tech_keywords': []}","{'text': 'account app calendar leave remove restart shared', 'procedures': [], 'sequence_length': 2}","{'text': 'add calendar event keep later month old share', 'platforms': [], 'codes': [], 'hw_module': 'unknown', 'tech_keywords': [], 'token_count': 8}",[TITLE] calendar ex still syncing [STEPS] account app calendar leave remove restart shared [DESC] add calendar event keep later month old share [SEQ_LEN] 2,unknown,0,0,2
MTK-3472,"Screen looks broken, so dim","Display nearly black indoors, the slider got dragged to minimum in a pocket.",raise brightness → turn on adaptive → restart phone,"{'text': 'broken dim looks screen so', 'platforms': [], 'codes': [], 'hw_module': 'unknown', 'tech_keywords': []}","{'text': 'adaptive brightness on phone raise restart turn', 'procedures': [], 'sequence_length': 2}","{'text': 'black display drag get indoor minimum nearly pocket slider', 'platforms': [], 'codes': [], 'hw_module': 'unknown', 'tech_keywords': [], 'token_count': 9}",[TITLE] broken dim looks screen so [STEPS] adaptive brightness on phone raise restart turn [DESC] black display drag get indoor minimum nearly pocket slider [SEQ_LEN] 2,unknown,0,0,2
MTK-3473,Nothing visible in sunlight,Screen invisible outdoors with brightness stuck low and auto off.,raise brightness → turn on adaptive → move to shade,"{'text': 'in nothing sunlight visible', 'platforms': [], 'codes': [], 'hw_module': 'unknown', 'tech_keywords': []}","{'text': 'adaptive brightness move on raise shade to turn', 'procedures': [], 'sequence_length': 2}","{'text': 'auto brightness invisible low outdoor screen stick', 'platforms': [], 'codes': [], 'hw_module': 'unknown', 'tech_keywords': [], 'token_count': 7}",[TITLE] in nothing sunlight visible [STEPS] adaptive brightness move on raise shade to turn [DESC] auto brightness invisible low outdoor screen stick [SEQ_LEN] 2,unknown,0,0,2
MTK-3474,Screen dims reading in bed,"Brightness sinks while reading at night, adaptive learned it wrong.",raise brightness → reset adaptive → turn off bedtime dim,"{'text': 'bed dims in reading screen', 'platforms': [], 'codes': [], 'hw_module': 'unknown', 'tech_keywords': []}","{'text': 'adaptive bedtime brightness dim off raise reset turn', 'procedures': [], 'sequence_length': 2}","{'text': 'adaptive brightness learn night read sink wrong', 'platforms': [], 'codes': [], 'hw_module': 'unknown', 'tech_keywords': [], 'token_count': 7}",[TITLE] bed dims in reading screen [STEPS] adaptive bedtime brightness dim off raise reset turn [DESC] adaptive brightness learn night read sink wrong [SEQ_LEN] 2,unknown,0,0,2
MTK-3475,Max brightness still dim outside,"Slider maxed yet dim outdoors, the extra-bright mode never triggers.",turn on extra brightness → clean light sensor → cool phone,"{'text': 'brightness dim max outside still', 'platforms': [], 'codes': [], 'hw_module': 'unknown', 'tech_keywords': []}","{'text': 'brightness clean cool extra light on phone sensor turn', 'procedures': [], 'sequence_length': 2}","{'text': 'bright dim extra maxe mode outdoor slider trigger', 'platforms': [], 'codes': [], 'hw_module': 'unknown', 'tech_keywords': [], 'token_count': 8}",[TITLE] brightness dim max outside still [STEPS] brightness clean cool extra light on phone sensor turn [DESC] bright dim extra maxe mode outdoor slider trigger [SEQ_LEN] 2,unknown,0,0,2
MTK-3476,Brightness jumps under trees,Walking under trees strobes the brightness up and down nonstop.,turn off adaptive → set manual → restart phone,"{'text': 'brightness jumps trees under', 'platforms': [], 'codes': [], 'hw_module': 'unknown', 'tech_keywords': []}","{'text': 'adaptive manual off phone restart set turn', 'procedures': [], 'sequence_length': 2}","{'text': 'brightness nonstop strobe tree walk', 'platforms': [], 'codes': [], 'hw_module': 'unknown', 'tech_keywords': [], 'token_count': 5}",[TITLE] brightness jumps trees under [STEPS] adaptive manual off phone restart set turn [DESC] brightness nonstop strobe tree walk [SEQ_LEN] 2,unknown,0,0,2
MTK-3477,Screen darkens mid-game,"Display dims as the phone warms during games, thermal dimming.",cool phone → lower graphics → take off case,"{'text': 'darkens screen', 'platforms': [], 'codes': [], 'hw_module': 'unknown', 'tech_keywords': []}","{'text': 'case cool graphics lower off phone take', 'procedures': [], 'sequence_length': 2}","{'text': 'dim dimming display game phone tech_phone thermal warm', 'platforms': [], 'codes': [], 'hw_module': 'unknown', 'tech_keywords': ['tech_phone'], 'token_count': 8}",[TITLE] darkens screen [STEPS] case cool graphics lower off phone take [DESC] dim dimming display game phone tech_phone thermal warm [SEQ_LEN] 2,unknown,0,0,2
MTK-3478,Screen sleeps while reading recipes,"Display naps mid-recipe with floury hands, timeout is 15 seconds.",set timeout to 5 min → tap to wake → keep awake cooking,"{'text': 'reading recipes screen sleeps while', 'platforms': [], 'codes': [], 'hw_module': 'unknown', 'tech_keywords': []}","{'text': 'awake cooking keep min set tap timeout to wake', 'procedures': [], 'sequence_length': 2}","{'text': 'display floury hand mid nap recipe second timeout', 'platforms': [], 'codes': [], 'hw_module': 'unknown', 'tech_keywords': [], 'token_count': 8}",[TITLE] reading recipes screen sleeps while [STEPS] awake cooking keep min set tap timeout to wake [DESC] display floury hand mid nap recipe second timeout [SEQ_LEN] 2,unknown,0,0,2
MTK-3479,Bank app logs out constantly,The screen sleeps during the code wait and the session dies.,set timeout to 2 min → disable lock delay → retry login,"{'text': 'app bank constantly logs out', 'platforms': [], 'codes': [], 'hw_module': 'unknown', 'tech_keywords': []}","{'text': 'delay disable lock login min retry set timeout to', 'procedures': [], 'sequence_length': 2}","{'text': 'code die screen session sleep wait', 'platforms': [], 'codes': [], 'hw_module': 'unknown', 'tech_keywords': [], 'token_count': 6}",[TITLE] app bank constantly logs out [STEPS] delay disable lock login min retry set timeout to [DESC] code die screen session sleep wait [SEQ_LEN] 2,unknown,0,0,2
MTK-3480,Maps sleeps in the car mount,"Navigation naps on long straights, timeout on the shortest setting.",set timeout long → keep charging → enable driving mode,"{'text': 'car in maps mount sleeps the', 'platforms': [], 'codes': [], 'hw_module': 'unknown', 'tech_keywords': []}","{'text': 'charging driving enable keep long mode set timeout', 'procedures': [], 'sequence_length': 2}","{'text': 'long nap navigation setting short straight timeout', 'platforms': [], 'codes': [], 'hw_module': 'unknown', 'tech_keywords': [], 'token_count': 7}",[TITLE] car in maps mount sleeps the [STEPS] charging driving enable keep long mode set timeout [DESC] long nap navigation setting short straight timeout [SEQ_LEN] 2,unknown,0,0,2
MTK-3481,Screen turned yellow overnight,"Morning shock with everything amber, eye comfort switched on at sunset.",turn off eye comfort → check schedule → restart phone,"{'text': 'error_turn overnight screen turned yellow', 'platforms': [], 'codes': [], 'hw_module': 'unknown', 'tech_keywords': ['error_turn']}","{'text': 'check comfort eye off phone restart schedule turn', 'procedures': [], 'sequence_length': 2}","{'text': 'amber comfort eye morning shock sunset switch', 'platforms': [], 'codes': [], 'hw_module': 'unknown', 'tech_keywords': [], 'token_count': 7}",[TITLE] error_turn overnight screen turned yellow [STEPS] check comfort eye off phone restart schedule turn [DESC] amber comfort eye morning shock sunset switch [SEQ_LEN] 2,unknown,0,0,2
MTK-3482,Photos look jaundiced,All pictures yellow since evening mode stuck on through noon.,turn off eye comfort → check schedule → calibrate display,"{'text': 'jaundiced look photos', 'platforms': [], 'codes': [], 'hw_module': 'unknown', 'tech_keywords': []}","{'text': 'calibrate check comfort display eye off schedule turn', 'procedures': [], 'sequence_length': 2}","{'text': 'evening mode noon picture stick yellow', 'platforms': [], 'codes': [], 'hw_module': 'unknown', 'tech_keywords': [], 'token_count': 6}",[TITLE] jaundiced look photos [STEPS] calibrate check comfort display eye off schedule turn [DESC] evening mode noon picture stick yellow [SEQ_LEN] 2,unknown,0,0,2
MTK-3483,White looks orange at dinner,"Whites go orange every evening on schedule, stronger than expected.",lower eye comfort strength → adjust schedule → restart phone,"{'text': 'at dinner looks orange white', 'platforms': [], 'codes': [], 'hw_module': 'unknown', 'tech_keywords': []}","{'text': 'adjust comfort eye lower phone restart schedule strength', 'procedures': [], 'sequence_length': 2}","{'text': 'evening expect orange schedule strong white', 'platforms': [], 'codes': [], 'hw_module': 'unknown', 'tech_keywords': [], 'token_count': 6}",[TITLE] at dinner looks orange white [STEPS] adjust comfort eye lower phone restart schedule strength [DESC] evening expect orange schedule strong white [SEQ_LEN] 2,unknown,0,0,2
MTK-3484,Text enormous after toddler,A toddler grew the font to billboard size through settings.,shrink font → shrink display size → lock settings,"{'text': 'after enormous text toddler', 'platforms': [], 'codes': [], 'hw_module': 'unknown', 'tech_keywords': []}","{'text': 'display font lock settings shrink size', 'procedures': [], 'sequence_length': 2}","{'text': 'billboard font grow setting size toddler', 'platforms': [], 'codes': [], 'hw_module': 'unknown', 'tech_keywords': [], 'token_count': 6}",[TITLE] after enormous text toddler [STEPS] display font lock settings shrink size [DESC] billboard font grow setting size toddler [SEQ_LEN] 2,unknown,0,0,2
MTK-3485,Buttons fall off the screen,Dialog buttons unreachable with display size maxed out.,shrink display size → shrink font → restart app,"{'text': 'buttons fall off screen the', 'platforms': [], 'codes': [], 'hw_module': 'unknown', 'tech_keywords': []}","{'text': 'app display font restart shrink size', 'procedures': [], 'sequence_length': 2}","{'text': 'button dialog display maxe size unreachable', 'platforms': [], 'codes': [], 'hw_module': 'unknown', 'tech_keywords': [], 'token_count': 6}",[TITLE] buttons fall off screen the [STEPS] app display font restart shrink size [DESC] button dialog display maxe size unreachable [SEQ_LEN] 2,unknown,0,0,2
MTK-3486,Keyboard covers everything,A giant keyboard hides the chat with large text enabled.,shrink font → shrink keyboard → restart phone,"{'text': 'covers everything keyboard', 'platforms': [], 'codes': [], 'hw_module': 'unknown', 'tech_keywords': []}","{'text': 'font keyboard phone restart shrink', 'procedures': [], 'sequence_length': 2}","{'text': 'chat enable giant hide keyboard large text', 'platforms': [], 'codes': [], 'hw_module': 'unknown', 'tech_keywords': [], 'token_count': 7}",[TITLE] covers everything keyboard [STEPS] font keyboard phone restart shrink [DESC] chat enable giant hide keyboard large text [SEQ_LEN] 2,unknown,0,0,2
MTK-3487,Phone narrates every tap,"Every tap gets spoken aloud and everything needs double-tap, TalkBack switched on.",turn off talkback → learn two-finger scroll → restart phone,"{'text': 'every narrates phone tap tech_phone', 'platforms': [], 'codes': [], 'hw_module': 'unknown', 'tech_keywords': ['tech_phone']}","{'text': 'learn off phone restart scroll talkback turn two-finger', 'procedures': [], 'sequence_length': 3}","{'text': 'aloud double get need speak switch talkback tap', 'platforms': [], 'codes': [], 'hw_module': 'unknown', 'tech_keywords': [], 'token_count': 8}",[TITLE] every narrates phone tap tech_phone [STEPS] learn off phone restart scroll talkback turn two-finger [DESC] aloud double get need speak switch talkback tap [SEQ_LEN] 3,unknown,0,0,3
MTK-3488,"Swipes dead, must double tap all",Gestures died since the shortcut fired in a pocket.,turn off talkback → disable shortcut → restart phone,"{'text': 'all dead double must swipes tap', 'platforms': [], 'codes': [], 'hw_module': 'unknown', 'tech_keywords': []}","{'text': 'disable off phone restart shortcut talkback turn', 'procedures': [], 'sequence_length': 2}","{'text': 'die fire gesture pocket shortcut', 'platforms': [], 'codes': [], 'hw_module': 'unknown', 'tech_keywords': [], 'token_count': 5}",[TITLE] all dead double must swipes tap [STEPS] disable off phone restart shortcut talkback turn [DESC] die fire gesture pocket shortcut [SEQ_LEN] 2,unknown,0,0,2
MTK-3489,Green box follows my finger,A green outline tracks touches and nothing opens normally.,turn off talkback → turn off select-to-speak → restart phone,"{'text': 'box finger follows green my', 'platforms': [], 'codes': [], 'hw_module': 'unknown', 'tech_keywords': []}","{'text': 'off phone restart select-to-speak talkback turn', 'procedures': [], 'sequence_length': 4}","{'text': 'green normally open outline touch track', 'platforms': [], 'codes': [], 'hw_module': 'unknown', 'tech_keywords': [], 'token_count': 6}",[TITLE] box finger follows green my [STEPS] off phone restart select-to-speak talkback turn [DESC] green normally open outline touch track [SEQ_LEN] 4,unknown,0,0,4
MTK-3490,Screen zooms at random,"The display zooms on triple-tap pockets, magnification gesture is on.",turn off magnification → use pinch zoom → restart phone,"{'text': 'at random screen zooms', 'platforms': [], 'codes': [], 'hw_module': 'unknown', 'tech_keywords': []}","{'text': 'magnification off phone pinch restart turn use zoom', 'procedures': [], 'sequence_length': 2}","{'text': 'display gesture magnification pocket tap triple zoom', 'platforms': [], 'codes': [], 'hw_module': 'unknown', 'tech_keywords': [], 'token_count': 7}",[TITLE] at random screen zooms [STEPS] magnification off phone pinch restart turn use zoom [DESC] display gesture magnification pocket tap triple zoom [SEQ_LEN] 2,unknown,0,0,2
MTK-3491,Stuck zoomed with no exit,"Zoomed in with no obvious way out, needs a two-finger drag.",drag two fingers → turn off magnification → restart phone,"{'text': 'exit no stuck with zoomed', 'platforms': [], 'codes': [], 'hw_module': 'unknown', 'tech_keywords': []}","{'text': 'drag fingers magnification off phone restart turn two', 'procedures': [], 'sequence_length': 2}","{'text': 'drag finger need obvious way zoom', 'platforms': [], 'codes': [], 'hw_module': 'unknown', 'tech_keywords': [], 'token_count': 6}",[TITLE] exit no stuck with zoomed [STEPS] drag fingers magnification off phone restart turn two [DESC] drag finger need obvious way zoom [SEQ_LEN] 2,unknown,0,0,2
MTK-3492,Keyboard balloons randomly,The keyboard balloons then returns to normal on taps.,turn off magnification → shrink font → restart phone,"{'text': 'balloons keyboard randomly', 'platforms': [], 'codes': [], 'hw_module': 'unknown', 'tech_keywords': []}","{'text': 'font magnification off phone restart shrink turn', 'procedures': [], 'sequence_length': 2}","{'text': 'balloon error_turn keyboard normal return tap', 'platforms': [], 'codes': [], 'hw_module': 'unknown', 'tech_keywords': ['error_turn'], 'token_count': 6}",[TITLE] balloons keyboard randomly [STEPS] font magnification off phone restart shrink turn [DESC] balloon error_turn keyboard normal return tap [SEQ_LEN] 2,unknown,0,0,2
MTK-3493,Colours gone psychedelic,Photos look like negatives after a prankster inverted the colours.,turn off colour inversion → check themes → restart phone,"{'text': 'colours gone psychedelic', 'platforms': [], 'codes': [], 'hw_module': 'unknown', 'tech_keywords': []}","{'text': 'check colour inversion off phone restart themes turn', 'procedures': [], 'sequence_length': 2}","{'text': 'colour invert like look negative photo prankster', 'platforms': [], 'codes': [], 'hw_module': 'unknown', 'tech_keywords': [], 'token_count': 7}",[TITLE] colours gone psychedelic [STEPS] check colour inversion off phone restart themes turn [DESC] colour invert like look negative photo prankster [SEQ_LEN] 2,unknown,0,0,2
MTK-3494,Black is white everywhere,"The whole UI inverted since yesterday, a shortcut triggered it.",turn off colour inversion → disable shortcut → restart phone,"{'text': 'black everywhere is white', 'platforms': [], 'codes': [], 'hw_module': 'unknown', 'tech_keywords': []}","{'text': 'colour disable inversion off phone restart shortcut turn', 'procedures': [], 'sequence_length': 2}","{'text': 'invert shortcut trigger yesterday', 'platforms': [], 'codes': [], 'hw_module': 'unknown', 'tech_keywords': [], 'token_count': 4}",[TITLE] black everywhere is white [STEPS] colour disable inversion off phone restart shortcut turn [DESC] invert shortcut trigger yesterday [SEQ_LEN] 2,unknown,0,0,2
MTK-3495,Camera preview looks alien,Preview solarized although saved photos come out normal.,turn off colour inversion → restart camera → restart phone,"{'text': 'alien camera looks preview', 'platforms': [], 'codes': [], 'hw_module': 'unknown', 'tech_keywords': []}","{'text': 'camera colour inversion off phone restart turn', 'procedures': [], 'sequence_length': 2}","{'text': 'come normal photo preview save solarize', 'platforms': [], 'codes': [], 'hw_module': 'unknown', 'tech_keywords': [], 'token_count': 6}",[TITLE] alien camera looks preview [STEPS] camera colour inversion off phone restart turn [DESC] come normal photo preview save solarize [SEQ_LEN] 2,unknown,0,0,2
MTK-3496,Stuck inside the kid's game,"Home and back died after handing the phone over, the screen got pinned.",hold back plus home → unpin → turn off pinning,"{'text': 'game inside kid stuck the', 'platforms': [], 'codes': [], 'hw_module': 'unknown', 'tech_keywords': []}","{'text': 'back hold home off pinning plus turn unpin', 'procedures': [], 'sequence_length': 2}","{'text': 'die get hand home phone pin screen tech_phone', 'platforms': [], 'codes': [], 'hw_module': 'unknown', 'tech_keywords': ['tech_phone'], 'token_count': 8}",[TITLE] game inside kid stuck the [STEPS] back hold home off pinning plus turn unpin [DESC] die get hand home phone pin screen tech_phone [SEQ_LEN] 2,unknown,0,0,2
MTK-3497,Cannot leave YouTube Kids,The pinned app traps grandparents with no visible exit.,hold back plus home → unpin → use kid mode instead,"{'text': 'cannot kids leave youtube', 'platforms': [], 'codes': [], 'hw_module': 'unknown', 'tech_keywords': []}","{'text': 'back hold home instead kid mode plus unpin use', 'procedures': [], 'sequence_length': 2}","{'text': 'app exit grandparent pin trap visible', 'platforms': [], 'codes': [], 'hw_module': 'unknown', 'tech_keywords': [], 'token_count': 6}",[TITLE] cannot kids leave youtube [STEPS] back hold home instead kid mode plus unpin use [DESC] app exit grandparent pin trap visible [SEQ_LEN] 2,unknown,0,0,2
MTK-3498,Status bar gone in one app,A pinned demo hides everything at the shop.,hold back plus home → unpin → restart phone,"{'text': 'app bar gone in one status', 'platforms': [], 'codes': [], 'hw_module': 'unknown', 'tech_keywords': []}","{'text': 'back hold home phone plus restart unpin', 'procedures': [], 'sequence_length': 2}","{'text': 'demo hide pin shop', 'platforms': [], 'codes': [], 'hw_module': 'unknown', 'tech_keywords': [], 'token_count': 4}",[TITLE] app bar gone in one status [STEPS] back hold home phone plus restart unpin [DESC] demo hide pin shop [SEQ_LEN] 2,unknown,0,0,2
MTK-3499,Two apps share the screen,Half-screen video appeared after a long-press accident.,drag divider away → exit split → restart app,"{'text': 'apps screen share the two', 'platforms': [], 'codes': [], 'hw_module': 'unknown', 'tech_keywords': []}","{'text': 'app away divider drag exit restart split', 'procedures': [], 'sequence_length': 2}","{'text': 'accident appear half long press screen video', 'platforms': [], 'codes': [], 'hw_module': 'unknown', 'tech_keywords': [], 'token_count': 7}",[TITLE] apps screen share the two [STEPS] app away divider drag exit restart split [DESC] accident appear half long press screen video [SEQ_LEN] 2,unknown,0,0,2
MTK-3500,Keyboard squeezes the video,Split mode squeezes everything since a gesture misfire.,exit split → restart app → check gesture settings,"{'text': 'keyboard squeezes the video', 'platforms': [], 'codes': [], 'hw_module': 'unknown', 'tech_keywords': []}","{'text': 'app check exit gesture restart settings split', 'procedures': [], 'sequence_length': 2}","{'text': 'gesture misfire mode split squeeze', 'platforms': [], 'codes': [], 'hw_module': 'unknown', 'tech_keywords': [], 'token_count': 5}",[TITLE] keyboard squeezes the video [STEPS] app check exit gesture restart settings split [DESC] gesture misfire mode split squeeze [SEQ_LEN] 2,unknown,0,0,2
MTK-3501,Game runs in a tiny window,The game launched into split view and lags badly.,exit split → relaunch game → restart phone,"{'text': 'game in runs tiny window', 'platforms': [], 'codes': [], 'hw_module': 'unknown', 'tech_keywords': []}","{'text': 'exit game phone relaunch restart split', 'procedures': [], 'sequence_length': 2}","{'text': 'badly game lag launch split view', 'platforms': [], 'codes': [], 'hw_module': 'unknown', 'tech_keywords': [], 'token_count': 6}",[TITLE] game in runs tiny window [STEPS] exit game phone relaunch restart split [DESC] badly game lag launch split view [SEQ_LEN] 2,unknown,0,0,2
MTK-3502,Back button vanished after update,The update swapped buttons for gestures and back is nowhere to be found.,switch to 3-button nav → learn swipe back → restart phone,"{'text': 'after back button update vanished', 'platforms': [], 'codes': [], 'hw_module': 'unknown', 'tech_keywords': []}","{'text': '3-button back learn nav phone restart swipe switch to', 'procedures': [], 'sequence_length': 3}","{'text': 'button find gesture swap update', 'platforms': [], 'codes': [], 'hw_module': 'unknown', 'tech_keywords': [], 'token_count': 5}",[TITLE] after back button update vanished [STEPS] 3-button back learn nav phone restart swipe switch to [DESC] button find gesture swap update [SEQ_LEN] 3,unknown,0,0,3
MTK-3503,"Swipes do nothing, miss buttons",Old muscle memory taps where the buttons used to be.,switch to 3-button nav → practice gestures → restart phone,"{'text': 'buttons do miss nothing swipes', 'platforms': [], 'codes': [], 'hw_module': 'unknown', 'tech_keywords': []}","{'text': '3-button gestures nav phone practice restart switch to', 'procedures': [], 'sequence_length': 3}","{'text': 'button memory muscle old tap', 'platforms': [], 'codes': [], 'hw_module': 'unknown', 'tech_keywords': [], 'token_count': 5}",[TITLE] buttons do miss nothing swipes [STEPS] 3-button gestures nav phone practice restart switch to [DESC] button memory muscle old tap [SEQ_LEN] 3,unknown,0,0,3
MTK-3504,Grandma lost after the update,Everything moved for grandma overnight and nothing is where it was.,switch to 3-button nav → enlarge text → try simple launcher,"{'text': 'after grandma lost the update', 'platforms': [], 'codes': [], 'hw_module': 'unknown', 'tech_keywords': []}","{'text': '3-button enlarge launcher nav simple switch text to try', 'procedures': [], 'sequence_length': 3}","{'text': 'grandma move overnight', 'platforms': [], 'codes': [], 'hw_module': 'unknown', 'tech_keywords': [], 'token_count': 3}",[TITLE] after grandma lost the update [STEPS] 3-button enlarge launcher nav simple switch text to try [DESC] grandma move overnight [SEQ_LEN] 3,unknown,0,0,3
MTK-3505,Game pauses on every edge swipe,Edge swipes exit to home mid-race every time.,enable game mode → block gestures in game → use buttons,"{'text': 'edge every game on pauses swipe', 'platforms': [], 'codes': [], 'hw_module': 'unknown', 'tech_keywords': []}","{'text': 'block buttons enable game gestures in mode use', 'procedures': [], 'sequence_length': 2}","{'text': 'edge exit home mid race swipe time', 'platforms': [], 'codes': [], 'hw_module': 'unknown', 'tech_keywords': [], 'token_count': 7}",[TITLE] edge every game on pauses swipe [STEPS] block buttons enable game gestures in mode use [DESC] edge exit home mid race swipe time [SEQ_LEN] 2,unknown,0,0,2
MTK-3506,Shooter fires going back,The back swipe also taps fire in the shooter.,enable game mode → adjust sensitivity → restart game,"{'text': 'back fires going shooter', 'platforms': [], 'codes': [], 'hw_module': 'unknown', 'tech_keywords': []}","{'text': 'adjust enable game mode restart sensitivity', 'procedures': [], 'sequence_length': 2}","{'text': 'fire shooter swipe tap', 'platforms': [], 'codes': [], 'hw_module': 'unknown', 'tech_keywords': [], 'token_count': 4}",[TITLE] back fires going shooter [STEPS] adjust enable game mode restart sensitivity [DESC] fire shooter swipe tap [SEQ_LEN] 2,unknown,0,0,2
MTK-3507,Keyboard dismisses while typing,A swipe-back eats the first keystroke in chats.,adjust sensitivity → switch keyboard → restart app,"{'text': 'dismisses keyboard typing while', 'platforms': [], 'codes': [], 'hw_module': 'unknown', 'tech_keywords': []}","{'text': 'adjust app keyboard restart sensitivity switch', 'procedures': [], 'sequence_length': 2}","{'text': 'chat eat keystroke swipe', 'platforms': [], 'codes': [], 'hw_module': 'unknown', 'tech_keywords': [], 'token_count': 4}",[TITLE] dismisses keyboard typing while [STEPS] adjust app keyboard restart sensitivity switch [DESC] chat eat keystroke swipe [SEQ_LEN] 2,unknown,0,0,2
MTK-3508,Screen shrank into a corner,The display dropped to half size after a low swipe.,tap empty area → turn off one-handed → restart phone,"{'text': 'corner into screen shrank', 'platforms': [], 'codes': [], 'hw_module': 'unknown', 'tech_keywords': []}","{'text': 'area empty off one-handed phone restart tap turn', 'procedures': [], 'sequence_length': 3}","{'text': 'display drop half low size swipe', 'platforms': [], 'codes': [], 'hw_module': 'unknown', 'tech_keywords': [], 'token_count': 6}",[TITLE] corner into screen shrank [STEPS] area empty off one-handed phone restart tap turn [DESC] display drop half low size swipe [SEQ_LEN] 3,unknown,0,0,3
MTK-3509,Top half unreachable suddenly,One-handed mode keeps triggering in pockets.,tap empty area → turn off one-handed → lock screen,"{'text': 'half suddenly top unreachable', 'platforms': [], 'codes': [], 'hw_module': 'unknown', 'tech_keywords': []}","{'text': 'area empty lock off one-handed screen tap turn', 'procedures': [], 'sequence_length': 3}","{'text': 'handed keep mode pocket trigger', 'platforms': [], 'codes': [], 'hw_module': 'unknown', 'tech_keywords': [], 'token_count': 5}",[TITLE] half suddenly top unreachable [STEPS] area empty lock off one-handed screen tap turn [DESC] handed keep mode pocket trigger [SEQ_LEN] 3,unknown,0,0,3
MTK-3510,Keyboard tiny on one side,The keyboard docked mini to one side and stayed there.,expand keyboard → turn off one-handed → restart phone,"{'text': 'keyboard on one side tiny', 'platforms': [], 'codes': [], 'hw_module': 'unknown', 'tech_keywords': []}","{'text': 'expand keyboard off one-handed phone restart turn', 'procedures': [], 'sequence_length': 3}","{'text': 'dock keyboard mini stay', 'platforms': [], 'codes': [], 'hw_module': 'unknown', 'tech_keywords': [], 'token_count': 4}",[TITLE] keyboard on one side tiny [STEPS] expand keyboard off one-handed phone restart turn [DESC] dock keyboard mini stay [SEQ_LEN] 3,unknown,0,0,3
MTK-3511,Called the boss from my pocket,Pocket-dialled the boss three times during a walk.,lock screen → turn on pocket mode → shorten timeout,"{'text': 'boss called from my pocket the', 'platforms': [], 'codes': [], 'hw_module': 'unknown', 'tech_keywords': []}","{'text': 'lock mode on pocket screen shorten timeout turn', 'procedures': [], 'sequence_length': 2}","{'text': 'boss dial pocket time walk', 'platforms': [], 'codes': [], 'hw_module': 'unknown', 'tech_keywords': [], 'token_count': 5}",[TITLE] boss called from my pocket the [STEPS] lock mode on pocket screen shorten timeout turn [DESC] boss dial pocket time walk [SEQ_LEN] 2,unknown,0,0,2
MTK-3512,Gibberish texts sent overnight,Nonsense messages went out while asleep.,lock screen → turn on pocket mode → check sent folder,"{'text': 'gibberish overnight sent texts', 'platforms': [], 'codes': [], 'hw_module': 'unknown', 'tech_keywords': []}","{'text': 'check folder lock mode on pocket screen sent turn', 'procedures': [], 'sequence_length': 2}","{'text': 'asleep go message nonsense', 'platforms': [], 'codes': [], 'hw_module': 'unknown', 'tech_keywords': [], 'token_count': 4}",[TITLE] gibberish overnight sent texts [STEPS] check folder lock mode on pocket screen sent turn [DESC] asleep go message nonsense [SEQ_LEN] 2,unknown,0,0,2
MTK-3513,Emergency call from my pocket,Pocket-dialled emergency services twice this week.,lock screen → turn on pocket mode → shorten timeout,"{'text': 'call emergency from my pocket', 'platforms': [], 'codes': [], 'hw_module': 'unknown', 'tech_keywords': []}","{'text': 'lock mode on pocket screen shorten timeout turn', 'procedures': [], 'sequence_length': 2}","{'text': 'dial emergency pocket service twice week', 'platforms': [], 'codes': [], 'hw_module': 'unknown', 'tech_keywords': [], 'token_count': 6}",[TITLE] call emergency from my pocket [STEPS] lock mode on pocket screen shorten timeout turn [DESC] dial emergency pocket service twice week [SEQ_LEN] 2,unknown,0,0,2
MTK-3514,SOS siren at the cinema,Five rapid power presses set off the emergency siren mid-film.,cancel sos → turn off power-button sos → apologize around,"{'text': 'at cinema siren sos the', 'platforms': [], 'codes': [], 'hw_module': 'unknown', 'tech_keywords': []}","{'text': 'apologize around cancel off power-button sos turn', 'procedures': [], 'sequence_length': 3}","{'text': 'emergency film mid power press rapid set siren', 'platforms': [], 'codes': [], 'hw_module': 'unknown', 'tech_keywords': [], 'token_count': 8}",[TITLE] at cinema siren sos the [STEPS] apologize around cancel off power-button sos turn [DESC] emergency film mid power press rapid set siren [SEQ_LEN] 3,unknown,0,0,3
MTK-3515,Police called back from my jeans,Tight jeans pressed power five times and dispatch called back.,answer callback → turn off power-button sos → use looser case,"{'text': 'back called from jeans my police', 'platforms': [], 'codes': [], 'hw_module': 'unknown', 'tech_keywords': []}","{'text': 'answer callback case looser off power-button sos turn use', 'procedures': [], 'sequence_length': 3}","{'text': 'call dispatch jean power press tight time', 'platforms': [], 'codes': [], 'hw_module': 'unknown', 'tech_keywords': [], 'token_count': 7}",[TITLE] back called from jeans my police [STEPS] answer callback case looser off power-button sos turn use [DESC] call dispatch jean power press tight time [SEQ_LEN] 3,unknown,0,0,3
MTK-3516,SOS countdown every dog walk,The leash hand squeezes trigger the countdown daily.,cancel sos → require swipe to send → change grip,"{'text': 'countdown dog every sos walk', 'platforms': [], 'codes': [], 'hw_module': 'unknown', 'tech_keywords': []}","{'text': 'cancel change grip require send sos swipe to', 'procedures': [], 'sequence_length': 2}","{'text': 'countdown daily hand leash squeeze trigger', 'platforms': [], 'codes': [], 'hw_module': 'unknown', 'tech_keywords': [], 'token_count': 6}",[TITLE] countdown dog every sos walk [STEPS] cancel change grip require send sos swipe to [DESC] countdown daily hand leash squeeze trigger [SEQ_LEN] 2,unknown,0,0,2
MTK-3517,Flashlight on all night,Woke to a dead battery and a hot flashlight left burning.,turn off torch → charge phone → check battery health,"{'text': 'all flashlight night on', 'platforms': [], 'codes': [], 'hw_module': 'unknown', 'tech_keywords': []}","{'text': 'battery charge check health off phone torch turn', 'procedures': [], 'sequence_length': 2}","{'text': 'battery burning dead flashlight hot leave wake', 'platforms': [], 'codes': [], 'hw_module': 'unknown', 'tech_keywords': [], 'token_count': 7}",[TITLE] all flashlight night on [STEPS] battery charge check health off phone torch turn [DESC] battery burning dead flashlight hot leave wake [SEQ_LEN] 2,unknown,0,0,2
MTK-3518,Torch turns on in every pocket,Pocket presses light it up nightly.,turn off torch → lock screen → turn on pocket mode,"{'text': 'error_turn every in on pocket torch turns', 'platforms': [], 'codes': [], 'hw_module': 'unknown', 'tech_keywords': ['error_turn']}","{'text': 'lock mode off on pocket screen torch turn', 'procedures': [], 'sequence_length': 2}","{'text': 'light nightly pocket press', 'platforms': [], 'codes': [], 'hw_module': 'unknown', 'tech_keywords': [], 'token_count': 4}",[TITLE] error_turn every in on pocket torch turns [STEPS] lock mode off on pocket screen torch turn [DESC] light nightly pocket press [SEQ_LEN] 2,unknown,0,0,2
MTK-3519,Flash blinks with each text,Every message strobes the room at night.,turn off flash alerts → check notification settings → restart phone,"{'text': 'blinks each flash text with', 'platforms': [], 'codes': [], 'hw_module': 'unknown', 'tech_keywords': []}","{'text': 'alerts check flash notification off phone restart settings turn', 'procedures': [], 'sequence_length': 2}","{'text': 'message night room strobe', 'platforms': [], 'codes': [], 'hw_module': 'unknown', 'tech_keywords': [], 'token_count': 4}",[TITLE] blinks each flash text with [STEPS] alerts check flash notification off phone restart settings turn [DESC] message night room strobe [SEQ_LEN] 2,unknown,0,0,2
MTK-3520,Bank screenshots come out black,Screenshots inside the bank app save pure black.,use in-app share → export statement pdf → nothing is broken,"{'text': 'bank black come out screenshots', 'platforms': [], 'codes': [], 'hw_module': 'unknown', 'tech_keywords': []}","{'text': 'broken export in-app is nothing pdf share statement use', 'procedures': [], 'sequence_length': 3}","{'text': 'app bank black inside pure save screenshot', 'platforms': [], 'codes': [], 'hw_module': 'unknown', 'tech_keywords': [], 'token_count': 7}",[TITLE] bank black come out screenshots [STEPS] broken export in-app is nothing pdf share statement use [DESC] app bank black inside pure save screenshot [SEQ_LEN] 3,unknown,0,0,3
MTK-3521,Cannot prove the payment sent,The black screenshot is useless as a receipt.,use in-app receipt → download pdf → email it,"{'text': 'cannot payment prove sent the', 'platforms': [], 'codes': [], 'hw_module': 'unknown', 'tech_keywords': []}","{'text': 'download email in-app it pdf receipt use', 'procedures': [], 'sequence_length': 3}","{'text': 'black receipt screenshot useless', 'platforms': [], 'codes': [], 'hw_module': 'unknown', 'tech_keywords': [], 'token_count': 4}",[TITLE] cannot payment prove sent the [STEPS] download email in-app it pdf receipt use [DESC] black receipt screenshot useless [SEQ_LEN] 3,unknown,0,0,3
MTK-3522,Recording blanks the bank app,Screen recording goes black whenever the bank app opens.,pause recording → use in-app share → resume after,"{'text': 'app bank blanks recording the', 'platforms': [], 'codes': [], 'hw_module': 'unknown', 'tech_keywords': []}","{'text': 'after in-app pause recording resume share use', 'procedures': [], 'sequence_length': 3}","{'text': 'app bank black go open recording screen', 'platforms': [], 'codes': [], 'hw_module': 'unknown', 'tech_keywords': [], 'token_count': 7}",[TITLE] app bank blanks recording the [STEPS] after in-app pause recording resume share use [DESC] app bank black go open recording screen [SEQ_LEN] 3,unknown,0,0,3
MTK-3523,Menu QR never focuses,The restaurant code will not scan in dim light.,wipe lens → add light → type url instead,"{'text': 'focuses menu never qr', 'platforms': [], 'codes': [], 'hw_module': 'unknown', 'tech_keywords': []}","{'text': 'add instead lens light type url wipe', 'procedures': [], 'sequence_length': 2}","{'text': 'code dim light restaurant scan', 'platforms': [], 'codes': [], 'hw_module': 'unknown', 'tech_keywords': [], 'token_count': 5}",[TITLE] focuses menu never qr [STEPS] add instead lens light type url wipe [DESC] code dim light restaurant scan [SEQ_LEN] 2,unknown,0,0,2
MTK-3524,Ticket QR rejected at the gate,A cracked protector scatters the scanner laser.,raise brightness → lift case flap → use printed backup,"{'text': 'at gate qr rejected the ticket', 'platforms': [], 'codes': [], 'hw_module': 'unknown', 'tech_keywords': []}","{'text': 'backup brightness case flap lift printed raise use', 'procedures': [], 'sequence_length': 2}","{'text': 'cracked laser protector scanner scatter', 'platforms': [], 'codes': [], 'hw_module': 'unknown', 'tech_keywords': [], 'token_count': 5}",[TITLE] at gate qr rejected the ticket [STEPS] backup brightness case flap lift printed raise use [DESC] cracked laser protector scanner scatter [SEQ_LEN] 2,unknown,0,0,2
MTK-3525,WiFi QR joins nothing,Scanning the router QR just opens text instead of joining.,use wifi qr in settings → retype password → restart phone,"{'text': 'joins nothing qr tech_wifi wifi', 'platforms': [], 'codes': [], 'hw_module': 'unknown', 'tech_keywords': ['tech_wifi']}","{'text': 'in password phone qr restart retype settings use wifi', 'procedures': [], 'sequence_length': 2}","{'text': 'instead join open router scan text', 'platforms': [], 'codes': [], 'hw_module': 'unknown', 'tech_keywords': [], 'token_count': 6}",[TITLE] joins nothing qr tech_wifi wifi [STEPS] in password phone qr restart retype settings use wifi [DESC] instead join open router scan text [SEQ_LEN] 2,unknown,0,0,2
MTK-3526,Dark corner in every photo,"The same blurry corner in all shots, a fingertip over the ultra-wide.",move finger → wipe lens → retake,"{'text': 'corner dark every in photo', 'platforms': [], 'codes': [], 'hw_module': 'unknown', 'tech_keywords': []}","{'text': 'finger lens move retake wipe', 'procedures': [], 'sequence_length': 2}","{'text': 'blurry corner fingertip shot ultra wide', 'platforms': [], 'codes': [], 'hw_module': 'unknown', 'tech_keywords': [], 'token_count': 6}",[TITLE] corner dark every in photo [STEPS] finger lens move retake wipe [DESC] blurry corner fingertip shot ultra wide [SEQ_LEN] 2,unknown,0,0,2
MTK-3527,Night shots glow weird,Halos ring every light from a greasy lens.,wipe lens → hold still → retake,"{'text': 'glow night shots weird', 'platforms': [], 'codes': [], 'hw_module': 'unknown', 'tech_keywords': []}","{'text': 'hold lens retake still wipe', 'procedures': [], 'sequence_length': 2}","{'text': 'greasy halo lens light ring', 'platforms': [], 'codes': [], 'hw_module': 'unknown', 'tech_keywords': [], 'token_count': 5}",[TITLE] glow night shots weird [STEPS] hold lens retake still wipe [DESC] greasy halo lens light ring [SEQ_LEN] 2,unknown,0,0,2
MTK-3528,Front camera always foggy,Selfies permanently misty from face cream on the lens.,wipe lens → remove film → retake,"{'text': 'always camera foggy front', 'platforms': [], 'codes': [], 'hw_module': 'unknown', 'tech_keywords': []}","{'text': 'film lens remove retake wipe', 'procedures': [], 'sequence_length': 2}","{'text': 'cream face lens misty permanently selfie', 'platforms': [], 'codes': [], 'hw_module': 'unknown', 'tech_keywords': [], 'token_count': 6}",[TITLE] always camera foggy front [STEPS] film lens remove retake wipe [DESC] cream face lens misty permanently selfie [SEQ_LEN] 2,unknown,0,0,2
MTK-3529,Concert photos all smears,Stage shots streak with the movement.,hold still → brace on rail → use night mode,"{'text': 'all concert photos smears', 'platforms': [], 'codes': [], 'hw_module': 'unknown', 'tech_keywords': []}","{'text': 'brace hold mode night on rail still use', 'procedures': [], 'sequence_length': 2}","{'text': 'movement shot stage streak', 'platforms': [], 'codes': [], 'hw_module': 'unknown', 'tech_keywords': [], 'token_count': 4}",[TITLE] all concert photos smears [STEPS] brace hold mode night on rail still use [DESC] movement shot stage streak [SEQ_LEN] 2,unknown,0,0,2
MTK-3530,Party pics of kids blurry,Running kids blur indoors every time.,add light → tap to focus → use burst mode,"{'text': 'blurry kids of party pics', 'platforms': [], 'codes': [], 'hw_module': 'unknown', 'tech_keywords': []}","{'text': 'add burst focus light mode tap to use', 'procedures': [], 'sequence_length': 2}","{'text': 'blur indoor kid run time', 'platforms': [], 'codes': [], 'hw_module': 'unknown', 'tech_keywords': [], 'token_count': 5}",[TITLE] blurry kids of party pics [STEPS] add burst focus light mode tap to use [DESC] blur indoor kid run time [SEQ_LEN] 2,unknown,0,0,2
MTK-3531,City lights trail at night,Handheld night shots streak badly.,brace phone → use night mode → hold still 3s,"{'text': 'at city lights night trail', 'platforms': [], 'codes': [], 'hw_module': 'unknown', 'tech_keywords': []}","{'text': '3s brace hold mode night phone still use', 'procedures': [], 'sequence_length': 2}","{'text': 'badly handheld night shot streak', 'platforms': [], 'codes': [], 'hw_module': 'unknown', 'tech_keywords': [], 'token_count': 5}",[TITLE] at city lights night trail [STEPS] 3s brace hold mode night phone still use [DESC] badly handheld night shot streak [SEQ_LEN] 2,unknown,0,0,2
MTK-3532,Two hundred photos of the floor,Holding the shutter fired a huge burst of shoes.,delete burst → tap shutter → keep best shot,"{'text': 'floor hundred of photos the two', 'platforms': [], 'codes': [], 'hw_module': 'unknown', 'tech_keywords': []}","{'text': 'best burst delete keep shot shutter tap', 'procedures': [], 'sequence_length': 2}","{'text': 'burst fire hold huge shoe shutter', 'platforms': [], 'codes': [], 'hw_module': 'unknown', 'tech_keywords': [], 'token_count': 6}",[TITLE] floor hundred of photos the two [STEPS] best burst delete keep shot shutter tap [DESC] burst fire hold huge shoe shutter [SEQ_LEN] 2,unknown,0,0,2
MTK-3533,Gallery full of duplicates,Every photo saved fifteen times from long presses.,turn off burst → delete dupes → empty trash,"{'text': 'duplicates full gallery of', 'platforms': [], 'codes': [], 'hw_module': 'unknown', 'tech_keywords': []}","{'text': 'burst delete dupes empty off trash turn', 'procedures': [], 'sequence_length': 2}","{'text': 'long photo press save time', 'platforms': [], 'codes': [], 'hw_module': 'unknown', 'tech_keywords': [], 'token_count': 5}",[TITLE] duplicates full gallery of [STEPS] burst delete dupes empty off trash turn [DESC] long photo press save time [SEQ_LEN] 2,unknown,0,0,2
MTK-3534,Shutter misses the goal,Pressing early still misses the kick.,hold earlier → enable sport mode → keep best shot,"{'text': 'goal misses shutter the', 'platforms': [], 'codes': [], 'hw_module': 'unknown', 'tech_keywords': []}","{'text': 'best earlier enable hold keep mode shot sport', 'procedures': [], 'sequence_length': 2}","{'text': 'early kick miss press', 'platforms': [], 'codes': [], 'hw_module': 'unknown', 'tech_keywords': [], 'token_count': 4}",[TITLE] goal misses shutter the [STEPS] best earlier enable hold keep mode shot sport [DESC] early kick miss press [SEQ_LEN] 2,unknown,0,0,2
MTK-3535,Deleted the whole holiday album,Two hundred holiday photos gone in one swipe of panic.,open trash → restore all → turn on backup,"{'text': 'album deleted holiday the whole', 'platforms': [], 'codes': [], 'hw_module': 'unknown', 'tech_keywords': []}","{'text': 'all backup on open restore trash turn', 'procedures': [], 'sequence_length': 2}","{'text': 'go holiday panic photo swipe', 'platforms': [], 'codes': [], 'hw_module': 'unknown', 'tech_keywords': [], 'token_count': 5}",[TITLE] album deleted holiday the whole [STEPS] all backup on open restore trash turn [DESC] go holiday panic photo swipe [SEQ_LEN] 2,unknown,0,0,2
MTK-3536,Kid deleted the camera roll,A toddler cleared yesterday's photos.,open trash → restore all → lock gallery,"{'text': 'camera deleted kid roll the', 'platforms': [], 'codes': [], 'hw_module': 'unknown', 'tech_keywords': []}","{'text': 'all gallery lock open restore trash', 'procedures': [], 'sequence_length': 2}","{'text': 'clear photo toddler yesterday', 'platforms': [], 'codes': [], 'hw_module': 'unknown', 'tech_keywords': [], 'token_count': 4}",[TITLE] camera deleted kid roll the [STEPS] all gallery lock open restore trash [DESC] clear photo toddler yesterday [SEQ_LEN] 2,unknown,0,0,2
MTK-3537,Trash emptied itself,Thirty-day trash expired the wedding originals.,check cloud backup → contact support → turn on backup,"{'text': 'emptied itself trash', 'platforms': [], 'codes': [], 'hw_module': 'unknown', 'tech_keywords': []}","{'text': 'backup check cloud contact on support turn', 'procedures': [], 'sequence_length': 2}","{'text': 'day expire original thirty trash wedding', 'platforms': [], 'codes': [], 'hw_module': 'unknown', 'tech_keywords': [], 'token_count': 6}",[TITLE] emptied itself trash [STEPS] backup check cloud contact on support turn [DESC] day expire original thirty trash wedding [SEQ_LEN] 2,unknown,0,0,2
MTK-3538,New phone has no old photos,"Signed in but zero old pictures, backup was off for a year.",turn on backup → connect wifi → wait overnight,"{'text': 'has new no old phone photos tech_phone', 'platforms': [], 'codes': [], 'hw_module': 'unknown', 'tech_keywords': ['tech_phone']}","{'text': 'backup connect on overnight turn wait wifi', 'procedures': [], 'sequence_length': 2}","{'text': 'backup old picture sign year zero', 'platforms': [], 'codes': [], 'hw_module': 'unknown', 'tech_keywords': [], 'token_count': 6}",[TITLE] has new no old phone photos tech_phone [STEPS] backup connect on overnight turn wait wifi [DESC] backup old picture sign year zero [SEQ_LEN] 2,unknown,0,0,2
MTK-3539,Photos gone after the reset,"Reset wiped everything assuming the cloud had it, backup was off.",check cloud → turn on backup → restore what remains,"{'text': 'after gone photos reset the', 'platforms': [], 'codes': [], 'hw_module': 'unknown', 'tech_keywords': []}","{'text': 'backup check cloud on remains restore turn what', 'procedures': [], 'sequence_length': 2}","{'text': 'assume backup cloud reset wipe', 'platforms': [], 'codes': [], 'hw_module': 'unknown', 'tech_keywords': [], 'token_count': 5}",[TITLE] after gone photos reset the [STEPS] backup check cloud on remains restore turn what [DESC] assume backup cloud reset wipe [SEQ_LEN] 2,unknown,0,0,2
MTK-3540,Only screenshots backed up,"Backup covered device folders only, the camera folder excluded.",include camera folder → connect wifi → wait overnight,"{'text': 'backed only screenshots up', 'platforms': [], 'codes': [], 'hw_module': 'unknown', 'tech_keywords': []}","{'text': 'camera connect folder include overnight wait wifi', 'procedures': [], 'sequence_length': 2}","{'text': 'backup camera cover device exclude folder module_device', 'platforms': [], 'codes': [], 'hw_module': 'device', 'tech_keywords': [], 'token_count': 7}",[TITLE] backed only screenshots up [STEPS] camera connect folder include overnight wait wifi [DESC] backup camera cover device exclude folder module_device [SEQ_LEN] 2,unknown,0,0,2
MTK-3541,New phone chat history empty,"Moved phones and years of chats missing, Drive backup two years old.",backup now → move with cable → restore on new,"{'text': 'chat empty history new phone tech_phone', 'platforms': [], 'codes': [], 'hw_module': 'unknown', 'tech_keywords': ['tech_phone']}","{'text': 'backup cable move new now on restore with', 'procedures': [], 'sequence_length': 2}","{'text': 'backup chat drive miss move old phone tech_phone year', 'platforms': [], 'codes': [], 'hw_module': 'unknown', 'tech_keywords': ['tech_phone'], 'token_count': 9}",[TITLE] chat empty history new phone tech_phone [STEPS] backup cable move new now on restore with [DESC] backup chat drive miss move old phone tech_phone year [SEQ_LEN] 2,unknown,0,0,2
MTK-3542,Backup stuck at 96 percent,"Nightly backup stalls near done, Drive is full.",free drive space → backup on wifi → retry,"{'text': '96 at backup percent stuck', 'platforms': [], 'codes': [], 'hw_module': 'unknown', 'tech_keywords': []}","{'text': 'backup drive free on retry space wifi', 'procedures': [], 'sequence_length': 2}","{'text': 'backup drive near nightly stall', 'platforms': [], 'codes': [], 'hw_module': 'unknown', 'tech_keywords': [], 'token_count': 5}",[TITLE] 96 at backup percent stuck [STEPS] backup drive free on retry space wifi [DESC] backup drive near nightly stall [SEQ_LEN] 2,unknown,0,0,2
MTK-3543,Videos missing from backup,"Chats restored but no videos, the video toggle was off.",include videos → backup on wifi → restore again,"{'text': 'backup from missing videos', 'platforms': [], 'codes': [], 'hw_module': 'unknown', 'tech_keywords': []}","{'text': 'again backup include on restore videos wifi', 'procedures': [], 'sequence_length': 2}","{'text': 'chat restore toggle video', 'platforms': [], 'codes': [], 'hw_module': 'unknown', 'tech_keywords': [], 'token_count': 4}",[TITLE] backup from missing videos [STEPS] again backup include on restore videos wifi [DESC] chat restore toggle video [SEQ_LEN] 2,unknown,0,0,2
MTK-3544,Camera refuses to take photos,Shutter dead with a storage-full toast.,delete screenshots → empty trash → free 1GB,"{'text': 'camera photos refuses take to', 'platforms': [], 'codes': [], 'hw_module': 'unknown', 'tech_keywords': []}","{'text': '1gb delete empty free screenshots trash', 'procedures': [], 'sequence_length': 2}","{'text': 'dead shutter storage toast', 'platforms': [], 'codes': [], 'hw_module': 'unknown', 'tech_keywords': [], 'token_count': 4}",[TITLE] camera photos refuses take to [STEPS] 1gb delete empty free screenshots trash [DESC] dead shutter storage toast [SEQ_LEN] 2,unknown,0,0,2
MTK-3545,Video stops after 3 seconds,Recording halts almost immediately with 200MB free.,delete offline songs → empty trash → retry,"{'text': 'after seconds stops video', 'platforms': [], 'codes': [], 'hw_module': 'unknown', 'tech_keywords': []}","{'text': 'delete empty offline retry songs trash', 'procedures': [], 'sequence_length': 2}","{'text': '200 free halt immediately recording', 'platforms': [], 'codes': [], 'hw_module': 'unknown', 'tech_keywords': [], 'token_count': 5}",[TITLE] after seconds stops video [STEPS] delete empty offline retry songs trash [DESC] 200 free halt immediately recording [SEQ_LEN] 2,unknown,0,0,2
MTK-3546,Cannot save one screenshot,Screenshot toast says storage full.,delete telegram cache → empty trash → restart phone,"{'text': 'cannot one save screenshot', 'platforms': [], 'codes': [], 'hw_module': 'unknown', 'tech_keywords': []}","{'text': 'cache delete empty phone restart telegram trash', 'procedures': [], 'sequence_length': 2}","{'text': 'say screenshot storage toast', 'platforms': [], 'codes': [], 'hw_module': 'unknown', 'tech_keywords': [], 'token_count': 4}",[TITLE] cannot one save screenshot [STEPS] cache delete empty phone restart telegram trash [DESC] say screenshot storage toast [SEQ_LEN] 2,unknown,0,0,2
MTK-3547,One chat app eats 14GB silently,Viewed videos hoarded in cache for months.,clear telegram cache → disable auto-download → restart phone,"{'text': '14gb app chat eats one silently', 'platforms': [], 'codes': [], 'hw_module': 'unknown', 'tech_keywords': []}","{'text': 'auto-download cache clear disable phone restart telegram', 'procedures': [], 'sequence_length': 3}","{'text': 'cache hoard month video view', 'platforms': [], 'codes': [], 'hw_module': 'unknown', 'tech_keywords': [], 'token_count': 5}",[TITLE] 14gb app chat eats one silently [STEPS] auto-download cache clear disable phone restart telegram [DESC] cache hoard month video view [SEQ_LEN] 3,unknown,0,0,3
MTK-3548,Phone full despite few apps,Inspector shows one chat app holding 20GB.,clear telegram cache → limit keep media → restart phone,"{'text': 'apps despite few full phone tech_phone', 'platforms': [], 'codes': [], 'hw_module': 'unknown', 'tech_keywords': ['tech_phone']}","{'text': 'cache clear keep limit media phone restart telegram', 'procedures': [], 'sequence_length': 2}","{'text': 'app chat hold inspector show', 'platforms': [], 'codes': [], 'hw_module': 'unknown', 'tech_keywords': [], 'token_count': 5}",[TITLE] apps despite few full phone tech_phone [STEPS] cache clear keep limit media phone restart telegram [DESC] app chat hold inspector show [SEQ_LEN] 2,unknown,0,0,2
MTK-3549,Gallery full of strangers memes,Auto-save dumps every group meme into the gallery.,turn off save to gallery → clear cache → delete saved,"{'text': 'full gallery memes of strangers', 'platforms': [], 'codes': [], 'hw_module': 'unknown', 'tech_keywords': []}","{'text': 'cache clear delete gallery off save saved to turn', 'procedures': [], 'sequence_length': 2}","{'text': 'auto dump gallery group meme save', 'platforms': [], 'codes': [], 'hw_module': 'unknown', 'tech_keywords': [], 'token_count': 6}",[TITLE] full gallery memes of strangers [STEPS] cache clear delete gallery off save saved to turn [DESC] auto dump gallery group meme save [SEQ_LEN] 2,unknown,0,0,2
MTK-3550,Downloads quietly ate 12GB,Playlist downloads piled up for a year.,remove old downloads → set normal quality → keep wifi-only,"{'text': '12gb ate downloads quietly', 'platforms': [], 'codes': [], 'hw_module': 'unknown', 'tech_keywords': []}","{'text': 'downloads keep normal old quality remove set wifi-only', 'procedures': [], 'sequence_length': 3}","{'text': 'download pile playlist year', 'platforms': [], 'codes': [], 'hw_module': 'unknown', 'tech_keywords': [], 'token_count': 4}",[TITLE] 12gb ate downloads quietly [STEPS] downloads keep normal old quality remove set wifi-only [DESC] download pile playlist year [SEQ_LEN] 3,unknown,0,0,3
MTK-3551,Storage warning after road trip,Trip downloads never got removed after.,remove trip playlists → empty trash → restart phone,"{'text': 'after road storage trip warning', 'platforms': [], 'codes': [], 'hw_module': 'unknown', 'tech_keywords': []}","{'text': 'empty phone playlists remove restart trash trip', 'procedures': [], 'sequence_length': 2}","{'text': 'download get remove trip', 'platforms': [], 'codes': [], 'hw_module': 'unknown', 'tech_keywords': [], 'token_count': 4}",[TITLE] after road storage trip warning [STEPS] empty phone playlists remove restart trash trip [DESC] download get remove trip [SEQ_LEN] 2,unknown,0,0,2
MTK-3552,Podcasts pile up unplayed,Auto-downloaded episodes stack for months.,turn off auto-download → delete played → restart app,"{'text': 'pile podcasts unplayed up', 'platforms': [], 'codes': [], 'hw_module': 'unknown', 'tech_keywords': []}","{'text': 'app auto-download delete off played restart turn', 'procedures': [], 'sequence_length': 3}","{'text': 'auto download episode month stack', 'platforms': [], 'codes': [], 'hw_module': 'unknown', 'tech_keywords': [], 'token_count': 5}",[TITLE] pile podcasts unplayed up [STEPS] app auto-download delete off played restart turn [DESC] auto download episode month stack [SEQ_LEN] 3,unknown,0,0,3
MTK-3553,Screenshots folder is 6GB,Years of screenshots nobody ever opened.,review folder → delete junk → empty trash,"{'text': '6gb folder is screenshots', 'platforms': [], 'codes': [], 'hw_module': 'unknown', 'tech_keywords': []}","{'text': 'delete empty folder junk review trash', 'procedures': [], 'sequence_length': 2}","{'text': 'open screenshot year', 'platforms': [], 'codes': [], 'hw_module': 'unknown', 'tech_keywords': [], 'token_count': 3}",[TITLE] 6gb folder is screenshots [STEPS] delete empty folder junk review trash [DESC] open screenshot year [SEQ_LEN] 2,unknown,0,0,2
MTK-3554,Every meme saved twice,Power plus volume misfires screenshot constantly.,delete dupes → adjust button timing → empty trash,"{'text': 'every meme saved twice', 'platforms': [], 'codes': [], 'hw_module': 'unknown', 'tech_keywords': []}","{'text': 'adjust button delete dupes empty timing trash', 'procedures': [], 'sequence_length': 2}","{'text': 'constantly misfire plus power screenshot volume', 'platforms': [], 'codes': [], 'hw_module': 'unknown', 'tech_keywords': [], 'token_count': 6}",[TITLE] every meme saved twice [STEPS] adjust button delete dupes empty timing trash [DESC] constantly misfire plus power screenshot volume [SEQ_LEN] 2,unknown,0,0,2
MTK-3555,Receipt lost among memes,Cannot find the receipt shot among hundreds.,move receipts to folder → delete rest → empty trash,"{'text': 'among lost memes receipt', 'platforms': [], 'codes': [], 'hw_module': 'unknown', 'tech_keywords': []}","{'text': 'delete empty folder move receipts rest to trash', 'procedures': [], 'sequence_length': 2}","{'text': 'find hundred receipt shoot', 'platforms': [], 'codes': [], 'hw_module': 'unknown', 'tech_keywords': [], 'token_count': 4}",[TITLE] among lost memes receipt [STEPS] delete empty folder move receipts rest to trash [DESC] find hundred receipt shoot [SEQ_LEN] 2,unknown,0,0,2
MTK-3556,Phone slow for weeks,Everything lags and the last restart was a month ago.,restart phone → update apps → free storage,"{'text': 'for phone slow tech_phone weeks', 'platforms': [], 'codes': [], 'hw_module': 'unknown', 'tech_keywords': ['tech_phone']}","{'text': 'apps free phone restart storage update', 'procedures': [], 'sequence_length': 2}","{'text': 'ago lag month restart', 'platforms': [], 'codes': [], 'hw_module': 'unknown', 'tech_keywords': [], 'token_count': 4}",[TITLE] for phone slow tech_phone weeks [STEPS] apps free phone restart storage update [DESC] ago lag month restart [SEQ_LEN] 2,unknown,0,0,2
MTK-3557,Apps crash one after another,Three apps crashed today with 40 days uptime.,restart phone → clear app cache → update app,"{'text': 'after another apps crash one', 'platforms': [], 'codes': [], 'hw_module': 'unknown', 'tech_keywords': []}","{'text': 'app cache clear phone restart update', 'procedures': [], 'sequence_length': 2}","{'text': 'app crash day today uptime', 'platforms': [], 'codes': [], 'hw_module': 'unknown', 'tech_keywords': [], 'token_count': 5}",[TITLE] after another apps crash one [STEPS] app cache clear phone restart update [DESC] app crash day today uptime [SEQ_LEN] 2,unknown,0,0,2
MTK-3558,Calls drop after long uptime,Month-old session and the modem wants a fresh start.,restart phone → toggle airplane → test call,"{'text': 'after calls drop long uptime', 'platforms': [], 'codes': [], 'hw_module': 'unknown', 'tech_keywords': []}","{'text': 'airplane call phone restart test toggle', 'procedures': [], 'sequence_length': 2}","{'text': 'fresh modem month old session start want', 'platforms': [], 'codes': [], 'hw_module': 'unknown', 'tech_keywords': [], 'token_count': 7}",[TITLE] after calls drop long uptime [STEPS] airplane call phone restart test toggle [DESC] fresh modem month old session start want [SEQ_LEN] 2,unknown,0,0,2
MTK-3559,Switching apps reloads all,Dozens open and everything restarts.,close all → keep five → restart phone,"{'text': 'all apps reloads switching', 'platforms': [], 'codes': [], 'hw_module': 'unknown', 'tech_keywords': []}","{'text': 'all close five keep phone restart', 'procedures': [], 'sequence_length': 2}","{'text': 'dozen open restart', 'platforms': [], 'codes': [], 'hw_module': 'unknown', 'tech_keywords': [], 'token_count': 3}",[TITLE] all apps reloads switching [STEPS] all close five keep phone restart [DESC] dozen open restart [SEQ_LEN] 2,unknown,0,0,2
MTK-3560,Phone hot doing nothing,A video render ran in background since morning.,close all → cool phone → restrict background,"{'text': 'doing hot nothing phone tech_phone', 'platforms': [], 'codes': [], 'hw_module': 'unknown', 'tech_keywords': ['tech_phone']}","{'text': 'all background close cool phone restrict', 'procedures': [], 'sequence_length': 2}","{'text': 'background morning render run video', 'platforms': [], 'codes': [], 'hw_module': 'unknown', 'tech_keywords': [], 'token_count': 5}",[TITLE] doing hot nothing phone tech_phone [STEPS] all background close cool phone restrict [DESC] background morning render run video [SEQ_LEN] 2,unknown,0,0,2
MTK-3561,Battery halves by lunch idle,Forty apps stayed awake overnight.,close all → run batterystats → restrict background,"{'text': 'battery by halves idle lunch', 'platforms': [], 'codes': [], 'hw_module': 'unknown', 'tech_keywords': []}","{'text': 'all background batterystats close restrict run', 'procedures': [], 'sequence_length': 2}","{'text': 'app awake overnight stay', 'platforms': [], 'codes': [], 'hw_module': 'unknown', 'tech_keywords': [], 'token_count': 4}",[TITLE] battery by halves idle lunch [STEPS] all background batterystats close restrict run [DESC] app awake overnight stay [SEQ_LEN] 2,unknown,0,0,2
MTK-3562,Phone suddenly sluggish,"Everything stutters since morning, saver kicked in at 20 percent.",turn off saver → charge phone → check schedule,"{'text': 'phone sluggish suddenly tech_phone', 'platforms': [], 'codes': [], 'hw_module': 'unknown', 'tech_keywords': ['tech_phone']}","{'text': 'charge check off phone saver schedule turn', 'procedures': [], 'sequence_length': 2}","{'text': 'kick morning percent saver stutter', 'platforms': [], 'codes': [], 'hw_module': 'unknown', 'tech_keywords': [], 'token_count': 5}",[TITLE] phone sluggish suddenly tech_phone [STEPS] charge check off phone saver schedule turn [DESC] kick morning percent saver stutter [SEQ_LEN] 2,unknown,0,0,2
MTK-3563,Dim and slow at thirty percent,"Saver schedule starts at 30, dims and throttles.",turn off saver → adjust schedule → charge phone,"{'text': 'and at dim percent slow thirty', 'platforms': [], 'codes': [], 'hw_module': 'unknown', 'tech_keywords': []}","{'text': 'adjust charge off phone saver schedule turn', 'procedures': [], 'sequence_length': 2}","{'text': 'dim saver schedule start throttle', 'platforms': [], 'codes': [], 'hw_module': 'unknown', 'tech_keywords': [], 'token_count': 5}",[TITLE] and at dim percent slow thirty [STEPS] adjust charge off phone saver schedule turn [DESC] dim saver schedule start throttle [SEQ_LEN] 2,unknown,0,0,2
MTK-3564,Vibration gone plus slow,Saver killed haptics and speed together.,turn off saver → charge phone → restart phone,"{'text': 'gone plus slow vibration', 'platforms': [], 'codes': [], 'hw_module': 'unknown', 'tech_keywords': []}","{'text': 'charge off phone restart saver turn', 'procedures': [], 'sequence_length': 2}","{'text': 'haptic kill saver speed', 'platforms': [], 'codes': [], 'hw_module': 'unknown', 'tech_keywords': [], 'token_count': 4}",[TITLE] gone plus slow vibration [STEPS] charge off phone restart saver turn [DESC] haptic kill saver speed [SEQ_LEN] 2,unknown,0,0,2
MTK-3565,Music stops with screen off,"Music dies minutes after locking, optimization sleeps the app.",disable optimization for spotify → lock app open → keep offline songs,"{'text': 'music off screen stops with', 'platforms': [], 'codes': [], 'hw_module': 'unknown', 'tech_keywords': []}","{'text': 'app disable for keep lock offline open optimization songs spotify', 'procedures': [], 'sequence_length': 2}","{'text': 'app die lock minute music optimization sleep', 'platforms': [], 'codes': [], 'hw_module': 'unknown', 'tech_keywords': [], 'token_count': 7}",[TITLE] music off screen stops with [STEPS] app disable for keep lock offline open optimization songs spotify [DESC] app die lock minute music optimization sleep [SEQ_LEN] 2,unknown,0,0,2
MTK-3566,Audiobook loses its place,Sleep timer plus optimization resets position nightly.,disable optimization → set sleep timer → bookmark manually,"{'text': 'audiobook its loses place', 'platforms': [], 'codes': [], 'hw_module': 'unknown', 'tech_keywords': []}","{'text': 'bookmark disable manually optimization set sleep timer', 'procedures': [], 'sequence_length': 2}","{'text': 'nightly optimization plus position reset sleep timer', 'platforms': [], 'codes': [], 'hw_module': 'unknown', 'tech_keywords': [], 'token_count': 7}",[TITLE] audiobook its loses place [STEPS] bookmark disable manually optimization set sleep timer [DESC] nightly optimization plus position reset sleep timer [SEQ_LEN] 2,unknown,0,0,2
MTK-3567,Run tracker pauses mid-run,The tracker naps with the screen off.,disable optimization → keep screen on → start tracking again,"{'text': 'pauses run tracker', 'platforms': [], 'codes': [], 'hw_module': 'unknown', 'tech_keywords': []}","{'text': 'again disable keep on optimization screen start tracking', 'procedures': [], 'sequence_length': 2}","{'text': 'nap screen tracker', 'platforms': [], 'codes': [], 'hw_module': 'unknown', 'tech_keywords': [], 'token_count': 3}",[TITLE] pauses run tracker [STEPS] again disable keep on optimization screen start tracking [DESC] nap screen tracker [SEQ_LEN] 2,unknown,0,0,2
MTK-3568,Messages arrive in hourly bursts,Deep sleep batches everything instead of realtime.,disable optimization for chats → allow background → turn off deep sleep,"{'text': 'arrive bursts hourly in messages', 'platforms': [], 'codes': [], 'hw_module': 'unknown', 'tech_keywords': []}","{'text': 'allow background chats deep disable for off optimization sleep turn', 'procedures': [], 'sequence_length': 2}","{'text': 'batch deep instead realtime sleep', 'platforms': [], 'codes': [], 'hw_module': 'unknown', 'tech_keywords': [], 'token_count': 5}",[TITLE] arrive bursts hourly in messages [STEPS] allow background chats deep disable for off optimization sleep turn [DESC] batch deep instead realtime sleep [SEQ_LEN] 2,unknown,0,0,2
MTK-3569,Work emails hours late,Urgent mail from nine arrives at lunch.,disable optimization for mail → check sync → turn off deep sleep,"{'text': 'emails hours late work', 'platforms': [], 'codes': [], 'hw_module': 'unknown', 'tech_keywords': []}","{'text': 'check deep disable for mail off optimization sleep sync turn', 'procedures': [], 'sequence_length': 2}","{'text': 'arrive lunch mail urgent', 'platforms': [], 'codes': [], 'hw_module': 'unknown', 'tech_keywords': [], 'token_count': 4}",[TITLE] emails hours late work [STEPS] check deep disable for mail off optimization sleep sync turn [DESC] arrive lunch mail urgent [SEQ_LEN] 2,unknown,0,0,2
MTK-3570,Bank alerts come next day,A fraud alert arrived a day late.,disable optimization → allow notifications → turn off deep sleep,"{'text': 'alerts bank come day next', 'platforms': [], 'codes': [], 'hw_module': 'unknown', 'tech_keywords': []}","{'text': 'allow deep disable notifications off optimization sleep turn', 'procedures': [], 'sequence_length': 2}","{'text': 'alert arrive day fraud late', 'platforms': [], 'codes': [], 'hw_module': 'unknown', 'tech_keywords': [], 'token_count': 5}",[TITLE] alerts bank come day next [STEPS] allow deep disable notifications off optimization sleep turn [DESC] alert arrive day fraud late [SEQ_LEN] 2,unknown,0,0,2
MTK-3571,Bank app logged me out,An update signed everything out and the password is forgotten.,reset password → re-login → save in manager,"{'text': 'app bank logged me out', 'platforms': [], 'codes': [], 'hw_module': 'unknown', 'tech_keywords': []}","{'text': 'in manager password re-login reset save', 'procedures': [], 'sequence_length': 3}","{'text': 'forget password sign update', 'platforms': [], 'codes': [], 'hw_module': 'unknown', 'tech_keywords': [], 'token_count': 4}",[TITLE] app bank logged me out [STEPS] in manager password re-login reset save [DESC] forget password sign update [SEQ_LEN] 3,unknown,0,0,3
MTK-3572,Streaming kicked all devices,A password change elsewhere logged this phone out.,re-login → check devices → save in manager,"{'text': 'all devices kicked module_device streaming', 'platforms': [], 'codes': [], 'hw_module': 'device', 'tech_keywords': []}","{'text': 'check devices in manager re-login save', 'procedures': [], 'sequence_length': 3}","{'text': 'change log password phone tech_phone', 'platforms': [], 'codes': [], 'hw_module': 'unknown', 'tech_keywords': ['tech_phone'], 'token_count': 5}",[TITLE] all devices kicked module_device streaming [STEPS] check devices in manager re-login save [DESC] change log password phone tech_phone [MODULE] device [SEQ_LEN] 3,device,0,0,3
MTK-3573,Work mail asks setup again,A new certificate requires re-enrollment.,re-login → contact it → save in manager,"{'text': 'again asks mail setup work', 'platforms': [], 'codes': [], 'hw_module': 'unknown', 'tech_keywords': []}","{'text': 'contact in it manager re-login save', 'procedures': [], 'sequence_length': 3}","{'text': 'certificate enrollment new require', 'platforms': [], 'codes': [], 'hw_module': 'unknown', 'tech_keywords': [], 'token_count': 4}",[TITLE] again asks mail setup work [STEPS] contact in it manager re-login save [DESC] certificate enrollment new require [SEQ_LEN] 3,unknown,0,0,3
MTK-3574,Big game never downloads,A 5GB download pends forever waiting for wifi.,connect wifi → allow downloads on data → retry,"{'text': 'big downloads game never', 'platforms': [], 'codes': [], 'hw_module': 'unknown', 'tech_keywords': []}","{'text': 'allow connect data downloads on retry wifi', 'procedures': [], 'sequence_length': 2}","{'text': 'download forever pend tech_wifi wait wifi', 'platforms': [], 'codes': [], 'hw_module': 'unknown', 'tech_keywords': ['tech_wifi'], 'token_count': 6}",[TITLE] big downloads game never [STEPS] allow connect data downloads on retry wifi [DESC] download forever pend tech_wifi wait wifi [SEQ_LEN] 2,unknown,0,0,2
MTK-3575,Updates pending for weeks,"Auto-update set to wifi-only, months behind.",connect wifi → update all → turn on auto-update,"{'text': 'for pending updates weeks', 'platforms': [], 'codes': [], 'hw_module': 'unknown', 'tech_keywords': []}","{'text': 'all auto-update connect on turn update wifi', 'procedures': [], 'sequence_length': 3}","{'text': 'auto month set tech_wifi update wifi', 'platforms': [], 'codes': [], 'hw_module': 'unknown', 'tech_keywords': ['tech_wifi'], 'token_count': 6}",[TITLE] for pending updates weeks [STEPS] all auto-update connect on turn update wifi [DESC] auto month set tech_wifi update wifi [SEQ_LEN] 3,unknown,0,0,3
MTK-3576,Install button spins forever,Payment verification stuck mid-purchase.,check payment → clear store cache → retry,"{'text': 'button forever install spins', 'platforms': [], 'codes': [], 'hw_module': 'unknown', 'tech_keywords': []}","{'text': 'cache check clear payment retry store', 'procedures': [], 'sequence_length': 2}","{'text': 'mid payment purchase stick verification', 'platforms': [], 'codes': [], 'hw_module': 'unknown', 'tech_keywords': [], 'token_count': 5}",[TITLE] button forever install spins [STEPS] cache check clear payment retry store [DESC] mid payment purchase stick verification [SEQ_LEN] 2,unknown,0,0,2
MTK-3577,App opens then closes instantly,The bank app needs the new version but auto-update is off.,update app → clear app cache → reopen,"{'text': 'app closes instantly opens then', 'platforms': [], 'codes': [], 'hw_module': 'unknown', 'tech_keywords': []}","{'text': 'app cache clear reopen update', 'procedures': [], 'sequence_length': 2}","{'text': 'app auto bank need new update version', 'platforms': [], 'codes': [], 'hw_module': 'unknown', 'tech_keywords': [], 'token_count': 7}",[TITLE] app closes instantly opens then [STEPS] app cache clear reopen update [DESC] app auto bank need new update version [SEQ_LEN] 2,unknown,0,0,2
MTK-3578,New feature missing vs friends,Friends have it but this store copy never updated.,update app → restart phone → re-login,"{'text': 'feature friends missing new vs', 'platforms': [], 'codes': [], 'hw_module': 'unknown', 'tech_keywords': []}","{'text': 'app phone re-login restart update', 'procedures': [], 'sequence_length': 3}","{'text': 'copy friend store update', 'platforms': [], 'codes': [], 'hw_module': 'unknown', 'tech_keywords': [], 'token_count': 4}",[TITLE] feature friends missing new vs [STEPS] app phone re-login restart update [DESC] copy friend store update [SEQ_LEN] 3,unknown,0,0,3
MTK-3579,App too old to run,An ancient install finally refused to open.,update app → update system → reopen,"{'text': 'app old run to too', 'platforms': [], 'codes': [], 'hw_module': 'unknown', 'tech_keywords': []}","{'text': 'app reopen system update', 'procedures': [], 'sequence_length': 2}","{'text': 'ancient finally install open refuse', 'platforms': [], 'codes': [], 'hw_module': 'unknown', 'tech_keywords': [], 'token_count': 5}",[TITLE] app old run to too [STEPS] app reopen system update [DESC] ancient finally install open refuse [SEQ_LEN] 2,unknown,0,0,2
MTK-3580,One friend's texts silent,Her conversation got muted last year and forgotten.,unmute conversation → check dnd → test message,"{'text': 'friend one silent texts', 'platforms': [], 'codes': [], 'hw_module': 'unknown', 'tech_keywords': []}","{'text': 'check conversation dnd message test unmute', 'procedures': [], 'sequence_length': 2}","{'text': 'conversation forget get mute year', 'platforms': [], 'codes': [], 'hw_module': 'unknown', 'tech_keywords': [], 'token_count': 5}",[TITLE] friend one silent texts [STEPS] check conversation dnd message test unmute [DESC] conversation forget get mute year [SEQ_LEN] 2,unknown,0,0,2
MTK-3581,Work chat never pings,The channel stayed muted since the holidays.,unmute channel → allow notifications → test message,"{'text': 'chat never pings work', 'platforms': [], 'codes': [], 'hw_module': 'unknown', 'tech_keywords': []}","{'text': 'allow channel message notifications test unmute', 'procedures': [], 'sequence_length': 2}","{'text': 'channel holiday mute stay', 'platforms': [], 'codes': [], 'hw_module': 'unknown', 'tech_keywords': [], 'token_count': 4}",[TITLE] chat never pings work [STEPS] allow channel message notifications test unmute [DESC] channel holiday mute stay [SEQ_LEN] 2,unknown,0,0,2
MTK-3582,Group silent since match night,Muted for the match and stayed muted after.,unmute group → allow notifications → test message,"{'text': 'group match night silent since', 'platforms': [], 'codes': [], 'hw_module': 'unknown', 'tech_keywords': []}","{'text': 'allow group message notifications test unmute', 'procedures': [], 'sequence_length': 2}","{'text': 'match mute stay', 'platforms': [], 'codes': [], 'hw_module': 'unknown', 'tech_keywords': [], 'token_count': 3}",[TITLE] group match night silent since [STEPS] allow group message notifications test unmute [DESC] match mute stay [SEQ_LEN] 2,unknown,0,0,2
MTK-3583,Chat heads cover the screen,Bubbles overlay everything since the update.,turn off bubbles → open chat fullscreen → restart phone,"{'text': 'chat cover heads screen the', 'platforms': [], 'codes': [], 'hw_module': 'unknown', 'tech_keywords': []}","{'text': 'bubbles chat fullscreen off open phone restart turn', 'procedures': [], 'sequence_length': 2}","{'text': 'bubble overlay update', 'platforms': [], 'codes': [], 'hw_module': 'unknown', 'tech_keywords': [], 'token_count': 3}",[TITLE] chat cover heads screen the [STEPS] bubbles chat fullscreen off open phone restart turn [DESC] bubble overlay update [SEQ_LEN] 2,unknown,0,0,2
MTK-3584,"Conversation lost, list empty",The chat lives only in a bubble now.,open bubble → pop it out → turn off bubbles,"{'text': 'conversation empty list lost', 'platforms': [], 'codes': [], 'hw_module': 'unknown', 'tech_keywords': []}","{'text': 'bubble bubbles it off open out pop turn', 'procedures': [], 'sequence_length': 2}","{'text': 'bubble chat live', 'platforms': [], 'codes': [], 'hw_module': 'unknown', 'tech_keywords': [], 'token_count': 3}",[TITLE] conversation empty list lost [STEPS] bubble bubbles it off open out pop turn [DESC] bubble chat live [SEQ_LEN] 2,unknown,0,0,2
MTK-3585,Bubbles only for one person,Only mum triggers bubbles.,per-chat bubble setting → turn off bubbles → restart phone,"{'text': 'bubbles for one only person', 'platforms': [], 'codes': [], 'hw_module': 'unknown', 'tech_keywords': []}","{'text': 'bubble bubbles off per-chat phone restart setting turn', 'procedures': [], 'sequence_length': 3}","{'text': 'bubble mum trigger', 'platforms': [], 'codes': [], 'hw_module': 'unknown', 'tech_keywords': [], 'token_count': 3}",[TITLE] bubbles for one only person [STEPS] bubble bubbles off per-chat phone restart setting turn [DESC] bubble mum trigger [SEQ_LEN] 3,unknown,0,0,3
MTK-3586,Keyboard types in Spanish,Spacebar shows ES after a long-press accident.,switch to english → remove spanish → restart phone,"{'text': 'in keyboard spanish types', 'platforms': [], 'codes': [], 'hw_module': 'unknown', 'tech_keywords': []}","{'text': 'english phone remove restart spanish switch to', 'procedures': [], 'sequence_length': 2}","{'text': 'accident long press show spacebar', 'platforms': [], 'codes': [], 'hw_module': 'unknown', 'tech_keywords': [], 'token_count': 5}",[TITLE] in keyboard spanish types [STEPS] english phone remove restart spanish switch to [DESC] accident long press show spacebar [SEQ_LEN] 2,unknown,0,0,2
MTK-3587,Suggestions vanished,No autocorrect with the wrong language pack.,switch to english → enable suggestions → restart phone,"{'text': 'suggestions vanished', 'platforms': [], 'codes': [], 'hw_module': 'unknown', 'tech_keywords': []}","{'text': 'enable english phone restart suggestions switch to', 'procedures': [], 'sequence_length': 2}","{'text': 'autocorrect language pack wrong', 'platforms': [], 'codes': [], 'hw_module': 'unknown', 'tech_keywords': [], 'token_count': 4}",[TITLE] suggestions vanished [STEPS] enable english phone restart suggestions switch to [DESC] autocorrect language pack wrong [SEQ_LEN] 2,unknown,0,0,2
MTK-3588,Mic writes Spanish too,Dictation follows the keyboard language.,switch to english → re-add mic → test dictation,"{'text': 'mic spanish too writes', 'platforms': [], 'codes': [], 'hw_module': 'unknown', 'tech_keywords': []}","{'text': 'dictation english mic re-add switch test to', 'procedures': [], 'sequence_length': 3}","{'text': 'dictation follow keyboard language', 'platforms': [], 'codes': [], 'hw_module': 'unknown', 'tech_keywords': [], 'token_count': 4}",[TITLE] mic spanish too writes [STEPS] dictation english mic re-add switch test to [DESC] dictation follow keyboard language [SEQ_LEN] 3,unknown,0,0,3
MTK-3589,Texts full of wrong words,Autocorrect rewrites names into groceries.,add names to dictionary → tone down correction → proofread,"{'text': 'full of texts words wrong', 'platforms': [], 'codes': [], 'hw_module': 'unknown', 'tech_keywords': []}","{'text': 'add correction dictionary down names proofread to tone', 'procedures': [], 'sequence_length': 2}","{'text': 'autocorrect grocery name rewrite', 'platforms': [], 'codes': [], 'hw_module': 'unknown', 'tech_keywords': [], 'token_count': 4}",[TITLE] full of texts words wrong [STEPS] add correction dictionary down names proofread to tone [DESC] autocorrect grocery name rewrite [SEQ_LEN] 2,unknown,0,0,2
MTK-3590,Swears become the duck word,The classic substitution rage.,edit replacements → tone down correction → proofread,"{'text': 'become duck swears the word', 'platforms': [], 'codes': [], 'hw_module': 'unknown', 'tech_keywords': []}","{'text': 'correction down edit proofread replacements tone', 'procedures': [], 'sequence_length': 2}","{'text': 'classic rage substitution', 'platforms': [], 'codes': [], 'hw_module': 'unknown', 'tech_keywords': [], 'token_count': 3}",[TITLE] become duck swears the word [STEPS] correction down edit proofread replacements tone [DESC] classic rage substitution [SEQ_LEN] 2,unknown,0,0,2
MTK-3591,Passwords keep failing,Autocorrect fights the password field.,turn off for passwords → show password → retype,"{'text': 'failing keep passwords', 'platforms': [], 'codes': [], 'hw_module': 'unknown', 'tech_keywords': []}","{'text': 'for off password passwords retype show turn', 'procedures': [], 'sequence_length': 2}","{'text': 'autocorrect field fight password', 'platforms': [], 'codes': [], 'hw_module': 'unknown', 'tech_keywords': [], 'token_count': 4}",[TITLE] failing keep passwords [STEPS] for off password passwords retype show turn [DESC] autocorrect field fight password [SEQ_LEN] 2,unknown,0,0,2
MTK-3592,Dictation writes German,Spoken English transcribed as German words.,set dictation english → switch keyboard → test again,"{'text': 'dictation german writes', 'platforms': [], 'codes': [], 'hw_module': 'unknown', 'tech_keywords': []}","{'text': 'again dictation english keyboard set switch test', 'procedures': [], 'sequence_length': 2}","{'text': 'english german spoken transcribe word', 'platforms': [], 'codes': [], 'hw_module': 'unknown', 'tech_keywords': [], 'token_count': 5}",[TITLE] dictation german writes [STEPS] again dictation english keyboard set switch test [DESC] english german spoken transcribe word [SEQ_LEN] 2,unknown,0,0,2
MTK-3593,Assistant answers in French,Replies come back French after the holiday.,set assistant english → switch keyboard → test again,"{'text': 'answers assistant french in', 'platforms': [], 'codes': [], 'hw_module': 'unknown', 'tech_keywords': []}","{'text': 'again assistant english keyboard set switch test', 'procedures': [], 'sequence_length': 2}","{'text': 'come french holiday reply', 'platforms': [], 'codes': [], 'hw_module': 'unknown', 'tech_keywords': [], 'token_count': 4}",[TITLE] answers assistant french in [STEPS] again assistant english keyboard set switch test [DESC] come french holiday reply [SEQ_LEN] 2,unknown,0,0,2
MTK-3594,It writes the word comma,Punctuation spoken aloud as words.,enable auto punct → speak naturally → test again,"{'text': 'comma it the word writes', 'platforms': [], 'codes': [], 'hw_module': 'unknown', 'tech_keywords': []}","{'text': 'again auto enable naturally punct speak test', 'procedures': [], 'sequence_length': 2}","{'text': 'aloud punctuation speak word', 'platforms': [], 'codes': [], 'hw_module': 'unknown', 'tech_keywords': [], 'token_count': 4}",[TITLE] comma it the word writes [STEPS] again auto enable naturally punct speak test [DESC] aloud punctuation speak word [SEQ_LEN] 2,unknown,0,0,2
MTK-3595,Everyone listed three times,SIM plus Google plus WhatsApp copies of all.,merge duplicates → hide sim contacts → keep google only,"{'text': 'everyone listed three times', 'platforms': [], 'codes': [], 'hw_module': 'unknown', 'tech_keywords': []}","{'text': 'contacts duplicates google hide keep merge only sim', 'procedures': [], 'sequence_length': 2}","{'text': 'copy google plus sim whatsapp', 'platforms': [], 'codes': [], 'hw_module': 'unknown', 'tech_keywords': [], 'token_count': 5}",[TITLE] everyone listed three times [STEPS] contacts duplicates google hide keep merge only sim [DESC] copy google plus sim whatsapp [SEQ_LEN] 2,unknown,0,0,2
MTK-3596,Calls show numbers not names,Default account flipped to the empty SIM.,set default google → hide sim → restart phone,"{'text': 'calls names not numbers show', 'platforms': [], 'codes': [], 'hw_module': 'unknown', 'tech_keywords': []}","{'text': 'default google hide phone restart set sim', 'procedures': [], 'sequence_length': 2}","{'text': 'account default flip sim', 'platforms': [], 'codes': [], 'hw_module': 'unknown', 'tech_keywords': [], 'token_count': 4}",[TITLE] calls names not numbers show [STEPS] default google hide phone restart set sim [DESC] account default flip sim [SEQ_LEN] 2,unknown,0,0,2
MTK-3597,Deleted contacts keep returning,Removed SIM copies sync straight back.,delete from sim → hide sim contacts → merge duplicates,"{'text': 'contacts deleted error_turn keep returning', 'platforms': [], 'codes': [], 'hw_module': 'unknown', 'tech_keywords': ['error_turn']}","{'text': 'contacts delete duplicates from hide merge sim', 'procedures': [], 'sequence_length': 2}","{'text': 'copy remove sim straight sync', 'platforms': [], 'codes': [], 'hw_module': 'unknown', 'tech_keywords': [], 'token_count': 5}",[TITLE] contacts deleted error_turn keep returning [STEPS] contacts delete duplicates from hide merge sim [DESC] copy remove sim straight sync [SEQ_LEN] 2,unknown,0,0,2
MTK-3598,"All contacts gone, new phone",Signed into the wrong Google account.,switch account → turn on sync → wait,"{'text': 'all contacts gone new phone tech_phone', 'platforms': [], 'codes': [], 'hw_module': 'unknown', 'tech_keywords': ['tech_phone']}","{'text': 'account on switch sync turn wait', 'procedures': [], 'sequence_length': 2}","{'text': 'account google sign wrong', 'platforms': [], 'codes': [], 'hw_module': 'unknown', 'tech_keywords': [], 'token_count': 4}",[TITLE] all contacts gone new phone tech_phone [STEPS] account on switch sync turn wait [DESC] account google sign wrong [SEQ_LEN] 2,unknown,0,0,2
MTK-3599,Half the contacts missing,The old phone synced partially on hotel wifi.,turn on sync → connect wifi → wait overnight,"{'text': 'contacts half missing the', 'platforms': [], 'codes': [], 'hw_module': 'unknown', 'tech_keywords': []}","{'text': 'connect on overnight sync turn wait wifi', 'procedures': [], 'sequence_length': 2}","{'text': 'hotel old partially phone sync tech_phone tech_wifi wifi', 'platforms': [], 'codes': [], 'hw_module': 'unknown', 'tech_keywords': ['tech_wifi', 'tech_phone'], 'token_count': 8}",[TITLE] contacts half missing the [STEPS] connect on overnight sync turn wait wifi [DESC] hotel old partially phone sync tech_phone tech_wifi wifi [SEQ_LEN] 2,unknown,0,0,2
MTK-3600,Work contacts vanished Friday,The work profile got removed remotely after exit.,contact it → export personal first → switch account,"{'text': 'contacts friday vanished work', 'platforms': [], 'codes': [], 'hw_module': 'unknown', 'tech_keywords': []}","{'text': 'account contact export first it personal switch', 'procedures': [], 'sequence_length': 2}","{'text': 'exit get profile remotely remove work', 'platforms': [], 'codes': [], 'hw_module': 'unknown', 'tech_keywords': [], 'token_count': 6}",[TITLE] contacts friday vanished work [STEPS] account contact export first it personal switch [DESC] exit get profile remotely remove work [SEQ_LEN] 2,unknown,0,0,2
MTK-3601,Gmail stopped last Tuesday,Sync got toggled off while saving data.,turn on sync → open gmail → pull to refresh,"{'text': 'gmail last stopped tuesday', 'platforms': [], 'codes': [], 'hw_module': 'unknown', 'tech_keywords': []}","{'text': 'gmail on open pull refresh sync to turn', 'procedures': [], 'sequence_length': 2}","{'text': 'datum get save sync toggle', 'platforms': [], 'codes': [], 'hw_module': 'unknown', 'tech_keywords': [], 'token_count': 5}",[TITLE] gmail last stopped tuesday [STEPS] gmail on open pull refresh sync to turn [DESC] datum get save sync toggle [SEQ_LEN] 2,unknown,0,0,2
MTK-3602,Calendar empty on phone only,The web has everything but sync is off for the account.,turn on sync → pick calendars → wait,"{'text': 'calendar empty on only phone tech_phone', 'platforms': [], 'codes': [], 'hw_module': 'unknown', 'tech_keywords': ['tech_phone']}","{'text': 'calendars on pick sync turn wait', 'procedures': [], 'sequence_length': 2}","{'text': 'account sync web', 'platforms': [], 'codes': [], 'hw_module': 'unknown', 'tech_keywords': [], 'token_count': 3}",[TITLE] calendar empty on only phone tech_phone [STEPS] calendars on pick sync turn wait [DESC] account sync web [SEQ_LEN] 2,unknown,0,0,2
MTK-3603,Offline files months outdated,Offline copies went stale with sync paused.,turn on sync → mark offline → connect wifi,"{'text': 'files months offline outdated', 'platforms': [], 'codes': [], 'hw_module': 'unknown', 'tech_keywords': []}","{'text': 'connect mark offline on sync turn wifi', 'procedures': [], 'sequence_length': 2}","{'text': 'copy go offline pause stale sync', 'platforms': [], 'codes': [], 'hw_module': 'unknown', 'tech_keywords': [], 'token_count': 6}",[TITLE] files months offline outdated [STEPS] connect mark offline on sync turn wifi [DESC] copy go offline pause stale sync [SEQ_LEN] 2,unknown,0,0,2
MTK-3604,Ten unknown calls a day,Robocalls flood in since the number leaked.,enable spam filter → block numbers → report spam,"{'text': 'calls day ten unknown', 'platforms': [], 'codes': [], 'hw_module': 'unknown', 'tech_keywords': []}","{'text': 'block enable filter numbers report spam', 'procedures': [], 'sequence_length': 2}","{'text': 'flood leak number robocalls', 'platforms': [], 'codes': [], 'hw_module': 'unknown', 'tech_keywords': [], 'token_count': 4}",[TITLE] calls day ten unknown [STEPS] block enable filter numbers report spam [DESC] flood leak number robocalls [SEQ_LEN] 2,unknown,0,0,2
MTK-3605,Silent calls at midnight,Empty-line calls in the middle of the night.,enable dnd schedule → block numbers → report spam,"{'text': 'at calls midnight silent', 'platforms': [], 'codes': [], 'hw_module': 'unknown', 'tech_keywords': []}","{'text': 'block dnd enable numbers report schedule spam', 'procedures': [], 'sequence_length': 2}","{'text': 'call line middle night', 'platforms': [], 'codes': [], 'hw_module': 'unknown', 'tech_keywords': [], 'token_count': 4}",[TITLE] at calls midnight silent [STEPS] block dnd enable numbers report schedule spam [DESC] call line middle night [SEQ_LEN] 2,unknown,0,0,2
MTK-3606,Own number calling itself,"A spoofed call from my own number, classic scam.",never answer → block number → report spam,"{'text': 'calling itself number own', 'platforms': [], 'codes': [], 'hw_module': 'unknown', 'tech_keywords': []}","{'text': 'answer block never number report spam', 'procedures': [], 'sequence_length': 2}","{'text': 'classic number scam spoof', 'platforms': [], 'codes': [], 'hw_module': 'unknown', 'tech_keywords': [], 'token_count': 4}",[TITLE] calling itself number own [STEPS] answer block never number report spam [DESC] classic number scam spoof [SEQ_LEN] 2,unknown,0,0,2
MTK-3607,Parcel held text with a link,A fake courier link asking for card details.,delete message → never tap → report spam,"{'text': 'held link parcel text with', 'platforms': [], 'codes': [], 'hw_module': 'unknown', 'tech_keywords': []}","{'text': 'delete message never report spam tap', 'procedures': [], 'sequence_length': 2}","{'text': 'ask card courier detail fake link', 'platforms': [], 'codes': [], 'hw_module': 'unknown', 'tech_keywords': [], 'token_count': 6}",[TITLE] held link parcel text with [STEPS] delete message never report spam tap [DESC] ask card courier detail fake link [SEQ_LEN] 2,unknown,0,0,2
MTK-3608,Bank warning text at 2am,A fake fraud alert harvesting logins.,call bank directly → delete message → report spam,"{'text': '2am at bank text warning', 'platforms': [], 'codes': [], 'hw_module': 'unknown', 'tech_keywords': []}","{'text': 'bank call delete directly message report spam', 'procedures': [], 'sequence_length': 2}","{'text': 'alert fake fraud harvesting login', 'platforms': [], 'codes': [], 'hw_module': 'unknown', 'tech_keywords': [], 'token_count': 5}",[TITLE] 2am at bank text warning [STEPS] bank call delete directly message report spam [DESC] alert fake fraud harvesting login [SEQ_LEN] 2,unknown,0,0,2
MTK-3609,Prize winner SMS out of nowhere,Won a lottery never entered.,delete message → block number → report spam,"{'text': 'nowhere of out prize sms winner', 'platforms': [], 'codes': [], 'hw_module': 'unknown', 'tech_keywords': []}","{'text': 'block delete message number report spam', 'procedures': [], 'sequence_length': 2}","{'text': 'enter lottery won', 'platforms': [], 'codes': [], 'hw_module': 'unknown', 'tech_keywords': [], 'token_count': 3}",[TITLE] nowhere of out prize sms winner [STEPS] block delete message number report spam [DESC] enter lottery won [SEQ_LEN] 2,unknown,0,0,2
MTK-3610,Codes go to the dead number,New SIM in yet codes still route to the old one.,update number everywhere → use backup codes → keep old sim a week,"{'text': 'codes dead go number the to', 'platforms': [], 'codes': [], 'hw_module': 'unknown', 'tech_keywords': []}","{'text': 'backup codes everywhere keep number old sim update use week', 'procedures': [], 'sequence_length': 2}","{'text': 'code new old route sim', 'platforms': [], 'codes': [], 'hw_module': 'unknown', 'tech_keywords': [], 'token_count': 5}",[TITLE] codes dead go number the to [STEPS] backup codes everywhere keep number old sim update use week [DESC] code new old route sim [SEQ_LEN] 2,unknown,0,0,2
MTK-3611,Locked out of email abroad,The only verification is SMS to the home SIM.,buy esim data → update number → use backup codes,"{'text': 'abroad email locked of out', 'platforms': [], 'codes': [], 'hw_module': 'unknown', 'tech_keywords': []}","{'text': 'backup buy codes data esim number update use', 'procedures': [], 'sequence_length': 2}","{'text': 'home sim sms verification', 'platforms': [], 'codes': [], 'hw_module': 'unknown', 'tech_keywords': [], 'token_count': 4}",[TITLE] abroad email locked of out [STEPS] backup buy codes data esim number update use [DESC] home sim sms verification [SEQ_LEN] 2,unknown,0,0,2
MTK-3612,Authenticator lost with old phone,Traded in without transferring the app.,use backup codes → re-enroll → print codes,"{'text': 'authenticator lost old phone tech_phone with', 'platforms': [], 'codes': [], 'hw_module': 'unknown', 'tech_keywords': ['tech_phone']}","{'text': 'backup codes print re-enroll use', 'procedures': [], 'sequence_length': 3}","{'text': 'app trade transfer', 'platforms': [], 'codes': [], 'hw_module': 'unknown', 'tech_keywords': [], 'token_count': 3}",[TITLE] authenticator lost old phone tech_phone with [STEPS] backup codes print re-enroll use [DESC] app trade transfer [SEQ_LEN] 3,unknown,0,0,3
MTK-3613,New password rejected for a day,Fresh password fails on one device for 24 hours.,wait 24h → re-login → save in manager,"{'text': 'day for new password rejected', 'platforms': [], 'codes': [], 'hw_module': 'unknown', 'tech_keywords': []}","{'text': '24h in manager re-login save wait', 'procedures': [], 'sequence_length': 3}","{'text': 'device fail fresh hour module_device password', 'platforms': [], 'codes': [], 'hw_module': 'device', 'tech_keywords': [], 'token_count': 6}",[TITLE] day for new password rejected [STEPS] 24h in manager re-login save wait [DESC] device fail fresh hour module_device password [SEQ_LEN] 3,unknown,0,0,3
MTK-3614,Recovery email dead too,Recovery points to a long-closed account.,add current recovery → re-login → save in manager,"{'text': 'dead email recovery too', 'platforms': [], 'codes': [], 'hw_module': 'unknown', 'tech_keywords': []}","{'text': 'add current in manager re-login recovery save', 'procedures': [], 'sequence_length': 3}","{'text': 'account closed long point recovery', 'platforms': [], 'codes': [], 'hw_module': 'unknown', 'tech_keywords': [], 'token_count': 5}",[TITLE] dead email recovery too [STEPS] add current in manager re-login recovery save [DESC] account closed long point recovery [SEQ_LEN] 3,unknown,0,0,3
MTK-3615,Scared to sell the old phone,Worried the buyer gets locked out.,remove account first → factory reset → verify setup screen,"{'text': 'old phone scared sell tech_phone the to', 'platforms': [], 'codes': [], 'hw_module': 'unknown', 'tech_keywords': ['tech_phone']}","{'text': 'account factory first remove reset screen setup verify', 'procedures': [], 'sequence_length': 2}","{'text': 'buyer get lock worry', 'platforms': [], 'codes': [], 'hw_module': 'unknown', 'tech_keywords': [], 'token_count': 4}",[TITLE] old phone scared sell tech_phone the to [STEPS] account factory first remove reset screen setup verify [DESC] buyer get lock worry [SEQ_LEN] 2,unknown,0,0,2
MTK-3616,PIN gone after months of prints,Muscle memory for the PIN is erased.,try usual ones → unlock with fingerprint → reset pin,"{'text': 'after gone months of pin prints', 'platforms': [], 'codes': [], 'hw_module': 'unknown', 'tech_keywords': []}","{'text': 'fingerprint ones pin reset try unlock usual with', 'procedures': [], 'sequence_length': 2}","{'text': 'erase memory muscle pin', 'platforms': [], 'codes': [], 'hw_module': 'unknown', 'tech_keywords': [], 'token_count': 4}",[TITLE] after gone months of pin prints [STEPS] fingerprint ones pin reset try unlock usual with [DESC] erase memory muscle pin [SEQ_LEN] 2,unknown,0,0,2
MTK-3617,Kid changed the PIN,A niece set a new code and forgot it instantly.,ask nicely → factory reset if stuck → turn on backup,"{'text': 'changed kid pin the', 'platforms': [], 'codes': [], 'hw_module': 'unknown', 'tech_keywords': []}","{'text': 'ask backup factory if nicely on reset stuck turn', 'procedures': [], 'sequence_length': 2}","{'text': 'code forget instantly new niece set', 'platforms': [], 'codes': [], 'hw_module': 'unknown', 'tech_keywords': [], 'token_count': 6}",[TITLE] changed kid pin the [STEPS] ask backup factory if nicely on reset stuck turn [DESC] code forget instantly new niece set [SEQ_LEN] 2,unknown,0,0,2
MTK-3618,PIN pad shuffles digits,The randomized pad confuses every entry.,turn off scramble → enter slowly → reset pin,"{'text': 'digits pad pin shuffles', 'platforms': [], 'codes': [], 'hw_module': 'unknown', 'tech_keywords': []}","{'text': 'enter off pin reset scramble slowly turn', 'procedures': [], 'sequence_length': 2}","{'text': 'confuse entry pad randomized', 'platforms': [], 'codes': [], 'hw_module': 'unknown', 'tech_keywords': [], 'token_count': 4}",[TITLE] digits pad pin shuffles [STEPS] enter off pin reset scramble slowly turn [DESC] confuse entry pad randomized [SEQ_LEN] 2,unknown,0,0,2
MTK-3619,Sunglasses defeat the unlock,Shades on and face unlock fails.,lift glasses → add appearance → use fingerprint,"{'text': 'defeat sunglasses the unlock', 'platforms': [], 'codes': [], 'hw_module': 'unknown', 'tech_keywords': []}","{'text': 'add appearance fingerprint glasses lift use', 'procedures': [], 'sequence_length': 2}","{'text': 'face fail shade unlock', 'platforms': [], 'codes': [], 'hw_module': 'unknown', 'tech_keywords': [], 'token_count': 4}",[TITLE] defeat sunglasses the unlock [STEPS] add appearance fingerprint glasses lift use [DESC] face fail shade unlock [SEQ_LEN] 2,unknown,0,0,2
MTK-3620,Mask breaks it every day,Mask plus hat never passes.,pull mask → add appearance → use fingerprint,"{'text': 'breaks day every it mask', 'platforms': [], 'codes': [], 'hw_module': 'unknown', 'tech_keywords': []}","{'text': 'add appearance fingerprint mask pull use', 'procedures': [], 'sequence_length': 2}","{'text': 'hat mask pass plus', 'platforms': [], 'codes': [], 'hw_module': 'unknown', 'tech_keywords': [], 'token_count': 4}",[TITLE] breaks day every it mask [STEPS] add appearance fingerprint mask pull use [DESC] hat mask pass plus [SEQ_LEN] 2,unknown,0,0,2
MTK-3621,Morning face unrecognized,Bedhead fails the check at 6am.,retry awake → add appearance → use pin,"{'text': 'face morning unrecognized', 'platforms': [], 'codes': [], 'hw_module': 'unknown', 'tech_keywords': []}","{'text': 'add appearance awake pin retry use', 'procedures': [], 'sequence_length': 2}","{'text': 'bedhead check fail', 'platforms': [], 'codes': [], 'hw_module': 'unknown', 'tech_keywords': [], 'token_count': 3}",[TITLE] face morning unrecognized [STEPS] add appearance awake pin retry use [DESC] bedhead check fail [SEQ_LEN] 2,unknown,0,0,2
MTK-3622,Rain kills the fingerprint,Drizzle equals no unlock at all.,dry finger → wipe sensor → use pin meanwhile,"{'text': 'fingerprint kills rain the', 'platforms': [], 'codes': [], 'hw_module': 'unknown', 'tech_keywords': []}","{'text': 'dry finger meanwhile pin sensor use wipe', 'procedures': [], 'sequence_length': 2}","{'text': 'drizzle equal unlock', 'platforms': [], 'codes': [], 'hw_module': 'unknown', 'tech_keywords': [], 'token_count': 3}",[TITLE] fingerprint kills rain the [STEPS] dry finger meanwhile pin sensor use wipe [DESC] drizzle equal unlock [SEQ_LEN] 2,unknown,0,0,2
MTK-3623,Gym sweat blocks the sensor,Post-workout prints unreadable.,dry finger → wipe sensor → re-enroll dry,"{'text': 'blocks gym sensor sweat the', 'platforms': [], 'codes': [], 'hw_module': 'unknown', 'tech_keywords': []}","{'text': 'dry finger re-enroll sensor wipe', 'procedures': [], 'sequence_length': 3}","{'text': 'post print unreadable workout', 'platforms': [], 'codes': [], 'hw_module': 'unknown', 'tech_keywords': [], 'token_count': 4}",[TITLE] blocks gym sensor sweat the [STEPS] dry finger re-enroll sensor wipe [DESC] post print unreadable workout [SEQ_LEN] 3,unknown,0,0,3
MTK-3624,Dishwater hands always fail,Pruney fingers never match.,dry hands → use pin → re-enroll later,"{'text': 'always dishwater fail hands', 'platforms': [], 'codes': [], 'hw_module': 'unknown', 'tech_keywords': []}","{'text': 'dry hands later pin re-enroll use', 'procedures': [], 'sequence_length': 3}","{'text': 'finger match pruney', 'platforms': [], 'codes': [], 'hw_module': 'unknown', 'tech_keywords': [], 'token_count': 3}",[TITLE] always dishwater fail hands [STEPS] dry hands later pin re-enroll use [DESC] finger match pruney [SEQ_LEN] 3,unknown,0,0,3
MTK-3625,Thick glass breaks unlock,A heavy protector attenuates the sensor.,recalibrate → re-enroll → use thinner film,"{'text': 'breaks glass thick unlock', 'platforms': [], 'codes': [], 'hw_module': 'unknown', 'tech_keywords': []}","{'text': 'film re-enroll recalibrate thinner use', 'procedures': [], 'sequence_length': 3}","{'text': 'attenuate heavy protector sensor', 'platforms': [], 'codes': [], 'hw_module': 'unknown', 'tech_keywords': [], 'token_count': 4}",[TITLE] breaks glass thick unlock [STEPS] film re-enroll recalibrate thinner use [DESC] attenuate heavy protector sensor [SEQ_LEN] 3,unknown,0,0,3
MTK-3626,Bubble sits over the sensor,An air pocket rests right on the reader.,reapply protector → re-enroll → use pin meanwhile,"{'text': 'bubble over sensor sits the', 'platforms': [], 'codes': [], 'hw_module': 'unknown', 'tech_keywords': []}","{'text': 'meanwhile pin protector re-enroll reapply use', 'procedures': [], 'sequence_length': 3}","{'text': 'air pocket reader rest right', 'platforms': [], 'codes': [], 'hw_module': 'unknown', 'tech_keywords': [], 'token_count': 5}",[TITLE] bubble over sensor sits the [STEPS] meanwhile pin protector re-enroll reapply use [DESC] air pocket reader rest right [SEQ_LEN] 3,unknown,0,0,3
MTK-3627,Privacy film starves sensor,The dark film defeats the optical reader.,cut window → re-enroll → switch film,"{'text': 'film privacy sensor starves', 'platforms': [], 'codes': [], 'hw_module': 'unknown', 'tech_keywords': []}","{'text': 'cut film re-enroll switch window', 'procedures': [], 'sequence_length': 3}","{'text': 'dark defeat film optical reader', 'platforms': [], 'codes': [], 'hw_module': 'unknown', 'tech_keywords': [], 'token_count': 5}",[TITLE] film privacy sensor starves [STEPS] cut film re-enroll switch window [DESC] dark defeat film optical reader [SEQ_LEN] 3,unknown,0,0,3
MTK-3628,Whole phone turned Chinese,A toddler switched the system language.,follow icons to language → pick english → lock settings,"{'text': 'chinese error_turn phone tech_phone turned whole', 'platforms': [], 'codes': [], 'hw_module': 'unknown', 'tech_keywords': ['error_turn', 'tech_phone']}","{'text': 'english follow icons language lock pick settings to', 'procedures': [], 'sequence_length': 2}","{'text': 'language switch system toddler', 'platforms': [], 'codes': [], 'hw_module': 'unknown', 'tech_keywords': [], 'token_count': 4}",[TITLE] chinese error_turn phone tech_phone turned whole [STEPS] english follow icons language lock pick settings to [DESC] language switch system toddler [SEQ_LEN] 2,unknown,0,0,2
MTK-3629,Keyboard suddenly Arabic,RTL layout appeared after a long press.,switch keyboard → remove arabic → restart phone,"{'text': 'arabic keyboard suddenly', 'platforms': [], 'codes': [], 'hw_module': 'unknown', 'tech_keywords': []}","{'text': 'arabic keyboard phone remove restart switch', 'procedures': [], 'sequence_length': 2}","{'text': 'appear layout long press rtl', 'platforms': [], 'codes': [], 'hw_module': 'unknown', 'tech_keywords': [], 'token_count': 5}",[TITLE] arabic keyboard suddenly [STEPS] arabic keyboard phone remove restart switch [DESC] appear layout long press rtl [SEQ_LEN] 2,unknown,0,0,2
MTK-3630,Voice replies in Hindi,The assistant language flipped by itself.,set assistant english → switch keyboard → test again,"{'text': 'hindi in replies voice', 'platforms': [], 'codes': [], 'hw_module': 'unknown', 'tech_keywords': []}","{'text': 'again assistant english keyboard set switch test', 'procedures': [], 'sequence_length': 2}","{'text': 'assistant flip language', 'platforms': [], 'codes': [], 'hw_module': 'unknown', 'tech_keywords': [], 'token_count': 3}",[TITLE] hindi in replies voice [STEPS] again assistant english keyboard set switch test [DESC] assistant flip language [SEQ_LEN] 2,unknown,0,0,2
MTK-3631,Kid beat screen time via clock,A manual clock jump earned three extra hours.,set auto time → lock settings → use family link,"{'text': 'beat clock kid screen time via', 'platforms': [], 'codes': [], 'hw_module': 'unknown', 'tech_keywords': []}","{'text': 'auto family link lock set settings time use', 'procedures': [], 'sequence_length': 2}","{'text': 'clock earn extra hour jump manual', 'platforms': [], 'codes': [], 'hw_module': 'unknown', 'tech_keywords': [], 'token_count': 6}",[TITLE] beat clock kid screen time via [STEPS] auto family link lock set settings time use [DESC] clock earn extra hour jump manual [SEQ_LEN] 2,unknown,0,0,2
MTK-3632,Bedtime dodged via timezone,A timezone hop skipped bedtime.,set auto time → lock settings → use family link,"{'text': 'bedtime dodged timezone via', 'platforms': [], 'codes': [], 'hw_module': 'unknown', 'tech_keywords': []}","{'text': 'auto family link lock set settings time use', 'procedures': [], 'sequence_length': 2}","{'text': 'bedtime hop skip timezone', 'platforms': [], 'codes': [], 'hw_module': 'unknown', 'tech_keywords': [], 'token_count': 4}",[TITLE] bedtime dodged timezone via [STEPS] auto family link lock set settings time use [DESC] bedtime hop skip timezone [SEQ_LEN] 2,unknown,0,0,2
MTK-3633,Reminder skipped by date change,Pushing the date forward skipped the exam reminder.,set auto time → re-add reminder → lock settings,"{'text': 'by change date reminder skipped', 'platforms': [], 'codes': [], 'hw_module': 'unknown', 'tech_keywords': []}","{'text': 'auto lock re-add reminder set settings time', 'procedures': [], 'sequence_length': 3}","{'text': 'date exam forward push reminder skip', 'platforms': [], 'codes': [], 'hw_module': 'unknown', 'tech_keywords': [], 'token_count': 6}",[TITLE] by change date reminder skipped [STEPS] auto lock re-add reminder set settings time [DESC] date exam forward push reminder skip [SEQ_LEN] 3,unknown,0,0,3
MTK-3634,Dragon gems billed 40 euros,One-tap purchase with a saved card.,request refund → require password → remove card,"{'text': '40 billed dragon euros gems', 'platforms': [], 'codes': [], 'hw_module': 'unknown', 'tech_keywords': []}","{'text': 'card password refund remove request require', 'procedures': [], 'sequence_length': 2}","{'text': 'card purchase save tap', 'platforms': [], 'codes': [], 'hw_module': 'unknown', 'tech_keywords': [], 'token_count': 4}",[TITLE] 40 billed dragon euros gems [STEPS] card password refund remove request require [DESC] card purchase save tap [SEQ_LEN] 2,unknown,0,0,2
MTK-3635,Trial renewed silently,The free trial converted without warning.,cancel subscription → request refund → turn off renewals,"{'text': 'renewed silently trial', 'platforms': [], 'codes': [], 'hw_module': 'unknown', 'tech_keywords': []}","{'text': 'cancel off refund renewals request subscription turn', 'procedures': [], 'sequence_length': 2}","{'text': 'convert free trial warn', 'platforms': [], 'codes': [], 'hw_module': 'unknown', 'tech_keywords': [], 'token_count': 4}",[TITLE] renewed silently trial [STEPS] cancel off refund renewals request subscription turn [DESC] convert free trial warn [SEQ_LEN] 2,unknown,0,0,2
MTK-3636,Nine copies of one movie,Laggy taps bought it over and over.,request refund → check library → require password,"{'text': 'copies movie nine of one', 'platforms': [], 'codes': [], 'hw_module': 'unknown', 'tech_keywords': []}","{'text': 'check library password refund request require', 'procedures': [], 'sequence_length': 2}","{'text': 'buy laggy tap', 'platforms': [], 'codes': [], 'hw_module': 'unknown', 'tech_keywords': [], 'token_count': 3}",[TITLE] copies movie nine of one [STEPS] check library password refund request require [DESC] buy laggy tap [SEQ_LEN] 2,unknown,0,0,2
MTK-3637,Clock confusion at 14:30,The 24-hour clock after the update mystifies.,switch 12h → explain once → leave it,"{'text': '14 30 at clock confusion', 'platforms': [], 'codes': [], 'hw_module': 'unknown', 'tech_keywords': []}","{'text': '12h explain it leave once switch', 'procedures': [], 'sequence_length': 2}","{'text': 'clock hour mystifie update', 'platforms': [], 'codes': [], 'hw_module': 'unknown', 'tech_keywords': [], 'token_count': 4}",[TITLE] 14 30 at clock confusion [STEPS] 12h explain it leave once switch [DESC] clock hour mystifie update [SEQ_LEN] 2,unknown,0,0,2
MTK-3638,Dates read backwards,US format after the reset confuses birthdays.,set region → fix format → restart phone,"{'text': 'backwards dates read', 'platforms': [], 'codes': [], 'hw_module': 'unknown', 'tech_keywords': []}","{'text': 'fix format phone region restart set', 'procedures': [], 'sequence_length': 2}","{'text': 'birthday confuse format reset', 'platforms': [], 'codes': [], 'hw_module': 'unknown', 'tech_keywords': [], 'token_count': 4}",[TITLE] backwards dates read [STEPS] fix format phone region restart set [DESC] birthday confuse format reset [SEQ_LEN] 2,unknown,0,0,2
MTK-3639,Fahrenheit shock at 102,"Brief panic at 102 degrees, it means 39C.",set celsius → check widget → breathe,"{'text': '102 at fahrenheit shock', 'platforms': [], 'codes': [], 'hw_module': 'unknown', 'tech_keywords': []}","{'text': 'breathe celsius check set widget', 'procedures': [], 'sequence_length': 2}","{'text': '102 brief degree mean panic', 'platforms': [], 'codes': [], 'hw_module': 'unknown', 'tech_keywords': [], 'token_count': 5}",[TITLE] 102 at fahrenheit shock [STEPS] breathe celsius check set widget [DESC] 102 brief degree mean panic [SEQ_LEN] 2,unknown,0,0,2
MTK-3640,Subtitles on every video,Live captions narrate everything since a volume-key hold.,turn off live captions → disable shortcut → restart phone,"{'text': 'every on subtitles video', 'platforms': [], 'codes': [], 'hw_module': 'unknown', 'tech_keywords': []}","{'text': 'captions disable live off phone restart shortcut turn', 'procedures': [], 'sequence_length': 2}","{'text': 'caption hold key live narrate volume', 'platforms': [], 'codes': [], 'hw_module': 'unknown', 'tech_keywords': [], 'token_count': 6}",[TITLE] every on subtitles video [STEPS] captions disable live off phone restart shortcut turn [DESC] caption hold key live narrate volume [SEQ_LEN] 2,unknown,0,0,2
MTK-3641,Private calls getting captioned,Calls transcribed live on screen.,turn off live captions → check privacy → restart phone,"{'text': 'calls captioned getting private', 'platforms': [], 'codes': [], 'hw_module': 'unknown', 'tech_keywords': []}","{'text': 'captions check live off phone privacy restart turn', 'procedures': [], 'sequence_length': 2}","{'text': 'call live screen transcribe', 'platforms': [], 'codes': [], 'hw_module': 'unknown', 'tech_keywords': [], 'token_count': 4}",[TITLE] calls captioned getting private [STEPS] captions check live off phone privacy restart turn [DESC] call live screen transcribe [SEQ_LEN] 2,unknown,0,0,2
MTK-3642,Caption box will not leave,A floating box stuck mid-screen.,drag to dismiss → turn off live captions → restart phone,"{'text': 'box caption leave not will', 'platforms': [], 'codes': [], 'hw_module': 'unknown', 'tech_keywords': []}","{'text': 'captions dismiss drag live off phone restart to turn', 'procedures': [], 'sequence_length': 2}","{'text': 'box float mid screen stick', 'platforms': [], 'codes': [], 'hw_module': 'unknown', 'tech_keywords': [], 'token_count': 5}",[TITLE] box caption leave not will [STEPS] captions dismiss drag live off phone restart to turn [DESC] box float mid screen stick [SEQ_LEN] 2,unknown,0,0,2
MTK-3643,TV ads wake the assistant,Commercials trigger it every night.,lower sensitivity → retrain voice → mute ads,"{'text': 'ads assistant the tv wake', 'platforms': [], 'codes': [], 'hw_module': 'unknown', 'tech_keywords': []}","{'text': 'ads lower mute retrain sensitivity voice', 'procedures': [], 'sequence_length': 2}","{'text': 'commercials night trigger', 'platforms': [], 'codes': [], 'hw_module': 'unknown', 'tech_keywords': [], 'token_count': 3}",[TITLE] ads assistant the tv wake [STEPS] ads lower mute retrain sensitivity voice [DESC] commercials night trigger [SEQ_LEN] 2,unknown,0,0,2
MTK-3644,Phone answers the radio,The morning show keeps setting timers.,lower sensitivity → turn off hotword → retrain voice,"{'text': 'answers phone radio tech_phone the', 'platforms': [], 'codes': [], 'hw_module': 'unknown', 'tech_keywords': ['tech_phone']}","{'text': 'hotword lower off retrain sensitivity turn voice', 'procedures': [], 'sequence_length': 2}","{'text': 'keep morning set timer', 'platforms': [], 'codes': [], 'hw_module': 'unknown', 'tech_keywords': [], 'token_count': 4}",[TITLE] answers phone radio tech_phone the [STEPS] hotword lower off retrain sensitivity turn voice [DESC] keep morning set timer [SEQ_LEN] 2,unknown,0,0,2
MTK-3645,Two phones answer together,Old and new both reply at once.,retire old → lower sensitivity → rename one,"{'text': 'answer phones tech_phone together two', 'platforms': [], 'codes': [], 'hw_module': 'unknown', 'tech_keywords': ['tech_phone']}","{'text': 'lower old one rename retire sensitivity', 'procedures': [], 'sequence_length': 2}","{'text': 'new old reply', 'platforms': [], 'codes': [], 'hw_module': 'unknown', 'tech_keywords': [], 'token_count': 3}",[TITLE] answer phones tech_phone together two [STEPS] lower old one rename retire sensitivity [DESC] new old reply [SEQ_LEN] 2,unknown,0,0,2
MTK-3646,Driving mode starts on trains,The commute triggers car mode daily.,turn off auto-launch → remove car bluetooth → dismiss,"{'text': 'driving mode on starts trains', 'platforms': [], 'codes': [], 'hw_module': 'unknown', 'tech_keywords': []}","{'text': 'auto-launch bluetooth car dismiss off remove turn', 'procedures': [], 'sequence_length': 3}","{'text': 'car commute daily mode trigger', 'platforms': [], 'codes': [], 'hw_module': 'unknown', 'tech_keywords': [], 'token_count': 5}",[TITLE] driving mode on starts trains [STEPS] auto-launch bluetooth car dismiss off remove turn [DESC] car commute daily mode trigger [SEQ_LEN] 3,unknown,0,0,3
MTK-3647,Passenger calls silenced,Driving mode eats calls as a passenger.,turn off driving mode → allow calls → dismiss,"{'text': 'calls passenger silenced', 'platforms': [], 'codes': [], 'hw_module': 'unknown', 'tech_keywords': []}","{'text': 'allow calls dismiss driving mode off turn', 'procedures': [], 'sequence_length': 2}","{'text': 'call drive eat mode passenger', 'platforms': [], 'codes': [], 'hw_module': 'unknown', 'tech_keywords': [], 'token_count': 5}",[TITLE] calls passenger silenced [STEPS] allow calls dismiss driving mode off turn [DESC] call drive eat mode passenger [SEQ_LEN] 2,unknown,0,0,2
MTK-3648,Car UI hijacks maps,The driving dashboard replaces navigation.,turn off driving mode → open maps → dismiss,"{'text': 'car hijacks maps ui', 'platforms': [], 'codes': [], 'hw_module': 'unknown', 'tech_keywords': []}","{'text': 'dismiss driving maps mode off open turn', 'procedures': [], 'sequence_length': 2}","{'text': 'dashboard drive navigation replace', 'platforms': [], 'codes': [], 'hw_module': 'unknown', 'tech_keywords': [], 'token_count': 4}",[TITLE] car hijacks maps ui [STEPS] dismiss driving maps mode off open turn [DESC] dashboard drive navigation replace [SEQ_LEN] 2,unknown,0,0,2
MTK-3649,Missed the interview call,Facedown phone silenced the big call.,turn off flip-shhh → allow starred → test call,"{'text': 'call interview missed the', 'platforms': [], 'codes': [], 'hw_module': 'unknown', 'tech_keywords': []}","{'text': 'allow call flip-shhh off starred test turn', 'procedures': [], 'sequence_length': 3}","{'text': 'big facedown phone silence tech_phone', 'platforms': [], 'codes': [], 'hw_module': 'unknown', 'tech_keywords': ['tech_phone'], 'token_count': 5}",[TITLE] call interview missed the [STEPS] allow call flip-shhh off starred test turn [DESC] big facedown phone silence tech_phone [SEQ_LEN] 3,unknown,0,0,3
MTK-3650,Silent meetings mystery,Facedown on tables mutes everything.,turn off flip-shhh → use dnd schedule → test call,"{'text': 'meetings mystery silent', 'platforms': [], 'codes': [], 'hw_module': 'unknown', 'tech_keywords': []}","{'text': 'call dnd flip-shhh off schedule test turn use', 'procedures': [], 'sequence_length': 3}","{'text': 'facedown mute table', 'platforms': [], 'codes': [], 'hw_module': 'unknown', 'tech_keywords': [], 'token_count': 3}",[TITLE] meetings mystery silent [STEPS] call dnd flip-shhh off schedule test turn use [DESC] facedown mute table [SEQ_LEN] 3,unknown,0,0,3
MTK-3651,Naps silence everything,A facedown nap eats the afternoon calls.,turn off flip-shhh → allow starred → test call,"{'text': 'everything naps silence', 'platforms': [], 'codes': [], 'hw_module': 'unknown', 'tech_keywords': []}","{'text': 'allow call flip-shhh off starred test turn', 'procedures': [], 'sequence_length': 3}","{'text': 'afternoon call eat facedown nap', 'platforms': [], 'codes': [], 'hw_module': 'unknown', 'tech_keywords': [], 'token_count': 5}",[TITLE] everything naps silence [STEPS] allow call flip-shhh off starred test turn [DESC] afternoon call eat facedown nap [SEQ_LEN] 3,unknown,0,0,3
MTK-3652,Song radar blamed for drain,Now Playing suspected for battery use.,turn off now playing → check battery → keep it off,"{'text': 'blamed drain for radar song', 'platforms': [], 'codes': [], 'hw_module': 'unknown', 'tech_keywords': []}","{'text': 'battery check it keep now off playing turn', 'procedures': [], 'sequence_length': 2}","{'text': 'battery play suspect use', 'platforms': [], 'codes': [], 'hw_module': 'unknown', 'tech_keywords': [], 'token_count': 4}",[TITLE] blamed drain for radar song [STEPS] battery check it keep now off playing turn [DESC] battery play suspect use [SEQ_LEN] 2,unknown,0,0,2
MTK-3653,Lock screen names every song,A history of cafe songs nobody wants.,turn off now playing → clear history → restart phone,"{'text': 'every lock names screen song', 'platforms': [], 'codes': [], 'hw_module': 'unknown', 'tech_keywords': []}","{'text': 'clear history now off phone playing restart turn', 'procedures': [], 'sequence_length': 2}","{'text': 'cafe history song want', 'platforms': [], 'codes': [], 'hw_module': 'unknown', 'tech_keywords': [], 'token_count': 4}",[TITLE] every lock names screen song [STEPS] clear history now off phone playing restart turn [DESC] cafe history song want [SEQ_LEN] 2,unknown,0,0,2
MTK-3654,Two apps identify at once,Shazam and built-in clash.,pick one → turn off now playing → uninstall other,"{'text': 'apps at identify once two', 'platforms': [], 'codes': [], 'hw_module': 'unknown', 'tech_keywords': []}","{'text': 'now off one other pick playing turn uninstall', 'procedures': [], 'sequence_length': 2}","{'text': 'build clash shazam', 'platforms': [], 'codes': [], 'hw_module': 'unknown', 'tech_keywords': [], 'token_count': 3}",[TITLE] apps at identify once two [STEPS] now off one other pick playing turn uninstall [DESC] build clash shazam [SEQ_LEN] 2,unknown,0,0,2
MTK-3655,Weather shows the old town,Moved cities but the widget never followed.,refresh widget → fix location → re-add widget,"{'text': 'old shows the town weather', 'platforms': [], 'codes': [], 'hw_module': 'unknown', 'tech_keywords': []}","{'text': 'fix location re-add refresh widget', 'procedures': [], 'sequence_length': 3}","{'text': 'city follow move widget', 'platforms': [], 'codes': [], 'hw_module': 'unknown', 'tech_keywords': [], 'token_count': 4}",[TITLE] old shows the town weather [STEPS] fix location re-add refresh widget [DESC] city follow move widget [SEQ_LEN] 3,unknown,0,0,3
MTK-3656,Widget stuck on yesterday,Frozen sunny icon through a real storm.,refresh widget → allow background → re-add widget,"{'text': 'on stuck widget yesterday', 'platforms': [], 'codes': [], 'hw_module': 'unknown', 'tech_keywords': []}","{'text': 'allow background re-add refresh widget', 'procedures': [], 'sequence_length': 3}","{'text': 'frozen icon real storm sunny', 'platforms': [], 'codes': [], 'hw_module': 'unknown', 'tech_keywords': [], 'token_count': 5}",[TITLE] on stuck widget yesterday [STEPS] allow background re-add refresh widget [DESC] frozen icon real storm sunny [SEQ_LEN] 3,unknown,0,0,3
MTK-3657,Two cities flip randomly,Home and work alternate for no reason.,set home city → turn off auto → re-add widget,"{'text': 'cities flip randomly two', 'platforms': [], 'codes': [], 'hw_module': 'unknown', 'tech_keywords': []}","{'text': 'auto city home off re-add set turn widget', 'procedures': [], 'sequence_length': 3}","{'text': 'alternate home reason work', 'platforms': [], 'codes': [], 'hw_module': 'unknown', 'tech_keywords': [], 'token_count': 4}",[TITLE] cities flip randomly two [STEPS] auto city home off re-add set turn widget [DESC] alternate home reason work [SEQ_LEN] 3,unknown,0,0,3
MTK-3658,Maps dot covers blocks,Location off so the dot spans streets.,turn on location → set high accuracy → step outside,"{'text': 'blocks covers dot maps', 'platforms': [], 'codes': [], 'hw_module': 'unknown', 'tech_keywords': []}","{'text': 'accuracy high location on outside set step turn', 'procedures': [], 'sequence_length': 2}","{'text': 'dot location span street', 'platforms': [], 'codes': [], 'hw_module': 'unknown', 'tech_keywords': [], 'token_count': 4}",[TITLE] blocks covers dot maps [STEPS] accuracy high location on outside set step turn [DESC] dot location span street [SEQ_LEN] 2,unknown,0,0,2
MTK-3659,Weather app totally blank,No location means no forecast.,turn on location → allow app → refresh widget,"{'text': 'app blank totally weather', 'platforms': [], 'codes': [], 'hw_module': 'unknown', 'tech_keywords': []}","{'text': 'allow app location on refresh turn widget', 'procedures': [], 'sequence_length': 2}","{'text': 'forecast location mean', 'platforms': [], 'codes': [], 'hw_module': 'unknown', 'tech_keywords': [], 'token_count': 3}",[TITLE] app blank totally weather [STEPS] allow app location on refresh turn widget [DESC] forecast location mean [SEQ_LEN] 2,unknown,0,0,2
MTK-3660,Ride app cannot find me,The pickup pin lands streets away.,turn on location → allow app → move outside,"{'text': 'app cannot find me ride', 'platforms': [], 'codes': [], 'hw_module': 'unknown', 'tech_keywords': []}","{'text': 'allow app location move on outside turn', 'procedures': [], 'sequence_length': 2}","{'text': 'away land pickup pin street', 'platforms': [], 'codes': [], 'hw_module': 'unknown', 'tech_keywords': [], 'token_count': 5}",[TITLE] app cannot find me ride [STEPS] allow app location move on outside turn [DESC] away land pickup pin street [SEQ_LEN] 2,unknown,0,0,2
MTK-3661,Compass points backwards,Needs the figure-eight wave.,wave figure-8 → move from metal → retry,"{'text': 'backwards compass points', 'platforms': [], 'codes': [], 'hw_module': 'unknown', 'tech_keywords': []}","{'text': 'figure-8 from metal move retry wave', 'procedures': [], 'sequence_length': 3}","{'text': 'figure need wave', 'platforms': [], 'codes': [], 'hw_module': 'unknown', 'tech_keywords': [], 'token_count': 3}",[TITLE] backwards compass points [STEPS] figure-8 from metal move retry wave [DESC] figure need wave [SEQ_LEN] 3,unknown,0,0,3
MTK-3662,North drifts standing still,The arrow wanders without moving.,wave figure-8 → calibrate → retry,"{'text': 'drifts north standing still', 'platforms': [], 'codes': [], 'hw_module': 'unknown', 'tech_keywords': []}","{'text': 'calibrate figure-8 retry wave', 'procedures': [], 'sequence_length': 3}","{'text': 'arrow move wander', 'platforms': [], 'codes': [], 'hw_module': 'unknown', 'tech_keywords': [], 'token_count': 3}",[TITLE] drifts north standing still [STEPS] calibrate figure-8 retry wave [DESC] arrow move wander [SEQ_LEN] 3,unknown,0,0,3
MTK-3663,Trail arrow spins at junctions,The hiking arrow rotates where paths meet.,wave figure-8 → open sky → retry,"{'text': 'arrow at junctions spins trail', 'platforms': [], 'codes': [], 'hw_module': 'unknown', 'tech_keywords': []}","{'text': 'figure-8 open retry sky wave', 'procedures': [], 'sequence_length': 3}","{'text': 'arrow hiking meet path rotate', 'platforms': [], 'codes': [], 'hw_module': 'unknown', 'tech_keywords': [], 'token_count': 5}",[TITLE] arrow at junctions spins trail [STEPS] figure-8 open retry sky wave [DESC] arrow hiking meet path rotate [SEQ_LEN] 3,unknown,0,0,3
MTK-3664,Saved map expired mid-trip,A year-old download vanished abroad.,download fresh → enable auto-update → use wifi,"{'text': 'expired map saved', 'platforms': [], 'codes': [], 'hw_module': 'unknown', 'tech_keywords': []}","{'text': 'auto-update download enable fresh use wifi', 'procedures': [], 'sequence_length': 3}","{'text': 'abroad download old vanish year', 'platforms': [], 'codes': [], 'hw_module': 'unknown', 'tech_keywords': [], 'token_count': 5}",[TITLE] expired map saved [STEPS] auto-update download enable fresh use wifi [DESC] abroad download old vanish year [SEQ_LEN] 3,unknown,0,0,3
MTK-3665,No maps in the tunnel,Signal dies underground with nothing saved.,download area → enable auto-update → retry offline,"{'text': 'in maps no the tunnel', 'platforms': [], 'codes': [], 'hw_module': 'unknown', 'tech_keywords': []}","{'text': 'area auto-update download enable offline retry', 'procedures': [], 'sequence_length': 3}","{'text': 'die save signal underground', 'platforms': [], 'codes': [], 'hw_module': 'unknown', 'tech_keywords': [], 'token_count': 4}",[TITLE] in maps no the tunnel [STEPS] area auto-update download enable offline retry [DESC] die save signal underground [SEQ_LEN] 3,unknown,0,0,3
MTK-3666,Huge download stuck pending,A giant region waits forever for wifi.,connect wifi → shrink area → retry,"{'text': 'download huge pending stuck', 'platforms': [], 'codes': [], 'hw_module': 'unknown', 'tech_keywords': []}","{'text': 'area connect retry shrink wifi', 'procedures': [], 'sequence_length': 2}","{'text': 'forever giant region tech_wifi wait wifi', 'platforms': [], 'codes': [], 'hw_module': 'unknown', 'tech_keywords': ['tech_wifi'], 'token_count': 6}",[TITLE] download huge pending stuck [STEPS] area connect retry shrink wifi [DESC] forever giant region tech_wifi wait wifi [SEQ_LEN] 2,unknown,0,0,2
MTK-3667,Pinned the wrong floor,Garage pin dropped a level off.,add photo of pillar → set reminder → walk the floor,"{'text': 'floor pinned the wrong', 'platforms': [], 'codes': [], 'hw_module': 'unknown', 'tech_keywords': []}","{'text': 'add floor of photo pillar reminder set the walk', 'procedures': [], 'sequence_length': 2}","{'text': 'drop garage level pin', 'platforms': [], 'codes': [], 'hw_module': 'unknown', 'tech_keywords': [], 'token_count': 4}",[TITLE] floor pinned the wrong [STEPS] add floor of photo pillar reminder set the walk [DESC] drop garage level pin [SEQ_LEN] 2,unknown,0,0,2
MTK-3668,Pin drifted 200 meters,GPS wobble misplaced it badly.,drop pin outside → add photo → set reminder,"{'text': '200 drifted meters pin', 'platforms': [], 'codes': [], 'hw_module': 'unknown', 'tech_keywords': []}","{'text': 'add drop outside photo pin reminder set', 'procedures': [], 'sequence_length': 2}","{'text': 'badly gps misplace wobble', 'platforms': [], 'codes': [], 'hw_module': 'unknown', 'tech_keywords': [], 'token_count': 4}",[TITLE] 200 drifted meters pin [STEPS] add drop outside photo pin reminder set [DESC] badly gps misplace wobble [SEQ_LEN] 2,unknown,0,0,2
MTK-3669,Forgot to save anything,"No pin, no photo, car lost.",retrace steps → check timeline → photograph pillar next time,"{'text': 'anything forgot save to', 'platforms': [], 'codes': [], 'hw_module': 'unknown', 'tech_keywords': []}","{'text': 'check next photograph pillar retrace steps time timeline', 'procedures': [], 'sequence_length': 2}","{'text': 'car lose photo pin', 'platforms': [], 'codes': [], 'hw_module': 'unknown', 'tech_keywords': [], 'token_count': 4}",[TITLE] anything forgot save to [STEPS] check next photograph pillar retrace steps time timeline [DESC] car lose photo pin [SEQ_LEN] 2,unknown,0,0,2
MTK-3670,Gate rejects the phone,The wrong card is set default in the wallet.,set default card → turn on nfc → retry gate,"{'text': 'gate phone rejects tech_phone the', 'platforms': [], 'codes': [], 'hw_module': 'unknown', 'tech_keywords': ['tech_phone']}","{'text': 'card default gate nfc on retry set turn', 'procedures': [], 'sequence_length': 2}","{'text': 'card default set wallet wrong', 'platforms': [], 'codes': [], 'hw_module': 'unknown', 'tech_keywords': [], 'token_count': 5}",[TITLE] gate phone rejects tech_phone the [STEPS] card default gate nfc on retry set turn [DESC] card default set wallet wrong [SEQ_LEN] 2,unknown,0,0,2
MTK-3671,Top-up card declined,Balance top-up keeps failing.,update payment → retry top-up → use station machine,"{'text': 'card declined', 'platforms': [], 'codes': [], 'hw_module': 'unknown', 'tech_keywords': []}","{'text': 'machine payment retry station top-up update use', 'procedures': [], 'sequence_length': 3}","{'text': 'balance fail keep', 'platforms': [], 'codes': [], 'hw_module': 'unknown', 'tech_keywords': [], 'token_count': 3}",[TITLE] card declined [STEPS] machine payment retry station top-up update use [DESC] balance fail keep [SEQ_LEN] 3,unknown,0,0,3
MTK-3672,Bus reader stays silent,NFC switched off by battery saver.,turn on nfc → set default card → retry gate,"{'text': 'bus reader silent stays', 'platforms': [], 'codes': [], 'hw_module': 'unknown', 'tech_keywords': []}","{'text': 'card default gate nfc on retry set turn', 'procedures': [], 'sequence_length': 2}","{'text': 'battery nfc saver switch', 'platforms': [], 'codes': [], 'hw_module': 'unknown', 'tech_keywords': [], 'token_count': 4}",[TITLE] bus reader silent stays [STEPS] card default gate nfc on retry set turn [DESC] battery nfc saver switch [SEQ_LEN] 2,unknown,0,0,2
MTK-3673,Scanner cannot read dim code,Brightness too low at the gate.,raise brightness → turn off dark mode → print backup,"{'text': 'cannot code dim read scanner', 'platforms': [], 'codes': [], 'hw_module': 'unknown', 'tech_keywords': []}","{'text': 'backup brightness dark mode off print raise turn', 'procedures': [], 'sequence_length': 2}","{'text': 'brightness gate low', 'platforms': [], 'codes': [], 'hw_module': 'unknown', 'tech_keywords': [], 'token_count': 3}",[TITLE] cannot code dim read scanner [STEPS] backup brightness dark mode off print raise turn [DESC] brightness gate low [SEQ_LEN] 2,unknown,0,0,2
MTK-3674,Screenshot refused at security,Only the live pass is accepted.,open airline app → refresh pass → no screenshots allowed,"{'text': 'at refused screenshot security', 'platforms': [], 'codes': [], 'hw_module': 'unknown', 'tech_keywords': []}","{'text': 'airline allowed app no open pass refresh screenshots', 'procedures': [], 'sequence_length': 2}","{'text': 'accept live pass', 'platforms': [], 'codes': [], 'hw_module': 'unknown', 'tech_keywords': [], 'token_count': 3}",[TITLE] at refused screenshot security [STEPS] airline allowed app no open pass refresh screenshots [DESC] accept live pass [SEQ_LEN] 2,unknown,0,0,2
MTK-3675,Phone died in the queue,Two percent left at boarding.,charge at gate → lower brightness → print backup,"{'text': 'died in phone queue tech_phone the', 'platforms': [], 'codes': [], 'hw_module': 'unknown', 'tech_keywords': ['tech_phone']}","{'text': 'at backup brightness charge gate lower print', 'procedures': [], 'sequence_length': 2}","{'text': 'boarding leave percent', 'platforms': [], 'codes': [], 'hw_module': 'unknown', 'tech_keywords': [], 'token_count': 3}",[TITLE] died in phone queue tech_phone the [STEPS] at backup brightness charge gate lower print [DESC] boarding leave percent [SEQ_LEN] 2,unknown,0,0,2
MTK-3676,Concert footage unwatchable,Full-zoom arm's-length shake everywhere.,brace elbows → stop zooming → enable eis,"{'text': 'concert footage unwatchable', 'platforms': [], 'codes': [], 'hw_module': 'unknown', 'tech_keywords': []}","{'text': 'brace eis elbows enable stop zooming', 'procedures': [], 'sequence_length': 2}","{'text': 'length shake zoom', 'platforms': [], 'codes': [], 'hw_module': 'unknown', 'tech_keywords': [], 'token_count': 3}",[TITLE] concert footage unwatchable [STEPS] brace eis elbows enable stop zooming [DESC] length shake zoom [SEQ_LEN] 2,unknown,0,0,2
MTK-3677,Match video all wobble,Running the sideline sways it all.,stand still → stop zooming → enable eis,"{'text': 'all match video wobble', 'platforms': [], 'codes': [], 'hw_module': 'unknown', 'tech_keywords': []}","{'text': 'eis enable stand still stop zooming', 'procedures': [], 'sequence_length': 2}","{'text': 'run sideline sway', 'platforms': [], 'codes': [], 'hw_module': 'unknown', 'tech_keywords': [], 'token_count': 3}",[TITLE] all match video wobble [STEPS] eis enable stand still stop zooming [DESC] run sideline sway [SEQ_LEN] 2,unknown,0,0,2
MTK-3678,Night market clips streak,Low light plus motion blur.,brace phone → use night mode → hold still,"{'text': 'clips market night streak', 'platforms': [], 'codes': [], 'hw_module': 'unknown', 'tech_keywords': []}","{'text': 'brace hold mode night phone still use', 'procedures': [], 'sequence_length': 2}","{'text': 'blur light low motion plus', 'platforms': [], 'codes': [], 'hw_module': 'unknown', 'tech_keywords': [], 'token_count': 5}",[TITLE] clips market night streak [STEPS] brace hold mode night phone still use [DESC] blur light low motion plus [SEQ_LEN] 2,unknown,0,0,2
MTK-3679,Selfies look harsh now,The update reset the beauty filter.,re-enable filter → set level → retake,"{'text': 'harsh look now selfies', 'platforms': [], 'codes': [], 'hw_module': 'unknown', 'tech_keywords': []}","{'text': 'filter level re-enable retake set', 'procedures': [], 'sequence_length': 3}","{'text': 'beauty filter reset update', 'platforms': [], 'codes': [], 'hw_module': 'unknown', 'tech_keywords': [], 'token_count': 4}",[TITLE] harsh look now selfies [STEPS] filter level re-enable retake set [DESC] beauty filter reset update [SEQ_LEN] 3,unknown,0,0,3
MTK-3680,Face differs from mirror,Wide lens plus filter off distorts.,step back → re-enable filter → retake,"{'text': 'differs face from mirror', 'platforms': [], 'codes': [], 'hw_module': 'unknown', 'tech_keywords': []}","{'text': 'back filter re-enable retake step', 'procedures': [], 'sequence_length': 3}","{'text': 'distort filter lens plus wide', 'platforms': [], 'codes': [], 'hw_module': 'unknown', 'tech_keywords': [], 'token_count': 5}",[TITLE] differs face from mirror [STEPS] back filter re-enable retake step [DESC] distort filter lens plus wide [SEQ_LEN] 3,unknown,0,0,3
MTK-3681,"Friends airbrushed, I'm not","Their app beautifies, stock camera does not.",re-enable filter → try their app → retake,"{'text': 'airbrushed friends not', 'platforms': [], 'codes': [], 'hw_module': 'unknown', 'tech_keywords': []}","{'text': 'app filter re-enable retake their try', 'procedures': [], 'sequence_length': 3}","{'text': 'app beautifie camera stock', 'platforms': [], 'codes': [], 'hw_module': 'unknown', 'tech_keywords': [], 'token_count': 4}",[TITLE] airbrushed friends not [STEPS] app filter re-enable retake their try [DESC] app beautifie camera stock [SEQ_LEN] 3,unknown,0,0,3
MTK-3682,Can barely hear callers,Earpiece volume slid to minimum.,raise call volume → clean earpiece → test call,"{'text': 'barely callers can hear', 'platforms': [], 'codes': [], 'hw_module': 'unknown', 'tech_keywords': []}","{'text': 'call clean earpiece raise test volume', 'procedures': [], 'sequence_length': 2}","{'text': 'earpiece minimum slide volume', 'platforms': [], 'codes': [], 'hw_module': 'unknown', 'tech_keywords': [], 'token_count': 4}",[TITLE] barely callers can hear [STEPS] call clean earpiece raise test volume [DESC] earpiece minimum slide volume [SEQ_LEN] 2,unknown,0,0,2
MTK-3683,Muffled since the new case,A case flap covers the slot.,reposition case → clean earpiece → test call,"{'text': 'case muffled new since the', 'platforms': [], 'codes': [], 'hw_module': 'unknown', 'tech_keywords': []}","{'text': 'call case clean earpiece reposition test', 'procedures': [], 'sequence_length': 2}","{'text': 'case cover flap slot', 'platforms': [], 'codes': [], 'hw_module': 'unknown', 'tech_keywords': [], 'token_count': 4}",[TITLE] case muffled new since the [STEPS] call case clean earpiece reposition test [DESC] case cover flap slot [SEQ_LEN] 2,unknown,0,0,2
MTK-3684,Deaf on one side unnoticed,One ear hears nothing on calls.,test other ear → raise call volume → enable mono,"{'text': 'deaf on one side unnoticed', 'platforms': [], 'codes': [], 'hw_module': 'unknown', 'tech_keywords': []}","{'text': 'call ear enable mono other raise test volume', 'procedures': [], 'sequence_length': 2}","{'text': 'call ear hear', 'platforms': [], 'codes': [], 'hw_module': 'unknown', 'tech_keywords': [], 'token_count': 3}",[TITLE] deaf on one side unnoticed [STEPS] call ear enable mono other raise test volume [DESC] call ear hear [SEQ_LEN] 2,unknown,0,0,2
MTK-3685,Everyone says I'm distant,A finger sits over the mic hole.,move finger → clean mic hole → test call,"{'text': 'distant everyone says', 'platforms': [], 'codes': [], 'hw_module': 'unknown', 'tech_keywords': []}","{'text': 'call clean finger hole mic move test', 'procedures': [], 'sequence_length': 2}","{'text': 'finger hole mic sit', 'platforms': [], 'codes': [], 'hw_module': 'unknown', 'tech_keywords': [], 'token_count': 4}",[TITLE] distant everyone says [STEPS] call clean finger hole mic move test [DESC] finger hole mic sit [SEQ_LEN] 2,unknown,0,0,2
MTK-3686,Muffled after beach day,Sand packed into the mic mesh.,clean mic hole → blow gently → test call,"{'text': 'after beach day muffled', 'platforms': [], 'codes': [], 'hw_module': 'unknown', 'tech_keywords': []}","{'text': 'blow call clean gently hole mic test', 'procedures': [], 'sequence_length': 2}","{'text': 'mesh mic pack sand', 'platforms': [], 'codes': [], 'hw_module': 'unknown', 'tech_keywords': [], 'token_count': 4}",[TITLE] after beach day muffled [STEPS] blow call clean gently hole mic test [DESC] mesh mic pack sand [SEQ_LEN] 2,unknown,0,0,2
MTK-3687,"Speakerphone fine, normal bad",Bottom mic clogged while the top carries speakerphone.,clean mic hole → test call → run mic test,"{'text': 'bad fine normal speakerphone tech_phone', 'platforms': [], 'codes': [], 'hw_module': 'unknown', 'tech_keywords': ['tech_phone']}","{'text': 'call clean hole mic run test', 'procedures': [], 'sequence_length': 2}","{'text': 'carry clog mic speakerphone tech_phone', 'platforms': [], 'codes': [], 'hw_module': 'unknown', 'tech_keywords': ['tech_phone'], 'token_count': 5}",[TITLE] bad fine normal speakerphone tech_phone [STEPS] call clean hole mic run test [DESC] carry clog mic speakerphone tech_phone [SEQ_LEN] 2,unknown,0,0,2
MTK-3688,Charges only bent a certain way,The cable frayed right at the plug.,try new cable → recycle frayed → check port,"{'text': 'bent certain charges only way', 'platforms': [], 'codes': [], 'hw_module': 'unknown', 'tech_keywords': []}","{'text': 'cable check frayed new port recycle try', 'procedures': [], 'sequence_length': 2}","{'text': 'cable fray plug right', 'platforms': [], 'codes': [], 'hw_module': 'unknown', 'tech_keywords': [], 'token_count': 4}",[TITLE] bent certain charges only way [STEPS] cable check frayed new port recycle try [DESC] cable fray plug right [SEQ_LEN] 2,unknown,0,0,2
MTK-3689,Crackles when wiggled,Loose conductors inside sparking.,stop using it → try new cable → check port,"{'text': 'crackles when wiggled', 'platforms': [], 'codes': [], 'hw_module': 'unknown', 'tech_keywords': []}","{'text': 'cable check it new port stop try using', 'procedures': [], 'sequence_length': 2}","{'text': 'conductor inside loose spark', 'platforms': [], 'codes': [], 'hw_module': 'unknown', 'tech_keywords': [], 'token_count': 4}",[TITLE] crackles when wiggled [STEPS] cable check it new port stop try using [DESC] conductor inside loose spark [SEQ_LEN] 2,unknown,0,0,2
MTK-3690,"One cable slow, others fast",The old cable lacks fast-charge wires.,use rated cable → label cables → recycle old,"{'text': 'cable fast one others slow', 'platforms': [], 'codes': [], 'hw_module': 'unknown', 'tech_keywords': []}","{'text': 'cable cables label old rated recycle use', 'procedures': [], 'sequence_length': 2}","{'text': 'cable charge fast lack old wire', 'platforms': [], 'codes': [], 'hw_module': 'unknown', 'tech_keywords': [], 'token_count': 6}",[TITLE] cable fast one others slow [STEPS] cable cables label old rated recycle use [DESC] cable charge fast lack old wire [SEQ_LEN] 2,unknown,0,0,2
MTK-3691,Plug falls out by itself,Lint packed the port shallow.,clean lint carefully → seat plug → test charge,"{'text': 'by falls itself out plug', 'platforms': [], 'codes': [], 'hw_module': 'unknown', 'tech_keywords': []}","{'text': 'carefully charge clean lint plug seat test', 'procedures': [], 'sequence_length': 2}","{'text': 'lint pack port shallow', 'platforms': [], 'codes': [], 'hw_module': 'unknown', 'tech_keywords': [], 'token_count': 4}",[TITLE] by falls itself out plug [STEPS] carefully charge clean lint plug seat test [DESC] lint pack port shallow [SEQ_LEN] 2,unknown,0,0,2
MTK-3692,Fast charge comes and goes,Lint breaks the data pins now and then.,clean lint carefully → try cable → test charge,"{'text': 'and charge comes fast goes', 'platforms': [], 'codes': [], 'hw_module': 'unknown', 'tech_keywords': []}","{'text': 'cable carefully charge clean lint test try', 'procedures': [], 'sequence_length': 2}","{'text': 'break data lint pin', 'platforms': [], 'codes': [], 'hw_module': 'unknown', 'tech_keywords': [], 'token_count': 4}",[TITLE] and charge comes fast goes [STEPS] cable carefully charge clean lint test try [DESC] break data lint pin [SEQ_LEN] 2,unknown,0,0,2
MTK-3693,New cable still loose,"The port is packed solid, not the cable.",clean lint carefully → inspect port → test charge,"{'text': 'cable loose new still', 'platforms': [], 'codes': [], 'hw_module': 'unknown', 'tech_keywords': []}","{'text': 'carefully charge clean inspect lint port test', 'procedures': [], 'sequence_length': 2}","{'text': 'cable pack port solid', 'platforms': [], 'codes': [], 'hw_module': 'unknown', 'tech_keywords': [], 'token_count': 4}",[TITLE] cable loose new still [STEPS] carefully charge clean inspect lint port test [DESC] cable pack port solid [SEQ_LEN] 2,unknown,0,0,2
MTK-3694,Overnight only reached 60,An ancient 5W brick on a big battery.,use original brick → try 65w charger → charge overnight,"{'text': '60 only overnight reached', 'platforms': [], 'codes': [], 'hw_module': 'unknown', 'tech_keywords': []}","{'text': '65w brick charge charger original overnight try use', 'procedures': [], 'sequence_length': 2}","{'text': 'ancient battery big brick', 'platforms': [], 'codes': [], 'hw_module': 'unknown', 'tech_keywords': [], 'token_count': 4}",[TITLE] 60 only overnight reached [STEPS] 65w brick charge charger original overnight try use [DESC] ancient battery big brick [SEQ_LEN] 2,unknown,0,0,2
MTK-3695,Loses charge while navigating,A weak car charger cannot feed maps plus screen.,use rated car charger → lower brightness → close apps,"{'text': 'charge loses navigating while', 'platforms': [], 'codes': [], 'hw_module': 'unknown', 'tech_keywords': []}","{'text': 'apps brightness car charger close lower rated use', 'procedures': [], 'sequence_length': 2}","{'text': 'car charger feed map plus screen weak', 'platforms': [], 'codes': [], 'hw_module': 'unknown', 'tech_keywords': [], 'token_count': 7}",[TITLE] charge loses navigating while [STEPS] apps brightness car charger close lower rated use [DESC] car charger feed map plus screen weak [SEQ_LEN] 2,unknown,0,0,2
MTK-3696,Tablet charger crawls,An old 5W brick just trickles.,use original brick → check cable → be patient,"{'text': 'charger crawls tablet', 'platforms': [], 'codes': [], 'hw_module': 'unknown', 'tech_keywords': []}","{'text': 'be brick cable check original patient use', 'procedures': [], 'sequence_length': 2}","{'text': 'brick old trickle', 'platforms': [], 'codes': [], 'hw_module': 'unknown', 'tech_keywords': [], 'token_count': 3}",[TITLE] charger crawls tablet [STEPS] be brick cable check original patient use [DESC] brick old trickle [SEQ_LEN] 2,unknown,0,0,2
MTK-3697,Stuck at 90 for an hour,Top-off trickle plus smart-charge hold.,wait a bit → disable smart charge → leave plugged,"{'text': '90 an at for hour stuck', 'platforms': [], 'codes': [], 'hw_module': 'unknown', 'tech_keywords': []}","{'text': 'bit charge disable leave plugged smart wait', 'procedures': [], 'sequence_length': 2}","{'text': 'charge hold plus smart trickle', 'platforms': [], 'codes': [], 'hw_module': 'unknown', 'tech_keywords': [], 'token_count': 5}",[TITLE] 90 an at for hour stuck [STEPS] bit charge disable leave plugged smart wait [DESC] charge hold plus smart trickle [SEQ_LEN] 2,unknown,0,0,2
MTK-3698,Full but drops fast,A shown 100 is really 92.,calibrate battery → wait full → unplug fresh,"{'text': 'but drops fast full', 'platforms': [], 'codes': [], 'hw_module': 'unknown', 'tech_keywords': []}","{'text': 'battery calibrate fresh full unplug wait', 'procedures': [], 'sequence_length': 2}","{'text': '100 show', 'platforms': [], 'codes': [], 'hw_module': 'unknown', 'tech_keywords': [], 'token_count': 2}",[TITLE] but drops fast full [STEPS] battery calibrate fresh full unplug wait [DESC] 100 show [SEQ_LEN] 2,unknown,0,0,2
MTK-3699,Never shows 100 anymore,Capped at 85 by battery protection.,turn off protection → wait full → leave capped for health,"{'text': '100 anymore never shows', 'platforms': [], 'codes': [], 'hw_module': 'unknown', 'tech_keywords': []}","{'text': 'capped for full health leave off protection turn wait', 'procedures': [], 'sequence_length': 2}","{'text': 'battery cap protection', 'platforms': [], 'codes': [], 'hw_module': 'unknown', 'tech_keywords': [], 'token_count': 3}",[TITLE] 100 anymore never shows [STEPS] capped for full health leave off protection turn wait [DESC] battery cap protection [SEQ_LEN] 2,unknown,0,0,2
